split,image_member,json_member,image_name,folder_major,folder_detail,folder_target_class,width,height,meta_width,meta_height,resolution_match,place,day_night,bounding_count_declared,bounding_count_json,valid_object_count,target_is_annotated,unknown_object_count,sha1,keep_for_processed,exclude_reason
Training,Training/images/고철류/고철/12_X001_C024_1123/12_X001_C024_1123_1.jpg,Training/labels/고철류/고철/12_X001_C024_1123/12_X001_C024_1123_1.json,12_X001_C024_1123_1.jpg,고철류,고철,고철류/고철,1920,1080,1920,1080,True,실외,주간,1,1,1,True,0,01875ab388c5d44915c4fbbd93d3a5ab388dcaa2,True,
Training,Training/images/고철류/고철/12_X002_C023_1211/12_X002_C023_1211_4.jpg,Training/labels/고철류/고철/12_X002_C023_1211/12_X002_C023_1211_4.json,12_X002_C023_1211_4.jpg,고철류,고철,고철류/고철,1920,1080,1920,1080,True,실외,주간,2,2,2,True,0,1a05eb7bb1de0ea40cbb8f54212d0e30bc19a906,True,
Training,Training/images/고철류/고철/12_X003_C044_1105/12_X003_C044_1105_0.jpg,Training/labels/고철류/고철/12_X003_C044_1105/12_X003_C044_1105_0.json,12_X003_C044_1105_0.jpg,고철류,고철,고철류/고철,4032,3024,4032,3024,True,실외,주간,1,1,1,True,0,caf2616a9d5ec82788b0ce97e0445b8b575d0533,True,
Training,Training/images/고철류/고철/12_X004_C055_1027/12_X004_C055_1027_4.jpg,Training/labels/고철류/고철/12_X004_C055_1027/12_X004_C055_1027_4.json,12_X004_C055_1027_4.jpg,고철류,고철,고철류/고철,1920,1440,1920,1440,True,실외,주간,1,1,1,True,0,d3dd3ee9e222f429ab78db9f2a8fe9fd0efb67f9,True,
Training,Training/images/고철류/고철/12_X006_C195_1117/12_X006_C195_1117_3.jpg,Training/labels/고철류/고철/12_X006_C195_1117/12_X006_C195_1117_3.json,12_X006_C195_1117_3.jpg,고철류,고철,고철류/고철,1920,1440,1920,1440,True,실외,주간,1,1,1,True,0,2a28508c3019f6e0d4f82dd7a64417ad6a65580b,True,
Training,Training/images/고철류/고철/12_X009_C024_1214/12_X009_C024_1214_5.jpg,Training/labels/고철류/고철/12_X009_C024_1214/12_X009_C024_1214_5.json,12_X009_C024_1214_5.jpg,고철류,고철,고철류/고철,1920,1080,1920,1080,True,실외,주간,2,2,2,True,0,a4b36a4013887613a16127d562325a7ce6bb4833,True,
Training,Training/images/고철류/고철/12_X010_C193_1208/12_X010_C193_1208_4.jpg,Training/labels/고철류/고철/12_X010_C193_1208/12_X010_C193_1208_4.json,12_X010_C193_1208_4.jpg,고철류,고철,고철류/고철,1920,1440,1920,1440,True,실외,주간,2,2,2,True,0,db27bafb0cfa8f18e4f740cc4bc8fd9e6d399363,True,
Training,Training/images/고철류/고철/12_X046_C900_1218/12_X046_C900_1218_0.jpg,Training/labels/고철류/고철/12_X046_C900_1218/12_X046_C900_1218_0.json,12_X046_C900_1218_0.jpg,고철류,고철,고철류/고철,1920,1920,1920,1920,True,실외,주간,1,1,1,True,0,c49797c01d2e881f58c494869f35ecabe9dde48b,True,
Training,Training/images/고철류/고철/12_X058_C803_0218/12_X058_C803_0218_2.jpg,Training/labels/고철류/고철/12_X058_C803_0218/12_X058_C803_0218_2.json,12_X058_C803_0218_2.jpg,고철류,고철,고철류/고철,1922,1081,1922,1081,True,실외,주간,1,1,1,True,0,7467f38e6e779f41ed2e1c6f8fc16dbff5505b5b,True,
Training,Training/images/고철류/골프채/12_X011_C976_0319/12_X011_C976_0319_0.jpg,Training/labels/고철류/골프채/12_X011_C976_0319/12_X011_C976_0319_0.json,12_X011_C976_0319_0.jpg,고철류,골프채,고철류/골프채,1440,1921,1440,1921,True,실외,주간,1,1,1,True,0,767536bd6ca6e58746417c83f83d0a26738da420,True,
Training,Training/images/고철류/골프채/12_X011_C979_0319/12_X011_C979_0319_3.jpg,Training/labels/고철류/골프채/12_X011_C979_0319/12_X011_C979_0319_3.json,12_X011_C979_0319_3.jpg,고철류,골프채,고철류/골프채,1921,1080,1921,1080,True,실외,주간,1,1,1,True,0,3fbf3a7b1d65f5ca0f0776497b4ba73c4f0d2f50,True,
Training,Training/images/고철류/골프채/12_X014_C500_0319/12_X014_C500_0319_4.jpg,Training/labels/고철류/골프채/12_X014_C500_0319/12_X014_C500_0319_4.json,12_X014_C500_0319_4.jpg,고철류,골프채,고철류/골프채,1440,1921,1440,1921,True,실외,주간,1,1,1,True,0,418f0b51b2c4123eafeb87f61915b646fe5d19f8,True,
Training,Training/images/고철류/골프채/12_X024_C979_0318/12_X024_C979_0318_0.jpg,Training/labels/고철류/골프채/12_X024_C979_0318/12_X024_C979_0318_0.json,12_X024_C979_0318_0.jpg,고철류,골프채,고철류/골프채,1921,1080,1921,1080,True,실외,주간,1,1,1,True,0,0cb2815e3764a68791bf1a3f96bbda06372136f4,True,
Training,Training/images/고철류/골프채/12_X027_C509_0328/12_X027_C509_0328_0.jpg,Training/labels/고철류/골프채/12_X027_C509_0328/12_X027_C509_0328_0.json,12_X027_C509_0328_0.jpg,고철류,골프채,고철류/골프채,1921,1440,1921,1440,True,실외,주간,1,1,1,True,0,23d1a41f01ba8b0f0cd304d7caee4db2f1942cb3,True,
Training,Training/images/고철류/골프채/12_X029_C973_0319/12_X029_C973_0319_3.jpg,Training/labels/고철류/골프채/12_X029_C973_0319/12_X029_C973_0319_3.json,12_X029_C973_0319_3.jpg,고철류,골프채,고철류/골프채,1440,1921,1440,1921,True,실외,주간,1,1,1,True,0,da27f0ec8e195639b19d7ffe26bc599483f0c25f,True,
Training,Training/images/고철류/골프채/12_X095_C973_0318/12_X095_C973_0318_3.jpg,Training/labels/고철류/골프채/12_X095_C973_0318/12_X095_C973_0318_3.json,12_X095_C973_0318_3.jpg,고철류,골프채,고철류/골프채,1921,1440,1921,1440,True,실외,주간,1,1,1,True,0,7f4bc9ae4fb7492524b5f149df097b73ef44c382,True,
Training,Training/images/고철류/골프채/12_X105_C500_0319/12_X105_C500_0319_4.jpg,Training/labels/고철류/골프채/12_X105_C500_0319/12_X105_C500_0319_4.json,12_X105_C500_0319_4.jpg,고철류,골프채,고철류/골프채,1440,1921,1440,1921,True,실외,주간,1,1,1,True,0,e71cd0d96be99bbd863d8c98793bec86dd70e4d1,True,
Training,Training/images/고철류/골프채/12_X169_C500_0319/12_X169_C500_0319_0.jpg,Training/labels/고철류/골프채/12_X169_C500_0319/12_X169_C500_0319_0.json,12_X169_C500_0319_0.jpg,고철류,골프채,고철류/골프채,1440,1921,1440,1921,True,실외,주간,1,1,1,True,0,82a675eb9547983eca9136639e5ba04732859003,True,
Training,Training/images/고철류/기타/12_X001_C055_0131/12_X001_C055_0131_1.jpg,Training/labels/고철류/기타/12_X001_C055_0131/12_X001_C055_0131_1.json,12_X001_C055_0131_1.jpg,고철류,기타,고철류/기타,1922,1081,1922,1081,True,실외,주간,1,1,1,True,0,c65fafb43a7689e40b544dfbc3009e8e41002eb9,True,
Training,Training/images/고철류/기타/12_X005_C323_0201/12_X005_C323_0201_3.jpg,Training/labels/고철류/기타/12_X005_C323_0201/12_X005_C323_0201_3.json,12_X005_C323_0201_3.jpg,고철류,기타,고철류/기타,1922,1081,1922,1081,True,실외,주간,1,1,1,True,0,5b67a89a8156853d9f8fc05e53d95a01523ad148,True,
Training,Training/images/고철류/기타/12_X006_C055_0131/12_X006_C055_0131_3.jpg,Training/labels/고철류/기타/12_X006_C055_0131/12_X006_C055_0131_3.json,12_X006_C055_0131_3.jpg,고철류,기타,고철류/기타,1922,1081,1922,1081,True,실외,주간,1,1,1,True,0,abd1b9e55f985a8af30f5dc352477dd9cda87c8d,True,
Training,Training/images/고철류/기타/12_X008_C058_0201/12_X008_C058_0201_2.jpg,Training/labels/고철류/기타/12_X008_C058_0201/12_X008_C058_0201_2.json,12_X008_C058_0201_2.jpg,고철류,기타,고철류/기타,1921,1440,1921,1440,True,실외,주간,1,1,1,True,0,e7683b4c9e1ba8d48423482c92ab2942259e95f1,True,
Training,Training/images/고철류/기타/12_X010_C055_0129/12_X010_C055_0129_4.jpg,Training/labels/고철류/기타/12_X010_C055_0129/12_X010_C055_0129_4.json,12_X010_C055_0129_4.jpg,고철류,기타,고철류/기타,1922,1081,1922,1081,True,실외,주간,1,1,1,True,0,bde3cab03fda13b3dee18b1b7e377df622bb958f,True,
Training,Training/images/고철류/기타/12_X012_C058_0201/12_X012_C058_0201_0.jpg,Training/labels/고철류/기타/12_X012_C058_0201/12_X012_C058_0201_0.json,12_X012_C058_0201_0.jpg,고철류,기타,고철류/기타,1921,1440,1921,1440,True,실외,주간,1,1,1,True,0,f9f3bc870f4adadef93ebce81590bf42b35f5cae,True,
Training,Training/images/고철류/기타/12_X014_C058_0201/12_X014_C058_0201_4.jpg,Training/labels/고철류/기타/12_X014_C058_0201/12_X014_C058_0201_4.json,12_X014_C058_0201_4.jpg,고철류,기타,고철류/기타,1921,1440,1921,1440,True,실외,주간,1,1,1,True,0,080364b17ea75fd3fcdf7ee8322fff4b65c6bf2a,True,
Training,Training/images/고철류/기타/12_X019_C171_0129/12_X019_C171_0129_3.jpg,Training/labels/고철류/기타/12_X019_C171_0129/12_X019_C171_0129_3.json,12_X019_C171_0129_3.jpg,고철류,기타,고철류/기타,1921,1440,1921,1440,True,실외,주간,1,1,1,True,0,cd9ac86634f6758d27966be5ba4a0900263f1be2,True,
Training,Training/images/고철류/기타/12_X022_C171_0129/12_X022_C171_0129_1.jpg,Training/labels/고철류/기타/12_X022_C171_0129/12_X022_C171_0129_1.json,12_X022_C171_0129_1.jpg,고철류,기타,고철류/기타,1921,1440,1921,1440,True,실외,주간,1,1,1,True,0,2f14cc1b1b3de079af1b0c1d76d839733afcd5e6,True,
Training,Training/images/고철류/비철금속/12_X001_C022_0928/12_X001_C022_0928_0.jpg,Training/labels/고철류/비철금속/12_X001_C022_0928/12_X001_C022_0928_0.json,12_X001_C022_0928_0.jpg,고철류,비철금속,고철류/비철금속,1920,1440,1920,1440,True,실외,주간,1,1,1,True,0,9784ac0559af486aef0219c0d09d2577dc90236a,True,
Training,Training/images/고철류/비철금속/12_X001_C162_1111/12_X001_C162_1111_2.jpg,Training/labels/고철류/비철금속/12_X001_C162_1111/12_X001_C162_1111_2.json,12_X001_C162_1111_2.jpg,고철류,비철금속,고철류/비철금속,1920,1440,1920,1440,True,실외,주간,1,1,1,True,0,c06bf53218335b7767614b217d74565c6eac68b9,True,
Training,Training/images/고철류/비철금속/12_X001_C205_1005/12_X001_C205_1005_1.jpg,Training/labels/고철류/비철금속/12_X001_C205_1005/12_X001_C205_1005_1.json,12_X001_C205_1005_1.jpg,고철류,비철금속,고철류/비철금속,1920,1080,1920,1080,True,실외,주간,1,1,1,True,0,82c58d68f86b7ffae030d0355967483a0744ae3b,True,
Training,Training/images/고철류/비철금속/12_X004_C026_0924/12_X004_C026_0924_0.jpg,Training/labels/고철류/비철금속/12_X004_C026_0924/12_X004_C026_0924_0.json,12_X004_C026_0924_0.jpg,고철류,비철금속,고철류/비철금속,1920,1440,1920,1440,True,실외,주간,1,1,1,True,0,dbcbfb9c0d2f977b2a2858679276e1c3765e8745,True,
Training,Training/images/고철류/비철금속/12_X006_C189_1112/12_X006_C189_1112_1.jpg,Training/labels/고철류/비철금속/12_X006_C189_1112/12_X006_C189_1112_1.json,12_X006_C189_1112_1.jpg,고철류,비철금속,고철류/비철금속,1920,1920,1920,1920,True,실외,주간,1,1,1,True,0,3c6848e4f3aff8a78178bacd00544c5e0fb6bdf2,True,
Training,Training/images/고철류/비철금속/12_X008_C709_1215/12_X008_C709_1215_0.jpg,Training/labels/고철류/비철금속/12_X008_C709_1215/12_X008_C709_1215_0.json,12_X008_C709_1215_0.jpg,고철류,비철금속,고철류/비철금속,1920,1440,1920,1440,True,실외,주간,1,1,1,True,0,857e1a543215d24fc9dfa8fb902488f99f338173,True,
Training,Training/images/고철류/비철금속/12_X010_C324_1123/12_X010_C324_1123_3.jpg,Training/labels/고철류/비철금속/12_X010_C324_1123/12_X010_C324_1123_3.json,12_X010_C324_1123_3.jpg,고철류,비철금속,고철류/비철금속,1920,1440,1920,1440,True,실외,주간,1,1,1,True,0,40dc98cdeee519699587e4aa1e2ba662fe82ed09,True,
Training,Training/images/고철류/비철금속/12_X011_C187_1112/12_X011_C187_1112_2.jpg,Training/labels/고철류/비철금속/12_X011_C187_1112/12_X011_C187_1112_2.json,12_X011_C187_1112_2.jpg,고철류,비철금속,고철류/비철금속,1920,1440,1920,1440,True,실외,주간,1,1,1,True,0,f178ee67e0ff92c89ae1df0b5d6bab4794ddaf09,True,
Training,Training/images/고철류/비철금속/12_X024_C053_1111/12_X024_C053_1111_0.jpg,Training/labels/고철류/비철금속/12_X024_C053_1111/12_X024_C053_1111_0.json,12_X024_C053_1111_0.jpg,고철류,비철금속,고철류/비철금속,1920,1080,1920,1080,True,실외,주간,1,1,1,True,0,8cd9b62c2e37abe9ff0799d0dc723a7c0494144a,True,
Training,Training/images/고철류/전기프라이팬/12_X001_C058_0202/12_X001_C058_0202_2.jpg,Training/labels/고철류/전기프라이팬/12_X001_C058_0202/12_X001_C058_0202_2.json,12_X001_C058_0202_2.jpg,고철류,전기프라이팬,고철류/전기프라이팬,1921,1440,1921,1440,True,실내,주간,2,2,2,True,0,946f96c4ce8a7313fa3648d966da9004d1b80329,True,
Training,Training/images/고철류/전기프라이팬/12_X001_C163_0108/12_X001_C163_0108_4.jpg,Training/labels/고철류/전기프라이팬/12_X001_C163_0108/12_X001_C163_0108_4.json,12_X001_C163_0108_4.jpg,고철류,전기프라이팬,고철류/전기프라이팬,1921,1440,1921,1440,True,실외,주간,1,1,1,True,0,1dd8417447ccf47b61a635ab65be9ca58d517b8f,True,
Training,Training/images/고철류/전기프라이팬/12_X001_C171_1007/12_X001_C171_1007_3.jpg,Training/labels/고철류/전기프라이팬/12_X001_C171_1007/12_X001_C171_1007_3.json,12_X001_C171_1007_3.jpg,고철류,전기프라이팬,고철류/전기프라이팬,1920,1440,1920,1440,True,실외,주간,1,1,1,True,0,7fc5bf947ef4f42efe1961ce3163ae8d6aec3c63,True,
Training,Training/images/고철류/전기프라이팬/12_X005_C187_1023/12_X005_C187_1023_1.jpg,Training/labels/고철류/전기프라이팬/12_X005_C187_1023/12_X005_C187_1023_1.json,12_X005_C187_1023_1.jpg,고철류,전기프라이팬,고철류/전기프라이팬,1920,1440,1920,1440,True,실외,주간,1,1,1,True,0,d0e1d0fa1bfce679241f007d91c60ebe79f088d7,True,
Training,Training/images/고철류/전기프라이팬/12_X009_C024_1112/12_X009_C024_1112_0.jpg,Training/labels/고철류/전기프라이팬/12_X009_C024_1112/12_X009_C024_1112_0.json,12_X009_C024_1112_0.jpg,고철류,전기프라이팬,고철류/전기프라이팬,1920,1440,1920,1440,True,실외,주간,1,1,1,True,0,c336f371281617129e45fe5bcd7f89740d7629b3,True,
Training,Training/images/고철류/전기프라이팬/12_X009_C193_1116/12_X009_C193_1116_0.jpg,Training/labels/고철류/전기프라이팬/12_X009_C193_1116/12_X009_C193_1116_0.json,12_X009_C193_1116_0.jpg,고철류,전기프라이팬,고철류/전기프라이팬,1920,1440,1920,1440,True,실외,주간,1,1,1,True,0,f03830a81f22bca5abba408f5b0cf0bf79cc0e62,True,
Training,Training/images/고철류/전기프라이팬/12_X012_C188_1127/12_X012_C188_1127_2.jpg,Training/labels/고철류/전기프라이팬/12_X012_C188_1127/12_X012_C188_1127_2.json,12_X012_C188_1127_2.jpg,고철류,전기프라이팬,고철류/전기프라이팬,1920,1440,1920,1440,True,실외,주간,1,1,1,True,0,51e89bd4d059d92a1fadf06d94fd3687612f952f,True,
Training,Training/images/고철류/전기프라이팬/12_X012_C331_1117/12_X012_C331_1117_1.jpg,Training/labels/고철류/전기프라이팬/12_X012_C331_1117/12_X012_C331_1117_1.json,12_X012_C331_1117_1.jpg,고철류,전기프라이팬,고철류/전기프라이팬,1921,1440,1921,1440,True,실외,주간,1,1,1,True,0,56e30e239396397c1ea88685abc30c6a1a1c9e22,True,
Training,Training/images/고철류/전기프라이팬/12_X062_C709_1216/12_X062_C709_1216_2.jpg,Training/labels/고철류/전기프라이팬/12_X062_C709_1216/12_X062_C709_1216_2.json,12_X062_C709_1216_2.jpg,고철류,전기프라이팬,고철류/전기프라이팬,1920,1440,1920,1440,True,실외,주간,1,1,1,True,0,624a8ed301fef8bff75fc2e789c6f4488b6cdb50,True,
Training,Training/images/고철류/주전자/12_X001_C331_1210/12_X001_C331_1210_4.jpg,Training/labels/고철류/주전자/12_X001_C331_1210/12_X001_C331_1210_4.json,12_X001_C331_1210_4.jpg,고철류,주전자,고철류/주전자,1920,1440,1920,1440,True,실외,주간,2,2,2,True,0,c92207f5c04045ae635aa9c6ca05bd1ca1558618,True,
Training,Training/images/고철류/주전자/12_X001_C333_1110/12_X001_C333_1110_2.jpg,Training/labels/고철류/주전자/12_X001_C333_1110/12_X001_C333_1110_2.json,12_X001_C333_1110_2.jpg,고철류,주전자,고철류/주전자,2283,1080,2283,1080,True,실외,주간,1,1,1,True,0,fd466b6de593b6b0ecf6821e53285e55956fab90,True,
Training,Training/images/고철류/주전자/12_X002_C194_1023/12_X002_C194_1023_0.jpg,Training/labels/고철류/주전자/12_X002_C194_1023/12_X002_C194_1023_0.json,12_X002_C194_1023_0.jpg,고철류,주전자,고철류/주전자,1920,1080,1920,1080,True,실외,주간,1,1,1,True,0,6c3b0544993560e19bbc4fcd9bbfa65f761a11e0,True,
Training,Training/images/고철류/주전자/12_X005_C189_1123/12_X005_C189_1123_0.jpg,Training/labels/고철류/주전자/12_X005_C189_1123/12_X005_C189_1123_0.json,12_X005_C189_1123_0.jpg,고철류,주전자,고철류/주전자,1920,1920,1920,1920,True,실외,주간,1,1,1,True,0,9b3a8eafd2b29c9fa9a5c580da56c0ad7212258e,True,
Training,Training/images/고철류/주전자/12_X006_C331_1118/12_X006_C331_1118_4.jpg,Training/labels/고철류/주전자/12_X006_C331_1118/12_X006_C331_1118_4.json,12_X006_C331_1118_4.jpg,고철류,주전자,고철류/주전자,1920,1440,1920,1440,True,실외,주간,1,1,1,True,0,9428679cca5da35cef7e4991ca1915a315cde6fa,True,
Training,Training/images/고철류/주전자/12_X008_C058_1105/12_X008_C058_1105_1.jpg,Training/labels/고철류/주전자/12_X008_C058_1105/12_X008_C058_1105_1.json,12_X008_C058_1105_1.jpg,고철류,주전자,고철류/주전자,1920,1440,1920,1440,True,실외,주간,1,1,1,True,0,f6c6f680edfe0caf8bf1848673b494c46a142ce4,True,
Training,Training/images/고철류/주전자/12_X009_C172_1127/12_X009_C172_1127_3.jpg,Training/labels/고철류/주전자/12_X009_C172_1127/12_X009_C172_1127_3.json,12_X009_C172_1127_3.jpg,고철류,주전자,고철류/주전자,1920,1440,1920,1440,True,실외,주간,1,1,1,True,0,b90b28edfae95cba2bb102a0bad22359ac9d90b7,True,
Training,Training/images/고철류/주전자/12_X011_C178_1127/12_X011_C178_1127_4.jpg,Training/labels/고철류/주전자/12_X011_C178_1127/12_X011_C178_1127_4.json,12_X011_C178_1127_4.jpg,고철류,주전자,고철류/주전자,1921,1440,1921,1440,True,실외,주간,1,1,1,True,0,71295fb5918876a9d20dff7223601dfc500080e7,True,
Training,Training/images/고철류/주전자/12_X021_C172_0107/12_X021_C172_0107_2.jpg,Training/labels/고철류/주전자/12_X021_C172_0107/12_X021_C172_0107_2.json,12_X021_C172_0107_2.jpg,고철류,주전자,고철류/주전자,1920,1440,1920,1440,True,실외,주간,1,1,1,True,0,3bf83221f8d1339e7205ae537e9129ddecb8f263,True,
Training,Training/images/고철류/철옷걸이/12_X001_C211_1208/12_X001_C211_1208_3.jpg,Training/labels/고철류/철옷걸이/12_X001_C211_1208/12_X001_C211_1208_3.json,12_X001_C211_1208_3.jpg,고철류,철옷걸이,고철류/철옷걸이,1920,1440,1920,1440,True,실외,주간,2,2,2,True,0,4163fde005b42d276c434dd1667f20bcefdebbe0,True,
Training,Training/images/고철류/철옷걸이/12_X003_C163_1202/12_X003_C163_1202_2.jpg,Training/labels/고철류/철옷걸이/12_X003_C163_1202/12_X003_C163_1202_2.json,12_X003_C163_1202_2.jpg,고철류,철옷걸이,고철류/철옷걸이,1920,1440,1920,1440,True,실외,주간,2,2,2,True,0,89b887d32b543cc208237e5018eaeacfc2b98873,True,
Training,Training/images/고철류/철옷걸이/12_X006_C163_1207/12_X006_C163_1207_0.jpg,Training/labels/고철류/철옷걸이/12_X006_C163_1207/12_X006_C163_1207_0.json,12_X006_C163_1207_0.jpg,고철류,철옷걸이,고철류/철옷걸이,1920,1440,1920,1440,True,실외,주간,2,2,2,True,0,50438f85fc3cdf42539edea07195065116afba08,True,
Training,Training/images/고철류/철옷걸이/12_X006_C169_1123/12_X006_C169_1123_4.jpg,Training/labels/고철류/철옷걸이/12_X006_C169_1123/12_X006_C169_1123_4.json,12_X006_C169_1123_4.jpg,고철류,철옷걸이,고철류/철옷걸이,1921,1081,1921,1081,True,실외,주간,1,1,1,True,0,0358b0641784e78945a755ed0283414cfb58af07,True,
Training,Training/images/고철류/철옷걸이/12_X008_C052_1022/12_X008_C052_1022_2.jpg,Training/labels/고철류/철옷걸이/12_X008_C052_1022/12_X008_C052_1022_2.json,12_X008_C052_1022_2.jpg,고철류,철옷걸이,고철류/철옷걸이,1920,1440,1920,1440,True,실외,주간,1,1,1,True,0,5e727e8aa09ff6e7067ea1c897ca3fba9f3959ba,True,
Training,Training/images/고철류/철옷걸이/12_X008_C169_1120/12_X008_C169_1120_1.jpg,Training/labels/고철류/철옷걸이/12_X008_C169_1120/12_X008_C169_1120_1.json,12_X008_C169_1120_1.jpg,고철류,철옷걸이,고철류/철옷걸이,1920,1440,1920,1440,True,실외,주간,1,1,1,True,0,e020b1f4efbd2c09f56bd111a6e0a835693f04c0,True,
Training,Training/images/고철류/철옷걸이/12_X025_C193_1123/12_X025_C193_1123_1.jpg,Training/labels/고철류/철옷걸이/12_X025_C193_1123/12_X025_C193_1123_1.json,12_X025_C193_1123_1.jpg,고철류,철옷걸이,고철류/철옷걸이,1920,1440,1920,1440,True,실외,주간,1,1,1,True,0,81908c88a05b982dff906fb4213d11e81e9333f9,True,
Training,Training/images/고철류/철옷걸이/12_X062_C509_0409/12_X062_C509_0409_3.jpg,Training/labels/고철류/철옷걸이/12_X062_C509_0409/12_X062_C509_0409_3.json,12_X062_C509_0409_3.jpg,고철류,철옷걸이,고철류/철옷걸이,1921,1440,1921,1440,True,실내,주간,1,1,1,True,0,6dde6b0f0fd9ab8b6eba201b259da7ecfb0855a6,True,
Training,Training/images/고철류/철옷걸이/12_X087_C058_0129/12_X087_C058_0129_0.jpg,Training/labels/고철류/철옷걸이/12_X087_C058_0129/12_X087_C058_0129_0.json,12_X087_C058_0129_0.jpg,고철류,철옷걸이,고철류/철옷걸이,1921,1440,1921,1440,True,실외,주간,1,1,1,True,0,a3cfbb303ba8006b5aab486b4bd02232c86336a1,True,
Training,Training/images/고철류/프라이팬/12_X001_C169_1102/12_X001_C169_1102_1.jpg,Training/labels/고철류/프라이팬/12_X001_C169_1102/12_X001_C169_1102_1.json,12_X001_C169_1102_1.jpg,고철류,프라이팬,고철류/프라이팬,1920,1440,1920,1440,True,실외,주간,1,1,1,True,0,42bcc732c4bf4117045b016d873dc2c8712a80e3,True,
Training,Training/images/고철류/프라이팬/12_X001_C190_1113/12_X001_C190_1113_3.jpg,Training/labels/고철류/프라이팬/12_X001_C190_1113/12_X001_C190_1113_3.json,12_X001_C190_1113_3.jpg,고철류,프라이팬,고철류/프라이팬,1920,1440,1920,1440,True,실외,주간,1,1,1,True,0,08fa08bf1d586a12392033bfdd3a870f21c86c75,True,
Training,Training/images/고철류/프라이팬/12_X002_C331_1127/12_X002_C331_1127_3.jpg,Training/labels/고철류/프라이팬/12_X002_C331_1127/12_X002_C331_1127_3.json,12_X002_C331_1127_3.jpg,고철류,프라이팬,고철류/프라이팬,1920,1440,1920,1440,True,실외,주간,1,1,1,True,0,61ba4846832ae4c9dcf2169c4bfd61ddfbec7a27,True,
Training,Training/images/고철류/프라이팬/12_X005_C015_1119/12_X005_C015_1119_4.jpg,Training/labels/고철류/프라이팬/12_X005_C015_1119/12_X005_C015_1119_4.json,12_X005_C015_1119_4.jpg,고철류,프라이팬,고철류/프라이팬,1920,1080,1920,1080,True,실외,주간,1,1,1,True,0,39746f7bb88b85bbb98e1a253995f946c0cabe3b,True,
Training,Training/images/고철류/프라이팬/12_X008_C331_1103/12_X008_C331_1103_1.jpg,Training/labels/고철류/프라이팬/12_X008_C331_1103/12_X008_C331_1103_1.json,12_X008_C331_1103_1.jpg,고철류,프라이팬,고철류/프라이팬,1920,1440,1920,1440,True,실외,주간,1,1,1,True,0,f5de209f03b3401471b8d8aab409a4edb159c57d,True,
Training,Training/images/고철류/프라이팬/12_X013_C172_0127/12_X013_C172_0127_3.jpg,Training/labels/고철류/프라이팬/12_X013_C172_0127/12_X013_C172_0127_3.json,12_X013_C172_0127_3.jpg,고철류,프라이팬,고철류/프라이팬,1921,1440,1921,1440,True,실외,주간,1,1,1,True,0,dfea525c6e642d271d82bc6554b5a8cfe8530258,True,
Training,Training/images/고철류/프라이팬/12_X019_C058_1127/12_X019_C058_1127_0.jpg,Training/labels/고철류/프라이팬/12_X019_C058_1127/12_X019_C058_1127_0.json,12_X019_C058_1127_0.jpg,고철류,프라이팬,고철류/프라이팬,1920,1440,1920,1440,True,실외,주간,1,1,1,True,0,0af19507d6978ea03274ca5f3417701e67fdf64a,True,
Training,Training/images/고철류/프라이팬/12_X043_C520_0414/12_X043_C520_0414_1.jpg,Training/labels/고철류/프라이팬/12_X043_C520_0414/12_X043_C520_0414_1.json,12_X043_C520_0414_1.jpg,고철류,프라이팬,고철류/프라이팬,1920,1080,1920,1080,True,실외,주간,1,1,1,True,0,cc66c5ca0a3567b0d311ae34d0b8b190e79d4208,True,
Training,Training/images/고철류/프라이팬/12_X049_C520_0414/12_X049_C520_0414_4.jpg,Training/labels/고철류/프라이팬/12_X049_C520_0414/12_X049_C520_0414_4.json,12_X049_C520_0414_4.jpg,고철류,프라이팬,고철류/프라이팬,1921,1440,1921,1440,True,실외,주간,1,1,1,True,0,2d88b437e3d19a90289c6e65df0b984367fcca4b,True,
Training,Training/images/나무/기타/13_X001_C187_1215/13_X001_C187_1215_2.jpg,Training/labels/나무/기타/13_X001_C187_1215/13_X001_C187_1215_2.json,13_X001_C187_1215_2.jpg,나무,기타,나무/기타,1920,1440,1920,1440,True,실외,주간,1,1,1,True,0,2d96d1f5d3269b6ec969fa9226ceab1757ef96c6,True,
Training,Training/images/나무/기타/13_X001_C806_0925/13_X001_C806_0925_2.jpg,Training/labels/나무/기타/13_X001_C806_0925/13_X001_C806_0925_2.json,13_X001_C806_0925_2.jpg,나무,기타,나무/기타,1440,1921,1440,1921,True,실외,주간,1,1,1,True,0,8bdc72a926a445445a7ef0bec6ae2380dd9d1bbe,True,
Training,Training/images/나무/기타/13_X002_C323_1214/13_X002_C323_1214_2.jpg,Training/labels/나무/기타/13_X002_C323_1214/13_X002_C323_1214_2.json,13_X002_C323_1214_2.jpg,나무,기타,나무/기타,1920,1080,1920,1080,True,실외,주간,2,2,2,True,0,8dc2803e71bf9cdb323f7fdc81ae471ab6567d7b,True,
Training,Training/images/나무/기타/13_X002_C509_0124/13_X002_C509_0124_4.jpg,Training/labels/나무/기타/13_X002_C509_0124/13_X002_C509_0124_4.json,13_X002_C509_0124_4.jpg,나무,기타,나무/기타,1921,1440,1921,1440,True,실외,주간,1,1,1,True,0,4003b75a5856d8860366184adbfbcae00c8dae5f,True,
Training,Training/images/나무/기타/13_X005_C801_0217/13_X005_C801_0217_2.jpg,Training/labels/나무/기타/13_X005_C801_0217/13_X005_C801_0217_2.json,13_X005_C801_0217_2.jpg,나무,기타,나무/기타,1921,1081,1921,1081,True,실외,주간,1,1,1,True,0,d7ab4bf69b5899edd64fbf3da133f89b6286de6d,True,
Training,Training/images/나무/기타/13_X009_C055_1211/13_X009_C055_1211_3.jpg,Training/labels/나무/기타/13_X009_C055_1211/13_X009_C055_1211_3.json,13_X009_C055_1211_3.jpg,나무,기타,나무/기타,1920,1080,1920,1080,True,실외,주간,2,2,2,True,0,51dd56f5a54601d14c3bb210a0aa4d13c7401b21,True,
Training,Training/images/나무/기타/13_X015_C802_0221/13_X015_C802_0221_2.jpg,Training/labels/나무/기타/13_X015_C802_0221/13_X015_C802_0221_2.json,13_X015_C802_0221_2.jpg,나무,기타,나무/기타,1921,1440,1921,1440,True,실외,주간,1,1,1,True,0,506cb964ca6a43f0476e2bef8b98a52d250f290d,True,
Training,Training/images/나무/기타/13_X018_C710_1215/13_X018_C710_1215_0.jpg,Training/labels/나무/기타/13_X018_C710_1215/13_X018_C710_1215_0.json,13_X018_C710_1215_0.jpg,나무,기타,나무/기타,1440,1920,1440,1920,True,실외,주간,1,1,1,True,0,a8060165b530f43569473fa0687d53dd47ea6aa3,True,
Training,Training/images/나무/기타/13_X052_C024_0224/13_X052_C024_0224_1.jpg,Training/labels/나무/기타/13_X052_C024_0224/13_X052_C024_0224_1.json,13_X052_C024_0224_1.jpg,나무,기타,나무/기타,1921,1080,1921,1080,True,실외,주간,2,2,2,True,0,69a332d6de69f054ddb60e3437731837051a024b,True,
Training,Training/images/나무/나무행거/13_X001_C033_1020/13_X001_C033_1020_1.jpg,Training/labels/나무/나무행거/13_X001_C033_1020/13_X001_C033_1020_1.json,13_X001_C033_1020_1.jpg,나무,나무행거,나무/나무행거,1920,1440,1920,1440,True,실외,주간,1,1,1,True,0,430153c8ba96913ff4899b9ac49ea09071e501b7,True,
Training,Training/images/나무/나무행거/13_X001_C042_1014/13_X001_C042_1014_0.jpg,Training/labels/나무/나무행거/13_X001_C042_1014/13_X001_C042_1014_0.json,13_X001_C042_1014_0.jpg,나무,나무행거,나무/나무행거,1920,1440,1920,1440,True,실외,주간,1,1,1,True,0,1346f73a2d23981c2d0fc92b4b39caf3bb77b06f,True,
Training,Training/images/나무/나무행거/13_X001_C323_0208/13_X001_C323_0208_0.jpg,Training/labels/나무/나무행거/13_X001_C323_0208/13_X001_C323_0208_0.json,13_X001_C323_0208_0.jpg,나무,나무행거,나무/나무행거,1922,1081,1922,1081,True,실외,주간,1,1,1,True,0,fc28297a9fee3bc7cb82b120e3e016b98c973ac5,True,
Training,Training/images/나무/나무행거/13_X001_C323_1202/13_X001_C323_1202_4.jpg,Training/labels/나무/나무행거/13_X001_C323_1202/13_X001_C323_1202_4.json,13_X001_C323_1202_4.jpg,나무,나무행거,나무/나무행거,1920,1080,1920,1080,True,실외,주간,1,1,1,True,0,76729f83a3477ae9b3f48100e34601324fd290fe,True,
Training,Training/images/나무/나무행거/13_X002_C509_1229/13_X002_C509_1229_1.jpg,Training/labels/나무/나무행거/13_X002_C509_1229/13_X002_C509_1229_1.json,13_X002_C509_1229_1.jpg,나무,나무행거,나무/나무행거,1920,1920,1920,1920,True,실외,주간,1,1,1,True,0,50f6a8c8df231aa7fdec53b22187f1ddc2a9336e,True,
Training,Training/images/나무/나무행거/13_X004_C704_1231/13_X004_C704_1231_4.jpg,Training/labels/나무/나무행거/13_X004_C704_1231/13_X004_C704_1231_4.json,13_X004_C704_1231_4.jpg,나무,나무행거,나무/나무행거,1920,1440,1920,1440,True,실외,주간,1,1,1,True,0,197502df80b0c6a577463a52c163442c800d6d28,True,
Training,Training/images/나무/나무행거/13_X005_C331_1117/13_X005_C331_1117_1.jpg,Training/labels/나무/나무행거/13_X005_C331_1117/13_X005_C331_1117_1.json,13_X005_C331_1117_1.jpg,나무,나무행거,나무/나무행거,1921,1440,1921,1440,True,실외,주간,1,1,1,True,0,baa54e1e16bb2619ae9312068af802feee07a4ab,True,
Training,Training/images/나무/나무행거/13_X011_C187_1215/13_X011_C187_1215_2.jpg,Training/labels/나무/나무행거/13_X011_C187_1215/13_X011_C187_1215_2.json,13_X011_C187_1215_2.jpg,나무,나무행거,나무/나무행거,1920,1440,1920,1440,True,실외,주간,1,1,1,True,0,d5d2e80a3c555ef48716ecdd7674b668b0b4a3e4,True,
Training,Training/images/나무/나무행거/13_X031_C211_0108/13_X031_C211_0108_4.jpg,Training/labels/나무/나무행거/13_X031_C211_0108/13_X031_C211_0108_4.json,13_X031_C211_0108_4.jpg,나무,나무행거,나무/나무행거,1920,1440,1920,1440,True,실외,주간,1,1,1,True,0,bdf58d2757e28c3e774c03172ec3349441951569,True,
Training,Training/images/나무/도마/13_X003_C332_1124/13_X003_C332_1124_2.jpg,Training/labels/나무/도마/13_X003_C332_1124/13_X003_C332_1124_2.json,13_X003_C332_1124_2.jpg,나무,도마,나무/도마,2162,1081,2162,1081,True,실외,주간,1,1,1,True,0,2bbe40b5e0752bf2a88854a35730da5ff17272ea,True,
Training,Training/images/나무/도마/13_X004_C052_1109/13_X004_C052_1109_2.jpg,Training/labels/나무/도마/13_X004_C052_1109/13_X004_C052_1109_2.json,13_X004_C052_1109_2.jpg,나무,도마,나무/도마,1920,1440,1920,1440,True,실외,주간,1,1,1,True,0,ec78039da5f00cc7bbe36719b6106d09cd5c44c7,True,
Training,Training/images/나무/도마/13_X005_C193_1201/13_X005_C193_1201_2.jpg,Training/labels/나무/도마/13_X005_C193_1201/13_X005_C193_1201_2.json,13_X005_C193_1201_2.jpg,나무,도마,나무/도마,1921,1440,1921,1440,True,실외,주간,1,1,1,True,0,72ee41ea4c73aa2f3392613032c5a6592a567fa9,True,
Training,Training/images/나무/도마/13_X005_C329_1124_5/13_X005_C329_1124_5_4.jpg,Training/labels/나무/도마/13_X005_C329_1124_5/13_X005_C329_1124_5_4.json,13_X005_C329_1124_5_4.jpg,나무,도마,나무/도마,1920,1920,1920,1920,True,실외,주간,1,1,1,True,0,7a3a12e2e39c6e34f14287a061371bb568f491ac,True,
Training,Training/images/나무/도마/13_X006_C554_0123/13_X006_C554_0123_0.jpg,Training/labels/나무/도마/13_X006_C554_0123/13_X006_C554_0123_0.json,13_X006_C554_0123_0.jpg,나무,도마,나무/도마,1920,1440,1920,1440,True,실외,주간,1,1,1,True,0,b974a4d7189ac531cfb82c8aebb5f2b558936ecd,True,
Training,Training/images/나무/도마/13_X007_C509_0329/13_X007_C509_0329_0.jpg,Training/labels/나무/도마/13_X007_C509_0329/13_X007_C509_0329_0.json,13_X007_C509_0329_0.jpg,나무,도마,나무/도마,1440,1921,1440,1921,True,실내,주간,1,1,1,True,0,679b4e777455244d721467d752ea67db8962fd68,True,
Training,Training/images/나무/도마/13_X008_C331_1106/13_X008_C331_1106_1.jpg,Training/labels/나무/도마/13_X008_C331_1106/13_X008_C331_1106_1.json,13_X008_C331_1106_1.jpg,나무,도마,나무/도마,1920,1440,1920,1440,True,실외,주간,1,1,1,True,0,69a1d848220beef991c0d2be640b994b1cc0a29c,True,
Training,Training/images/나무/도마/13_X014_C187_1215/13_X014_C187_1215_0.jpg,Training/labels/나무/도마/13_X014_C187_1215/13_X014_C187_1215_0.json,13_X014_C187_1215_0.jpg,나무,도마,나무/도마,1920,1440,1920,1440,True,실외,주간,1,1,1,True,0,38d78e922315bc9070fe92c88f5072471c94a1b1,True,
Training,Training/images/나무/도마/13_X156_C050_0227/13_X156_C050_0227_0.jpg,Training/labels/나무/도마/13_X156_C050_0227/13_X156_C050_0227_0.json,13_X156_C050_0227_0.jpg,나무,도마,나무/도마,1921,1080,1921,1080,True,실외,주간,1,1,1,True,0,f75a5ab4724987c6e8f460066151900060ea6b9b,True,
Training,Training/images/나무/액자/13_X001_C052_1026/13_X001_C052_1026_1.jpg,Training/labels/나무/액자/13_X001_C052_1026/13_X001_C052_1026_1.json,13_X001_C052_1026_1.jpg,나무,액자,나무/액자,1920,1440,1920,1440,True,실외,주간,1,1,1,True,0,066cb27f5129671e11710275e7077356adddc564,True,
Training,Training/images/나무/액자/13_X001_C187_1118/13_X001_C187_1118_1.jpg,Training/labels/나무/액자/13_X001_C187_1118/13_X001_C187_1118_1.json,13_X001_C187_1118_1.jpg,나무,액자,나무/액자,1920,1440,1920,1440,True,실외,주간,1,1,1,True,0,2f7a3911040b7b59bf2236afba366e343ad1d026,True,
Training,Training/images/나무/액자/13_X002_C331_1211/13_X002_C331_1211_3.jpg,Training/labels/나무/액자/13_X002_C331_1211/13_X002_C331_1211_3.json,13_X002_C331_1211_3.jpg,나무,액자,나무/액자,1920,1440,1920,1440,True,실외,주간,2,2,2,True,0,cf960742efc7784ca0dfe4cc153469e34092439d,True,
Training,Training/images/나무/액자/13_X006_C163_1118/13_X006_C163_1118_2.jpg,Training/labels/나무/액자/13_X006_C163_1118/13_X006_C163_1118_2.json,13_X006_C163_1118_2.jpg,나무,액자,나무/액자,1920,1080,1920,1080,True,실외,주간,1,1,1,True,0,5c3c387de8a98678ae6d0eaf14ccba879186f688,True,
Training,Training/images/나무/액자/13_X025_C042_0225/13_X025_C042_0225_3.jpg,Training/labels/나무/액자/13_X025_C042_0225/13_X025_C042_0225_3.json,13_X025_C042_0225_3.jpg,나무,액자,나무/액자,1921,1080,1921,1080,True,실외,주간,2,2,2,True,0,9c9fd9aed0bf2d8c30d28425f84f93d91cf71bbc,True,
Training,Training/images/나무/액자/13_X059_C500_0317/13_X059_C500_0317_4.jpg,Training/labels/나무/액자/13_X059_C500_0317/13_X059_C500_0317_4.json,13_X059_C500_0317_4.jpg,나무,액자,나무/액자,1921,1080,1921,1080,True,실외,주간,1,1,1,True,0,abcc128824da04287321ffe971e71300f725fbeb,True,
Training,Training/images/나무/액자/13_X194_C050_0224/13_X194_C050_0224_2.jpg,Training/labels/나무/액자/13_X194_C050_0224/13_X194_C050_0224_2.json,13_X194_C050_0224_2.jpg,나무,액자,나무/액자,1921,1080,1921,1080,True,실외,주간,2,2,2,True,0,c0c834dc85909051bfc239dccaa574587ad69826,True,
Training,Training/images/나무/액자/13_X198_C509_0314/13_X198_C509_0314_3.jpg,Training/labels/나무/액자/13_X198_C509_0314/13_X198_C509_0314_3.json,13_X198_C509_0314_3.jpg,나무,액자,나무/액자,1921,1440,1921,1440,True,실외,주간,1,1,1,True,0,1f865d53e432a8f93dc0a3358d48962a3c262e0f,True,
Training,Training/images/나무/액자/13_X268_C509_0314/13_X268_C509_0314_0.jpg,Training/labels/나무/액자/13_X268_C509_0314/13_X268_C509_0314_0.json,13_X268_C509_0314_0.jpg,나무,액자,나무/액자,1921,1440,1921,1440,True,실외,주간,1,1,1,True,0,5e95030ae9f787d69e4265a08472a4325b0f360e,True,
Training,Training/images/나무/장식품/13_X001_C024_1126/13_X001_C024_1126_3.jpg,Training/labels/나무/장식품/13_X001_C024_1126/13_X001_C024_1126_3.json,13_X001_C024_1126_3.jpg,나무,장식품,나무/장식품,1920,1080,1920,1080,True,실외,주간,1,1,1,True,0,8fc2eac43e6e9a50f0bc5986aec51e85c6daf6ff,True,
Training,Training/images/나무/장식품/13_X002_C187_1110/13_X002_C187_1110_0.jpg,Training/labels/나무/장식품/13_X002_C187_1110/13_X002_C187_1110_0.json,13_X002_C187_1110_0.jpg,나무,장식품,나무/장식품,1920,1440,1920,1440,True,실외,주간,1,1,1,True,0,2c3162b462b7a5b11fa6a7f1669bc5d51a96d528,True,
Training,Training/images/나무/장식품/13_X003_C042_1020/13_X003_C042_1020_1.jpg,Training/labels/나무/장식품/13_X003_C042_1020/13_X003_C042_1020_1.json,13_X003_C042_1020_1.jpg,나무,장식품,나무/장식품,1920,1440,1920,1440,True,실외,주간,1,1,1,True,0,ab3ba1f5544dd583073e8a3754fb48e29ce393fa,True,
Training,Training/images/나무/장식품/13_X003_C173_1118/13_X003_C173_1118_1.jpg,Training/labels/나무/장식품/13_X003_C173_1118/13_X003_C173_1118_1.json,13_X003_C173_1118_1.jpg,나무,장식품,나무/장식품,1920,1440,1920,1440,True,실외,주간,1,1,1,True,0,b29f37aceb40115778a8f2708e37d4b80a44e56d,True,
Training,Training/images/나무/장식품/13_X004_C162_1221/13_X004_C162_1221_4.jpg,Training/labels/나무/장식품/13_X004_C162_1221/13_X004_C162_1221_4.json,13_X004_C162_1221_4.jpg,나무,장식품,나무/장식품,1920,1440,1920,1440,True,실외,주간,1,1,1,True,0,e5575ee98a10f27b7b3679efa9d07088cd34bb6e,True,
Training,Training/images/나무/장식품/13_X017_C710_1218/13_X017_C710_1218_3.jpg,Training/labels/나무/장식품/13_X017_C710_1218/13_X017_C710_1218_3.json,13_X017_C710_1218_3.jpg,나무,장식품,나무/장식품,2221,1080,2221,1080,True,실외,주간,1,1,1,True,0,90d0c9f1f7cf43b78a48cfa9dbf56dadf4cb737d,True,
Training,Training/images/나무/장식품/13_X034_C509_0107/13_X034_C509_0107_1.jpg,Training/labels/나무/장식품/13_X034_C509_0107/13_X034_C509_0107_1.json,13_X034_C509_0107_1.jpg,나무,장식품,나무/장식품,1920,1440,1920,1440,True,실외,주간,1,1,1,True,0,f2609adf40c94db6e98344f4e67cc1784ff4c8d6,True,
Training,Training/images/나무/장식품/13_X039_C509_0315/13_X039_C509_0315_0.jpg,Training/labels/나무/장식품/13_X039_C509_0315/13_X039_C509_0315_0.json,13_X039_C509_0315_0.jpg,나무,장식품,나무/장식품,1921,1440,1921,1440,True,실외,주간,1,1,1,True,0,ce9a561bc063494f98fff55e8e054736ad2ec62f,True,
Training,Training/images/나무/장식품/13_X043_C163_0108/13_X043_C163_0108_2.jpg,Training/labels/나무/장식품/13_X043_C163_0108/13_X043_C163_0108_2.json,13_X043_C163_0108_2.jpg,나무,장식품,나무/장식품,1921,1440,1921,1440,True,실외,주간,1,1,1,True,0,8540ecebae8ab3280fb0844010de3e3e1529053f,True,
Training,Training/images/나무/주걱/13_X019_C056_0303/13_X019_C056_0303_0.jpg,Training/labels/나무/주걱/13_X019_C056_0303/13_X019_C056_0303_0.json,13_X019_C056_0303_0.jpg,나무,주걱,나무/주걱,1921,1081,1921,1081,True,실외,주간,1,1,1,True,0,8207b19d02c0f2e66e71c7a03d83b3dfac7e6231,True,
Training,Training/images/나무/주걱/13_X021_C587_0305/13_X021_C587_0305_0.jpg,Training/labels/나무/주걱/13_X021_C587_0305/13_X021_C587_0305_0.json,13_X021_C587_0305_0.jpg,나무,주걱,나무/주걱,1921,1080,1921,1080,True,실외,주간,1,1,1,True,0,c264ab4d1373d3fa7caa02b389fc735ebbdd00f3,True,
Training,Training/images/나무/주걱/13_X052_C509_0314/13_X052_C509_0314_1.jpg,Training/labels/나무/주걱/13_X052_C509_0314/13_X052_C509_0314_1.json,13_X052_C509_0314_1.jpg,나무,주걱,나무/주걱,1440,1921,1440,1921,True,실외,주간,1,1,1,True,0,e037d64b1b6917101299f6bcc1e0e3e8bd9b896f,True,
Training,Training/images/나무/주걱/13_X055_C589_0304/13_X055_C589_0304_3.jpg,Training/labels/나무/주걱/13_X055_C589_0304/13_X055_C589_0304_3.json,13_X055_C589_0304_3.jpg,나무,주걱,나무/주걱,1921,1081,1921,1081,True,실외,주간,1,1,1,True,0,fd0f770e75366d67c52159fb54ee9c9df0aae840,True,
Training,Training/images/나무/주걱/13_X065_C589_0304/13_X065_C589_0304_3.jpg,Training/labels/나무/주걱/13_X065_C589_0304/13_X065_C589_0304_3.json,13_X065_C589_0304_3.jpg,나무,주걱,나무/주걱,1921,1081,1921,1081,True,실외,주간,1,1,1,True,0,0b6b98cc09838f2abe8b4b5d42917cf3af1ddc3c,True,
Training,Training/images/나무/주걱/13_X190_C050_0226/13_X190_C050_0226_0.jpg,Training/labels/나무/주걱/13_X190_C050_0226/13_X190_C050_0226_0.json,13_X190_C050_0226_0.jpg,나무,주걱,나무/주걱,1921,1080,1921,1080,True,실외,주간,1,1,1,True,0,2448cf825313bf542c154d62b075368e3387afbb,True,
Training,Training/images/나무/주걱/13_X256_C509_0329/13_X256_C509_0329_3.jpg,Training/labels/나무/주걱/13_X256_C509_0329/13_X256_C509_0329_3.json,13_X256_C509_0329_3.jpg,나무,주걱,나무/주걱,1921,1440,1921,1440,True,실외,주간,1,1,1,True,0,c4435c788128db6e163b045325053966580de8fd,True,
Training,Training/images/나무/주걱/13_X274_C509_0314/13_X274_C509_0314_2.jpg,Training/labels/나무/주걱/13_X274_C509_0314/13_X274_C509_0314_2.json,13_X274_C509_0314_2.jpg,나무,주걱,나무/주걱,1440,1921,1440,1921,True,실외,주간,1,1,1,True,0,0e8924fc1914827e4c4396d379a1e19501d9abfc,True,
Training,Training/images/나무/주걱/13_X466_C509_0329/13_X466_C509_0329_4.jpg,Training/labels/나무/주걱/13_X466_C509_0329/13_X466_C509_0329_4.json,13_X466_C509_0329_4.jpg,나무,주걱,나무/주걱,1921,1440,1921,1440,True,실내,주간,1,1,1,True,0,744776b2a3032421ff75ee8c949e5f9650f31e04,True,
Training,Training/images/나무/주방용품/13_X014_C509_0329/13_X014_C509_0329_0.jpg,Training/labels/나무/주방용품/13_X014_C509_0329/13_X014_C509_0329_0.json,13_X014_C509_0329_0.jpg,나무,주방용품,나무/주방용품,1921,1440,1921,1440,True,실외,주간,1,1,1,True,0,da09450a59b157ad4524e5263c7ec1aa084f088f,True,
Training,Training/images/나무/주방용품/13_X019_C999_0328/13_X019_C999_0328_0.jpg,Training/labels/나무/주방용품/13_X019_C999_0328/13_X019_C999_0328_0.json,13_X019_C999_0328_0.jpg,나무,주방용품,나무/주방용품,1080,1921,1080,1921,True,실내,주간,1,1,1,True,0,86f804865e8d46a9c0f83e7028b4e4f326f96702,True,
Training,Training/images/나무/주방용품/13_X030_C509_0315/13_X030_C509_0315_3.jpg,Training/labels/나무/주방용품/13_X030_C509_0315/13_X030_C509_0315_3.json,13_X030_C509_0315_3.jpg,나무,주방용품,나무/주방용품,1921,1440,1921,1440,True,실외,주간,1,1,1,True,0,b7c478f1926f80f0a6a499a3be14055e1891bfa2,True,
Training,Training/images/나무/주방용품/13_X035_C024_0225/13_X035_C024_0225_3.jpg,Training/labels/나무/주방용품/13_X035_C024_0225/13_X035_C024_0225_3.json,13_X035_C024_0225_3.jpg,나무,주방용품,나무/주방용품,1921,1080,1921,1080,True,실외,주간,2,2,2,True,0,470762558e647d8b9a363e175fd0c459469d8633,True,
Training,Training/images/나무/주방용품/13_X056_C999_0320/13_X056_C999_0320_1.jpg,Training/labels/나무/주방용품/13_X056_C999_0320/13_X056_C999_0320_1.json,13_X056_C999_0320_1.jpg,나무,주방용품,나무/주방용품,1921,1080,1921,1080,True,실외,주간,1,1,1,True,0,516f4590dc48ac8339f2cf3420688219573878c1,True,
Training,Training/images/나무/주방용품/13_X123_C589_0304/13_X123_C589_0304_4.jpg,Training/labels/나무/주방용품/13_X123_C589_0304/13_X123_C589_0304_4.json,13_X123_C589_0304_4.jpg,나무,주방용품,나무/주방용품,1921,1081,1921,1081,True,실외,주간,2,2,2,True,0,51a3df227014937d4ee457a4aad879e944f7c99e,True,
Training,Training/images/나무/주방용품/13_X140_C023_0305/13_X140_C023_0305_1.jpg,Training/labels/나무/주방용품/13_X140_C023_0305/13_X140_C023_0305_1.json,13_X140_C023_0305_1.jpg,나무,주방용품,나무/주방용품,1921,1081,1921,1081,True,실외,주간,2,2,2,True,0,8de67652a6d38255852b096ef38a92602b2ce768,True,
Training,Training/images/나무/주방용품/13_X150_C500_0317/13_X150_C500_0317_0.jpg,Training/labels/나무/주방용품/13_X150_C500_0317/13_X150_C500_0317_0.json,13_X150_C500_0317_0.jpg,나무,주방용품,나무/주방용품,1080,1921,1080,1921,True,실외,주간,1,1,1,True,0,9c1d4bfdac109602e28168bfe2ce7f7a543902d3,True,
Training,Training/images/나무/주방용품/13_X209_C023_0306/13_X209_C023_0306_1.jpg,Training/labels/나무/주방용품/13_X209_C023_0306/13_X209_C023_0306_1.json,13_X209_C023_0306_1.jpg,나무,주방용품,나무/주방용품,1921,1081,1921,1081,True,실외,주간,3,3,3,True,0,44a533d20ac668eec29ced51d1df5b7a455a18fb,True,
Training,Training/images/나무/포장재/13_X001_C211_0107/13_X001_C211_0107_1.jpg,Training/labels/나무/포장재/13_X001_C211_0107/13_X001_C211_0107_1.json,13_X001_C211_0107_1.jpg,나무,포장재,나무/포장재,1920,1440,1920,1440,True,실외,주간,1,1,1,True,0,1449e1b98986a248fe99796e01bce10f3a05852f,True,
Training,Training/images/나무/포장재/13_X003_C056_1026/13_X003_C056_1026_2.jpg,Training/labels/나무/포장재/13_X003_C056_1026/13_X003_C056_1026_2.json,13_X003_C056_1026_2.jpg,나무,포장재,나무/포장재,1920,1440,1920,1440,True,실외,주간,1,1,1,True,0,42dc3141c9f59a4d5d9edf7fdf9574db25cbd4e6,True,
Training,Training/images/나무/포장재/13_X017_C056_1026/13_X017_C056_1026_1.jpg,Training/labels/나무/포장재/13_X017_C056_1026/13_X017_C056_1026_1.json,13_X017_C056_1026_1.jpg,나무,포장재,나무/포장재,1920,1920,1920,1920,True,실외,주간,1,1,1,True,0,70bbeb6a4207dbc9f499faabe836eb94473607b6,True,
Training,Training/images/나무/포장재/13_X049_C509_0107/13_X049_C509_0107_0.jpg,Training/labels/나무/포장재/13_X049_C509_0107/13_X049_C509_0107_0.json,13_X049_C509_0107_0.jpg,나무,포장재,나무/포장재,1440,1920,1440,1920,True,실외,주간,1,1,1,True,0,5caf595aa165bde1964626b7e948a1bc5278102b,True,
Training,Training/images/나무/포장재/13_X049_C589_0304/13_X049_C589_0304_4.jpg,Training/labels/나무/포장재/13_X049_C589_0304/13_X049_C589_0304_4.json,13_X049_C589_0304_4.jpg,나무,포장재,나무/포장재,1921,1081,1921,1081,True,실외,주간,2,2,2,True,0,d91d8caf0633523dc79696b8b73c6ae2dbf6354d,True,
Training,Training/images/나무/포장재/13_X085_C050_0225/13_X085_C050_0225_3.jpg,Training/labels/나무/포장재/13_X085_C050_0225/13_X085_C050_0225_3.json,13_X085_C050_0225_3.jpg,나무,포장재,나무/포장재,1921,1080,1921,1080,True,실외,주간,1,1,1,True,0,25dce6ce0f8883a1f390e7ab13dc4e57d6428968,True,
Training,Training/images/나무/포장재/13_X167_C589_0305/13_X167_C589_0305_0.jpg,Training/labels/나무/포장재/13_X167_C589_0305/13_X167_C589_0305_0.json,13_X167_C589_0305_0.jpg,나무,포장재,나무/포장재,1921,1081,1921,1081,True,실외,주간,2,2,2,True,0,022a508b8a85d9ba8b8ab333377f20ccef175e9e,True,
Training,Training/images/나무/포장재/13_X194_C024_0225/13_X194_C024_0225_4.jpg,Training/labels/나무/포장재/13_X194_C024_0225/13_X194_C024_0225_4.json,13_X194_C024_0225_4.jpg,나무,포장재,나무/포장재,1921,1080,1921,1080,True,실외,주간,2,2,2,True,0,efb10c873de25a36d36c219586deb01879e58540,True,
Training,Training/images/나무/포장재/13_X239_C050_0224/13_X239_C050_0224_3.jpg,Training/labels/나무/포장재/13_X239_C050_0224/13_X239_C050_0224_3.json,13_X239_C050_0224_3.jpg,나무,포장재,나무/포장재,1921,1080,1921,1080,True,실외,주간,2,2,2,True,0,879bf7f3b5b7cd0b5fa3b2ebf117186df1131d53,True,
Training,Training/images/도기류/그릇류/14_X001_C012_1110/14_X001_C012_1110_1.jpg,Training/labels/도기류/그릇류/14_X001_C012_1110/14_X001_C012_1110_1.json,14_X001_C012_1110_1.jpg,도기류,그릇류,도기류/그릇류,1920,1440,1920,1440,True,실외,주간,1,1,1,True,0,b193bc39f83ee384b54ce0519e75512e55533f57,True,
Training,Training/images/도기류/그릇류/14_X002_C194_1214/14_X002_C194_1214_2.jpg,Training/labels/도기류/그릇류/14_X002_C194_1214/14_X002_C194_1214_2.json,14_X002_C194_1214_2.jpg,도기류,그릇류,도기류/그릇류,1920,1440,1920,1440,True,실외,주간,1,1,1,True,0,5628808de379f7fdfd81c004480471628bbf6a5c,True,
Training,Training/images/도기류/그릇류/14_X004_C163_1125/14_X004_C163_1125_1.jpg,Training/labels/도기류/그릇류/14_X004_C163_1125/14_X004_C163_1125_1.json,14_X004_C163_1125_1.jpg,도기류,그릇류,도기류/그릇류,1920,1440,1920,1440,True,실외,주간,1,1,1,True,0,bfe6a05dc783b67d67a077830269b4325bf6ef46,True,
Training,Training/images/도기류/그릇류/14_X006_C188_1207/14_X006_C188_1207_3.jpg,Training/labels/도기류/그릇류/14_X006_C188_1207/14_X006_C188_1207_3.json,14_X006_C188_1207_3.jpg,도기류,그릇류,도기류/그릇류,1920,1440,1920,1440,True,실외,주간,1,1,1,True,0,162474feb4ef965df8b6628ed2cb3e1d67ef136d,True,
Training,Training/images/도기류/그릇류/14_X006_C193_1127/14_X006_C193_1127_0.jpg,Training/labels/도기류/그릇류/14_X006_C193_1127/14_X006_C193_1127_0.json,14_X006_C193_1127_0.jpg,도기류,그릇류,도기류/그릇류,1920,1440,1920,1440,True,실외,주간,1,1,1,True,0,1186924c934e7363408c38f456fd2952258aff3e,True,
Training,Training/images/도기류/그릇류/14_X010_C058_0127/14_X010_C058_0127_0.jpg,Training/labels/도기류/그릇류/14_X010_C058_0127/14_X010_C058_0127_0.json,14_X010_C058_0127_0.jpg,도기류,그릇류,도기류/그릇류,1921,1440,1921,1440,True,실외,주간,1,1,1,True,0,e6619cad8989298adab5c1623ef24c68d305976e,True,
Training,Training/images/도기류/그릇류/14_X011_C500_0326/14_X011_C500_0326_0.jpg,Training/labels/도기류/그릇류/14_X011_C500_0326/14_X011_C500_0326_0.json,14_X011_C500_0326_0.jpg,도기류,그릇류,도기류/그릇류,1440,1921,1440,1921,True,실내,주간,1,1,1,True,0,eb2c795335788395130ec245a9be07cc89a5b326,True,
Training,Training/images/도기류/그릇류/14_X015_C195_1216/14_X015_C195_1216_4.jpg,Training/labels/도기류/그릇류/14_X015_C195_1216/14_X015_C195_1216_4.json,14_X015_C195_1216_4.jpg,도기류,그릇류,도기류/그릇류,1920,1440,1920,1440,True,실외,주간,2,2,2,True,0,782690978d1bb34ca7ad3674ff7401d9614380dc,True,
Training,Training/images/도기류/그릇류/14_X097_C999_0408/14_X097_C999_0408_0.jpg,Training/labels/도기류/그릇류/14_X097_C999_0408/14_X097_C999_0408_0.json,14_X097_C999_0408_0.jpg,도기류,그릇류,도기류/그릇류,1080,1921,1080,1921,True,실내,주간,1,1,1,True,0,985186a6957b6522c4a62f6767bd5f132626d154,True,
Training,Training/images/도기류/기타/14_X001_C188_1125/14_X001_C188_1125_3.jpg,Training/labels/도기류/기타/14_X001_C188_1125/14_X001_C188_1125_3.json,14_X001_C188_1125_3.jpg,도기류,기타,도기류/기타,4000,3000,4000,3000,True,실외,주간,1,1,1,True,0,65181f0c58e9bfa959d66cf2e4280537e036c212,True,
Training,Training/images/도기류/기타/14_X013_C190_1214/14_X013_C190_1214_3.jpg,Training/labels/도기류/기타/14_X013_C190_1214/14_X013_C190_1214_3.json,14_X013_C190_1214_3.jpg,도기류,기타,도기류/기타,1921,1440,1921,1440,True,실외,주간,2,2,2,True,0,6bcdbe0f47f230e2a98659bd0e6b14a39fd9d8c2,True,
Training,Training/images/도기류/기타/14_X022_C045_0128/14_X022_C045_0128_0.jpg,Training/labels/도기류/기타/14_X022_C045_0128/14_X022_C045_0128_0.json,14_X022_C045_0128_0.jpg,도기류,기타,도기류/기타,1921,1440,1921,1440,True,실외,주간,2,2,2,True,0,f87c83e8790a1a193cf152cc044115422ad3ba8a,True,
Training,Training/images/도기류/기타/14_X030_C045_0128/14_X030_C045_0128_2.jpg,Training/labels/도기류/기타/14_X030_C045_0128/14_X030_C045_0128_2.json,14_X030_C045_0128_2.jpg,도기류,기타,도기류/기타,1921,1440,1921,1440,True,실외,주간,2,2,2,True,0,d741d7364d743bb72eefd73fbcbba822d809f2d9,True,
Training,Training/images/도기류/기타/14_X032_C045_0128/14_X032_C045_0128_3.jpg,Training/labels/도기류/기타/14_X032_C045_0128/14_X032_C045_0128_3.json,14_X032_C045_0128_3.jpg,도기류,기타,도기류/기타,1921,1440,1921,1440,True,실외,주간,2,2,2,True,0,e5acdddf25a68e9360b334b150c4e544690c0961,True,
Training,Training/images/도기류/기타/14_X044_C045_0128/14_X044_C045_0128_4.jpg,Training/labels/도기류/기타/14_X044_C045_0128/14_X044_C045_0128_4.json,14_X044_C045_0128_4.jpg,도기류,기타,도기류/기타,1921,1440,1921,1440,True,실외,주간,2,2,2,False,1,e8069c0f093bf1718eff01ecf21ad03c0e4f6046,False,folder_target_not_in_json;unknown_object_exists
Training,Training/images/도기류/기타/14_X045_C058_0128/14_X045_C058_0128_4.jpg,Training/labels/도기류/기타/14_X045_C058_0128/14_X045_C058_0128_4.json,14_X045_C058_0128_4.jpg,도기류,기타,도기류/기타,1921,1080,1921,1080,True,실외,주간,2,2,2,True,0,3ab2893a72b1976363fa63598bb7515582a13589,True,
Training,Training/images/도기류/기타/14_X047_C045_0128/14_X047_C045_0128_0.jpg,Training/labels/도기류/기타/14_X047_C045_0128/14_X047_C045_0128_0.json,14_X047_C045_0128_0.jpg,도기류,기타,도기류/기타,1921,1440,1921,1440,True,실외,주간,2,2,2,False,1,f753572a6dfb7849f977206cf45ac12f460ac171,False,folder_target_not_in_json;unknown_object_exists
Training,Training/images/도기류/기타/14_X051_C045_0128/14_X051_C045_0128_3.jpg,Training/labels/도기류/기타/14_X051_C045_0128/14_X051_C045_0128_3.json,14_X051_C045_0128_3.jpg,도기류,기타,도기류/기타,1921,1440,1921,1440,True,실외,주간,2,2,2,False,1,12c6e691cad0acc74da204f5b3e6ae286137997f,False,folder_target_not_in_json;unknown_object_exists
Training,Training/images/도기류/뚝배기/14_X001_C706_1215/14_X001_C706_1215_3.jpg,Training/labels/도기류/뚝배기/14_X001_C706_1215/14_X001_C706_1215_3.json,14_X001_C706_1215_3.jpg,도기류,뚝배기,도기류/뚝배기,1920,1440,1920,1440,True,실외,주간,1,1,1,True,0,3381f567ab0ab4d651f8c3a3ab4d8f15c932fd56,True,
Training,Training/images/도기류/뚝배기/14_X002_C055_1102/14_X002_C055_1102_4.jpg,Training/labels/도기류/뚝배기/14_X002_C055_1102/14_X002_C055_1102_4.json,14_X002_C055_1102_4.jpg,도기류,뚝배기,도기류/뚝배기,1921,1081,1921,1081,True,실외,주간,1,1,1,True,0,8e6c604f8d0d84a7fe51e34562e39ac19cda592c,True,
Training,Training/images/도기류/뚝배기/14_X002_C196_1217/14_X002_C196_1217_4.jpg,Training/labels/도기류/뚝배기/14_X002_C196_1217/14_X002_C196_1217_4.json,14_X002_C196_1217_4.jpg,도기류,뚝배기,도기류/뚝배기,1920,1080,1920,1080,True,실외,주간,1,1,1,True,0,d872c4eba02418a76975c095bbeb2537fba0d8b0,True,
Training,Training/images/도기류/뚝배기/14_X004_C044_1216/14_X004_C044_1216_2.jpg,Training/labels/도기류/뚝배기/14_X004_C044_1216/14_X004_C044_1216_2.json,14_X004_C044_1216_2.jpg,도기류,뚝배기,도기류/뚝배기,1920,1440,1920,1440,True,실외,주간,1,1,1,True,0,28821ec8a8fe1ff7989a800d637371d3e7b61106,True,
Training,Training/images/도기류/뚝배기/14_X005_C189_1123/14_X005_C189_1123_2.jpg,Training/labels/도기류/뚝배기/14_X005_C189_1123/14_X005_C189_1123_2.json,14_X005_C189_1123_2.jpg,도기류,뚝배기,도기류/뚝배기,1920,1920,1920,1920,True,실외,주간,1,1,1,True,0,d8a0b8ad071ca7e3d389c8a3681df5fd94337288,True,
Training,Training/images/도기류/뚝배기/14_X006_C012_1218/14_X006_C012_1218_2.jpg,Training/labels/도기류/뚝배기/14_X006_C012_1218/14_X006_C012_1218_2.json,14_X006_C012_1218_2.jpg,도기류,뚝배기,도기류/뚝배기,1920,1440,1920,1440,True,실외,주간,1,1,1,True,0,dee2c3cbeaea68ba5d673fd43f1738963fb45544,True,
Training,Training/images/도기류/뚝배기/14_X006_C023_1201/14_X006_C023_1201_0.jpg,Training/labels/도기류/뚝배기/14_X006_C023_1201/14_X006_C023_1201_0.json,14_X006_C023_1201_0.jpg,도기류,뚝배기,도기류/뚝배기,1921,1081,1921,1081,True,실외,주간,1,1,1,True,0,957b17fa1fc29c3760641b933c7201c779db4352,True,
Training,Training/images/도기류/뚝배기/14_X008_C193_1127/14_X008_C193_1127_1.jpg,Training/labels/도기류/뚝배기/14_X008_C193_1127/14_X008_C193_1127_1.json,14_X008_C193_1127_1.jpg,도기류,뚝배기,도기류/뚝배기,1920,1440,1920,1440,True,실외,주간,1,1,1,True,0,cef2329dff0f45c0e75c0907478d2654879dac9d,True,
Training,Training/images/도기류/뚝배기/14_X022_C324_1203/14_X022_C324_1203_3.jpg,Training/labels/도기류/뚝배기/14_X022_C324_1203/14_X022_C324_1203_3.json,14_X022_C324_1203_3.jpg,도기류,뚝배기,도기류/뚝배기,1920,1440,1920,1440,True,실외,주간,1,1,1,True,0,0076abe9222af3b805477e82250a4b890a11307b,True,
Training,Training/images/도기류/받침/14_X003_C194_1201/14_X003_C194_1201_1.jpg,Training/labels/도기류/받침/14_X003_C194_1201/14_X003_C194_1201_1.json,14_X003_C194_1201_1.jpg,도기류,받침,도기류/받침,1920,1080,1920,1080,True,실외,주간,1,1,1,True,0,757ada0506630fad841f13c5b6d97f62bc421693,True,
Training,Training/images/도기류/받침/14_X004_C162_1109/14_X004_C162_1109_3.jpg,Training/labels/도기류/받침/14_X004_C162_1109/14_X004_C162_1109_3.json,14_X004_C162_1109_3.jpg,도기류,받침,도기류/받침,1920,1440,1920,1440,True,실외,주간,1,1,1,True,0,113af41f5ce9f220ee12612a2ba21fb7711631cd,True,
Training,Training/images/도기류/받침/14_X005_C014_1019/14_X005_C014_1019_3.jpg,Training/labels/도기류/받침/14_X005_C014_1019/14_X005_C014_1019_3.json,14_X005_C014_1019_3.jpg,도기류,받침,도기류/받침,2221,1080,2221,1080,True,실외,주간,1,1,1,True,0,0372536da7a643895bf73e035ff9b098e21bfb54,True,
Training,Training/images/도기류/받침/14_X006_C014_1118/14_X006_C014_1118_1.jpg,Training/labels/도기류/받침/14_X006_C014_1118/14_X006_C014_1118_1.json,14_X006_C014_1118_1.jpg,도기류,받침,도기류/받침,2221,1080,2221,1080,True,실외,주간,1,1,1,True,0,865ff6bcff0d44510ea3e0b9a47edbf0bd69efa4,True,
Training,Training/images/도기류/받침/14_X007_C169_1207/14_X007_C169_1207_4.jpg,Training/labels/도기류/받침/14_X007_C169_1207/14_X007_C169_1207_4.json,14_X007_C169_1207_4.jpg,도기류,받침,도기류/받침,1920,1080,1920,1080,True,실외,주간,1,1,1,True,0,c46a1862364d8e7938015fae71813187bfe6bd67,True,
Training,Training/images/도기류/받침/14_X010_C188_1208/14_X010_C188_1208_2.jpg,Training/labels/도기류/받침/14_X010_C188_1208/14_X010_C188_1208_2.json,14_X010_C188_1208_2.jpg,도기류,받침,도기류/받침,1920,1440,1920,1440,True,실외,주간,1,1,1,True,0,0841415f1fea1ae00063614ceca566258030f3d0,True,
Training,Training/images/도기류/받침/14_X018_C039_1214/14_X018_C039_1214_0.jpg,Training/labels/도기류/받침/14_X018_C039_1214/14_X018_C039_1214_0.json,14_X018_C039_1214_0.jpg,도기류,받침,도기류/받침,1080,1920,1080,1920,True,실외,주간,1,1,1,True,0,403613c2b942f4db97450097d613526b30d3e8e1,True,
Training,Training/images/도기류/받침/14_X018_C198_1120/14_X018_C198_1120_1.jpg,Training/labels/도기류/받침/14_X018_C198_1120/14_X018_C198_1120_1.json,14_X018_C198_1120_1.jpg,도기류,받침,도기류/받침,1920,1440,1920,1440,True,실외,주간,1,1,1,True,0,27c5698016a844d8d7eb2dacb7c7559e1599360f,True,
Training,Training/images/도기류/받침/14_X026_C045_0127/14_X026_C045_0127_2.jpg,Training/labels/도기류/받침/14_X026_C045_0127/14_X026_C045_0127_2.json,14_X026_C045_0127_2.jpg,도기류,받침,도기류/받침,1921,1440,1921,1440,True,실외,주간,1,1,1,True,0,150c532a7b976733eb587158da7ac2fd8a50c1a0,True,
Training,Training/images/도기류/병/14_X001_C053_1117/14_X001_C053_1117_2.jpg,Training/labels/도기류/병/14_X001_C053_1117/14_X001_C053_1117_2.json,14_X001_C053_1117_2.jpg,도기류,병,도기류/병,1920,1080,1920,1080,True,실외,주간,1,1,1,True,0,548aa094911a50ae614483abf0b23532ca68b6c3,True,
Training,Training/images/도기류/병/14_X001_C162_1215/14_X001_C162_1215_2.jpg,Training/labels/도기류/병/14_X001_C162_1215/14_X001_C162_1215_2.json,14_X001_C162_1215_2.jpg,도기류,병,도기류/병,1921,1440,1921,1440,True,실외,주간,1,1,1,True,0,fe01580ae142b2ef7568cdbc495372fae39dd774,True,
Training,Training/images/도기류/병/14_X001_C192_1202/14_X001_C192_1202_0.jpg,Training/labels/도기류/병/14_X001_C192_1202/14_X001_C192_1202_0.json,14_X001_C192_1202_0.jpg,도기류,병,도기류/병,1921,1440,1921,1440,True,실외,주간,1,1,1,True,0,650084306aed8a98cbf3796041a6c57dc1d31e50,True,
Training,Training/images/도기류/병/14_X004_C163_1201/14_X004_C163_1201_0.jpg,Training/labels/도기류/병/14_X004_C163_1201/14_X004_C163_1201_0.json,14_X004_C163_1201_0.jpg,도기류,병,도기류/병,1920,1440,1920,1440,True,실외,주간,1,1,1,True,0,0b29e17afa37504bb12e2e1bacfb905fc25be730,True,
Training,Training/images/도기류/병/14_X006_C055_1103/14_X006_C055_1103_2.jpg,Training/labels/도기류/병/14_X006_C055_1103/14_X006_C055_1103_2.json,14_X006_C055_1103_2.jpg,도기류,병,도기류/병,1921,1081,1921,1081,True,실외,주간,1,1,1,True,0,d4bc2ff8deffab4b543e477a06c1b1271323092b,True,
Training,Training/images/도기류/병/14_X006_C195_1204/14_X006_C195_1204_1.jpg,Training/labels/도기류/병/14_X006_C195_1204/14_X006_C195_1204_1.json,14_X006_C195_1204_1.jpg,도기류,병,도기류/병,1921,1440,1921,1440,True,실외,주간,2,2,2,True,0,33309aaf170e7fe3cd9667a0d8d4d9cfbb7b0086,True,
Training,Training/images/도기류/병/14_X006_C324_1210/14_X006_C324_1210_2.jpg,Training/labels/도기류/병/14_X006_C324_1210/14_X006_C324_1210_2.json,14_X006_C324_1210_2.jpg,도기류,병,도기류/병,1920,1440,1920,1440,True,실외,주간,1,1,1,True,0,ea493ec42566df079ba3515b51c8a0976bf84608,True,
Training,Training/images/도기류/병/14_X006_C704_0106/14_X006_C704_0106_0.jpg,Training/labels/도기류/병/14_X006_C704_0106/14_X006_C704_0106_0.json,14_X006_C704_0106_0.jpg,도기류,병,도기류/병,1920,1080,1920,1080,True,실외,주간,1,1,1,True,0,b25c3f4d119704f4d62b2798fd536746edf3bc14,True,
Training,Training/images/도기류/병/14_X008_C194_1113/14_X008_C194_1113_0.jpg,Training/labels/도기류/병/14_X008_C194_1113/14_X008_C194_1113_0.json,14_X008_C194_1113_0.jpg,도기류,병,도기류/병,1920,1080,1920,1080,True,실외,주간,1,1,1,True,0,96d018f02d973a5253c8d0f9d20ff331c5defb62,True,
Training,Training/images/도기류/장식품/14_X002_C194_1215/14_X002_C194_1215_2.jpg,Training/labels/도기류/장식품/14_X002_C194_1215/14_X002_C194_1215_2.json,14_X002_C194_1215_2.jpg,도기류,장식품,도기류/장식품,1920,1080,1920,1080,True,실외,주간,1,1,1,True,0,c3208cff390a5cc1dd7d5248a9338eba0d65e085,True,
Training,Training/images/도기류/장식품/14_X002_C704_0107/14_X002_C704_0107_0.jpg,Training/labels/도기류/장식품/14_X002_C704_0107/14_X002_C704_0107_0.json,14_X002_C704_0107_0.jpg,도기류,장식품,도기류/장식품,1921,1440,1921,1440,True,실외,주간,1,1,1,True,0,59ec1f49c5cdd71fe10eaff5b2f5f3b8d6c8ef9c,True,
Training,Training/images/도기류/장식품/14_X003_C194_1214/14_X003_C194_1214_2.jpg,Training/labels/도기류/장식품/14_X003_C194_1214/14_X003_C194_1214_2.json,14_X003_C194_1214_2.jpg,도기류,장식품,도기류/장식품,1920,1440,1920,1440,True,실외,주간,1,1,1,True,0,37922b41f081a73bf39977e5fe6b01cfa943bfc4,True,
Training,Training/images/도기류/장식품/14_X004_C192_1203/14_X004_C192_1203_2.jpg,Training/labels/도기류/장식품/14_X004_C192_1203/14_X004_C192_1203_2.json,14_X004_C192_1203_2.jpg,도기류,장식품,도기류/장식품,1920,1440,1920,1440,True,실외,주간,1,1,1,True,0,60c0d06257c419394491172516d9dc2f702f2ab4,True,
Training,Training/images/도기류/장식품/14_X004_C194_1215/14_X004_C194_1215_4.jpg,Training/labels/도기류/장식품/14_X004_C194_1215/14_X004_C194_1215_4.json,14_X004_C194_1215_4.jpg,도기류,장식품,도기류/장식품,1920,1080,1920,1080,True,실외,주간,1,1,1,True,0,ef6c2bc1b46220f3ef8a89f8130f874c2319d101,True,
Training,Training/images/도기류/장식품/14_X008_C204_1110/14_X008_C204_1110_0.jpg,Training/labels/도기류/장식품/14_X008_C204_1110/14_X008_C204_1110_0.json,14_X008_C204_1110_0.jpg,도기류,장식품,도기류/장식품,1920,1080,1920,1080,True,실외,주간,1,1,1,True,0,964415a683f4452ee6a204ed9a9761c1863ea41b,True,
Training,Training/images/도기류/장식품/14_X017_C208_1207/14_X017_C208_1207_0.jpg,Training/labels/도기류/장식품/14_X017_C208_1207/14_X017_C208_1207_0.json,14_X017_C208_1207_0.jpg,도기류,장식품,도기류/장식품,1920,1080,1920,1080,True,실외,주간,2,2,2,True,0,120f3c4c3271a1a26d11d56bbf64818596a16d69,True,
Training,Training/images/도기류/장식품/14_X025_C331_1202/14_X025_C331_1202_4.jpg,Training/labels/도기류/장식품/14_X025_C331_1202/14_X025_C331_1202_4.json,14_X025_C331_1202_4.jpg,도기류,장식품,도기류/장식품,1921,1440,1921,1440,True,실외,주간,1,1,1,True,0,11b6e3a696c478370aef00a7eebab6676df6c6dc,True,
Training,Training/images/도기류/장식품/14_X026_C504_1021/14_X026_C504_1021_3.jpg,Training/labels/도기류/장식품/14_X026_C504_1021/14_X026_C504_1021_3.json,14_X026_C504_1021_3.jpg,도기류,장식품,도기류/장식품,1440,1920,1440,1920,True,실외,주간,1,1,1,True,0,7d653e41ad5f184f100916cef2ffd9ede8c9dc3d,True,
Training,Training/images/도기류/주전자/14_X001_C023_1123/14_X001_C023_1123_0.jpg,Training/labels/도기류/주전자/14_X001_C023_1123/14_X001_C023_1123_0.json,14_X001_C023_1123_0.jpg,도기류,주전자,도기류/주전자,1920,1080,1920,1080,True,실외,주간,1,1,1,True,0,a73beeb44cbeb68fa253c6aa19f9f43ea552b35d,True,
Training,Training/images/도기류/주전자/14_X001_C324_1116/14_X001_C324_1116_0.jpg,Training/labels/도기류/주전자/14_X001_C324_1116/14_X001_C324_1116_0.json,14_X001_C324_1116_0.jpg,도기류,주전자,도기류/주전자,2222,1080,2222,1080,True,실외,주간,1,1,1,True,0,836e4be19ad757c1499fff57ebdb6470dda00c79,True,
Training,Training/images/도기류/주전자/14_X002_C033_1023/14_X002_C033_1023_1.jpg,Training/labels/도기류/주전자/14_X002_C033_1023/14_X002_C033_1023_1.json,14_X002_C033_1023_1.jpg,도기류,주전자,도기류/주전자,1920,1440,1920,1440,True,실외,주간,1,1,1,True,0,4edcef4c4a1d8702bd49eb63e194ca8d53d404fd,True,
Training,Training/images/도기류/주전자/14_X002_C312_1109/14_X002_C312_1109_3.jpg,Training/labels/도기류/주전자/14_X002_C312_1109/14_X002_C312_1109_3.json,14_X002_C312_1109_3.jpg,도기류,주전자,도기류/주전자,1920,1080,1920,1080,True,실외,주간,1,1,1,True,0,9934f7436810589faf316c6811b2572cd76947d6,True,
Training,Training/images/도기류/주전자/14_X008_C198_1108/14_X008_C198_1108_1.jpg,Training/labels/도기류/주전자/14_X008_C198_1108/14_X008_C198_1108_1.json,14_X008_C198_1108_1.jpg,도기류,주전자,도기류/주전자,1920,1440,1920,1440,True,실외,주간,1,1,1,True,0,75a0fd32475cecb587335c5415d7ea7422aa3dc5,True,
Training,Training/images/도기류/주전자/14_X009_C187_1223/14_X009_C187_1223_3.jpg,Training/labels/도기류/주전자/14_X009_C187_1223/14_X009_C187_1223_3.json,14_X009_C187_1223_3.jpg,도기류,주전자,도기류/주전자,1921,1440,1921,1440,True,실외,주간,1,1,1,True,0,7525ae849ddd4db0650c06a56c3963ab922ae3dc,True,
Training,Training/images/도기류/주전자/14_X011_C331_1202/14_X011_C331_1202_0.jpg,Training/labels/도기류/주전자/14_X011_C331_1202/14_X011_C331_1202_0.json,14_X011_C331_1202_0.jpg,도기류,주전자,도기류/주전자,1921,1440,1921,1440,True,실외,주간,1,1,1,True,0,4146ebfb5e52bb80e9287871eeaa26536f9ec490,True,
Training,Training/images/도기류/주전자/14_X022_C704_1214/14_X022_C704_1214_2.jpg,Training/labels/도기류/주전자/14_X022_C704_1214/14_X022_C704_1214_2.json,14_X022_C704_1214_2.jpg,도기류,주전자,도기류/주전자,1920,1440,1920,1440,True,실외,주간,1,1,1,True,0,c07bd65cefca504a0e569980dc6388dc8d3527b4,True,
Training,Training/images/도기류/주전자/14_X030_C014_0128/14_X030_C014_0128_3.jpg,Training/labels/도기류/주전자/14_X030_C014_0128/14_X030_C014_0128_3.json,14_X030_C014_0128_3.jpg,도기류,주전자,도기류/주전자,2221,1080,2221,1080,True,실외,주간,1,1,1,True,0,41b43478a6b0f41ff24e5d192f31ae7c957d220c,True,
Training,Training/images/도기류/컵/14_X001_C162_1210/14_X001_C162_1210_3.jpg,Training/labels/도기류/컵/14_X001_C162_1210/14_X001_C162_1210_3.json,14_X001_C162_1210_3.jpg,도기류,컵,도기류/컵,1920,1440,1920,1440,True,실외,주간,1,1,1,True,0,1205f1a59abad8de1dc0328aa8406d4f7ba9317f,True,
Training,Training/images/도기류/컵/14_X001_C178_1214/14_X001_C178_1214_0.jpg,Training/labels/도기류/컵/14_X001_C178_1214/14_X001_C178_1214_0.json,14_X001_C178_1214_0.jpg,도기류,컵,도기류/컵,1920,1440,1920,1440,True,실외,주간,1,1,1,True,0,7d556808fcc69fa26446ac6a56df960af8b2cd17,True,
Training,Training/images/도기류/컵/14_X002_C172_1007/14_X002_C172_1007_3.jpg,Training/labels/도기류/컵/14_X002_C172_1007/14_X002_C172_1007_3.json,14_X002_C172_1007_3.jpg,도기류,컵,도기류/컵,1920,1440,1920,1440,True,실외,주간,1,1,1,True,0,16b18868d5bc74697f2c005c8c518e0efb0cab25,True,
Training,Training/images/도기류/컵/14_X005_C198_1217/14_X005_C198_1217_0.jpg,Training/labels/도기류/컵/14_X005_C198_1217/14_X005_C198_1217_0.json,14_X005_C198_1217_0.jpg,도기류,컵,도기류/컵,1920,1440,1920,1440,True,실외,주간,1,1,1,True,0,e75c62bfbe5659cc2857264c693b5b011f90f503,True,
Training,Training/images/도기류/컵/14_X012_C162_1218/14_X012_C162_1218_1.jpg,Training/labels/도기류/컵/14_X012_C162_1218/14_X012_C162_1218_1.json,14_X012_C162_1218_1.jpg,도기류,컵,도기류/컵,1921,1440,1921,1440,True,실외,주간,1,1,1,True,0,04589abbe6d51c08d0c576b53a9ed31a86a5d75d,True,
Training,Training/images/도기류/컵/14_X014_C188_1211/14_X014_C188_1211_0.jpg,Training/labels/도기류/컵/14_X014_C188_1211/14_X014_C188_1211_0.json,14_X014_C188_1211_0.jpg,도기류,컵,도기류/컵,1920,1440,1920,1440,True,실외,주간,1,1,1,True,0,b501c0481801945a9de0a553c98fc3698cb1b57e,True,
Training,Training/images/도기류/컵/14_X031_C172_0107/14_X031_C172_0107_0.jpg,Training/labels/도기류/컵/14_X031_C172_0107/14_X031_C172_0107_0.json,14_X031_C172_0107_0.jpg,도기류,컵,도기류/컵,1920,1440,1920,1440,True,실외,주간,1,1,1,True,0,43d466580d29666b10ea00f3a44e832388a6a7af,True,
Training,Training/images/도기류/컵/14_X038_C045_0127/14_X038_C045_0127_4.jpg,Training/labels/도기류/컵/14_X038_C045_0127/14_X038_C045_0127_4.json,14_X038_C045_0127_4.jpg,도기류,컵,도기류/컵,1921,1440,1921,1440,True,실외,주간,2,2,2,True,0,196a5428342c5d93207995e60ff05f5b86922ddb,True,
Training,Training/images/도기류/컵/14_X116_C900_0318/14_X116_C900_0318_2.jpg,Training/labels/도기류/컵/14_X116_C900_0318/14_X116_C900_0318_2.json,14_X116_C900_0318_2.jpg,도기류,컵,도기류/컵,1440,1921,1440,1921,True,실내,주간,1,1,1,True,0,0fa507641ac201214c6af611c1c0a92fefffa078,True,
Training,Training/images/도기류/항아리/14_X001_C211_0107/14_X001_C211_0107_3.jpg,Training/labels/도기류/항아리/14_X001_C211_0107/14_X001_C211_0107_3.json,14_X001_C211_0107_3.jpg,도기류,항아리,도기류/항아리,1920,1440,1920,1440,True,실외,주간,1,1,1,True,0,eae2c5bf5ae09c2bda3245e25374076a918095dd,True,
Training,Training/images/도기류/항아리/14_X002_C044_1209/14_X002_C044_1209_1.jpg,Training/labels/도기류/항아리/14_X002_C044_1209/14_X002_C044_1209_1.json,14_X002_C044_1209_1.jpg,도기류,항아리,도기류/항아리,1920,1440,1920,1440,True,실외,주간,1,1,1,True,0,a5f4399596953af0109a36ad30161912b7ea9ab8,True,
Training,Training/images/도기류/항아리/14_X003_C015_1209/14_X003_C015_1209_0.jpg,Training/labels/도기류/항아리/14_X003_C015_1209/14_X003_C015_1209_0.json,14_X003_C015_1209_0.jpg,도기류,항아리,도기류/항아리,1920,1080,1920,1080,True,실외,주간,2,2,2,True,0,3ee6155442659803591d0be14c3f04269cce386a,True,
Training,Training/images/도기류/항아리/14_X003_C023_1123/14_X003_C023_1123_4.jpg,Training/labels/도기류/항아리/14_X003_C023_1123/14_X003_C023_1123_4.json,14_X003_C023_1123_4.jpg,도기류,항아리,도기류/항아리,1920,1080,1920,1080,True,실외,주간,1,1,1,True,0,430cb94e93a7564ae19a33ee5df8b130011c7337,True,
Training,Training/images/도기류/항아리/14_X003_C706_1228/14_X003_C706_1228_0.jpg,Training/labels/도기류/항아리/14_X003_C706_1228/14_X003_C706_1228_0.json,14_X003_C706_1228_0.jpg,도기류,항아리,도기류/항아리,1921,1921,1921,1921,True,실외,주간,1,1,1,True,0,553e8eb3ea93b8425b502ce02b6574f01b04758d,True,
Training,Training/images/도기류/항아리/14_X004_C055_1030/14_X004_C055_1030_2.jpg,Training/labels/도기류/항아리/14_X004_C055_1030/14_X004_C055_1030_2.json,14_X004_C055_1030_2.jpg,도기류,항아리,도기류/항아리,1920,1440,1920,1440,True,실외,주간,1,1,1,True,0,ae7b8860038db3043490c5da2aeb6b56e6a73d40,True,
Training,Training/images/도기류/항아리/14_X012_C055_1201/14_X012_C055_1201_4.jpg,Training/labels/도기류/항아리/14_X012_C055_1201/14_X012_C055_1201_4.json,14_X012_C055_1201_4.jpg,도기류,항아리,도기류/항아리,1920,1080,1920,1080,True,실외,주간,1,1,1,True,0,951b8eeacd0ffe6d34541ffb0ff9211144fb9095,True,
Training,Training/images/도기류/항아리/14_X016_C055_1204/14_X016_C055_1204_2.jpg,Training/labels/도기류/항아리/14_X016_C055_1204/14_X016_C055_1204_2.json,14_X016_C055_1204_2.jpg,도기류,항아리,도기류/항아리,1920,1080,1920,1080,True,실외,주간,1,1,1,True,0,99c9d76031e4ae93449816f7edab20b4f0c65bc0,True,
Training,Training/images/도기류/항아리/14_X022_C172_0107/14_X022_C172_0107_0.jpg,Training/labels/도기류/항아리/14_X022_C172_0107/14_X022_C172_0107_0.json,14_X022_C172_0107_0.jpg,도기류,항아리,도기류/항아리,1920,1440,1920,1440,True,실외,주간,1,1,1,True,0,cf237177671d43e4dff7c2d3b5c6eaf805a14c07,True,
Training,Training/images/도기류/화분/14_X001_C016_1202/14_X001_C016_1202_4.jpg,Training/labels/도기류/화분/14_X001_C016_1202/14_X001_C016_1202_4.json,14_X001_C016_1202_4.jpg,도기류,화분,도기류/화분,1920,1440,1920,1440,True,실외,주간,1,1,1,True,0,14252023b44ea43f4d3e84e922509202515e7ff2,True,
Training,Training/images/도기류/화분/14_X001_C057_1016/14_X001_C057_1016_4.jpg,Training/labels/도기류/화분/14_X001_C057_1016/14_X001_C057_1016_4.json,14_X001_C057_1016_4.jpg,도기류,화분,도기류/화분,1920,1440,1920,1440,True,실외,주간,1,1,1,True,0,7d9ffd6a110019447f00ef6351c642ca2b801b72,True,
Training,Training/images/도기류/화분/14_X001_C323_0127/14_X001_C323_0127_1.jpg,Training/labels/도기류/화분/14_X001_C323_0127/14_X001_C323_0127_1.json,14_X001_C323_0127_1.jpg,도기류,화분,도기류/화분,1921,1080,1921,1080,True,실외,주간,1,1,1,True,0,8229b3eb7246ffce555269242ff483da12e6f816,True,
Training,Training/images/도기류/화분/14_X002_C208_1110/14_X002_C208_1110_4.jpg,Training/labels/도기류/화분/14_X002_C208_1110/14_X002_C208_1110_4.json,14_X002_C208_1110_4.jpg,도기류,화분,도기류/화분,1920,1080,1920,1080,True,실외,주간,1,1,1,True,0,7c7bf6a1ba2a7eca63da07c48680c0671c5c636e,True,
Training,Training/images/도기류/화분/14_X003_C014_1210/14_X003_C014_1210_4.jpg,Training/labels/도기류/화분/14_X003_C014_1210/14_X003_C014_1210_4.json,14_X003_C014_1210_4.jpg,도기류,화분,도기류/화분,1920,1080,1920,1080,True,실외,주간,1,1,1,True,0,f5c5e5e21b5a2e3c27d01a6ec691b06d40b94dda,True,
Training,Training/images/도기류/화분/14_X003_C190_1211/14_X003_C190_1211_4.jpg,Training/labels/도기류/화분/14_X003_C190_1211/14_X003_C190_1211_4.json,14_X003_C190_1211_4.jpg,도기류,화분,도기류/화분,1920,1440,1920,1440,True,실내,주간,2,2,2,True,0,69473254f60b5684c9ac881b03b8c81c1d16f417,True,
Training,Training/images/도기류/화분/14_X003_C312_1109/14_X003_C312_1109_2.jpg,Training/labels/도기류/화분/14_X003_C312_1109/14_X003_C312_1109_2.json,14_X003_C312_1109_2.jpg,도기류,화분,도기류/화분,1920,1080,1920,1080,True,실외,주간,1,1,1,True,0,a2db7e5ca13ecc8b3c32a1dd1d1a5e53e15069a4,True,
Training,Training/images/도기류/화분/14_X004_C312_1106/14_X004_C312_1106_0.jpg,Training/labels/도기류/화분/14_X004_C312_1106/14_X004_C312_1106_0.json,14_X004_C312_1106_0.jpg,도기류,화분,도기류/화분,1920,1080,1920,1080,True,실외,주간,1,1,1,True,0,3d9f951713edaa0d191feae7dc29f2c1bb94b34e,True,
Training,Training/images/도기류/화분/14_X024_C014_0128/14_X024_C014_0128_2.jpg,Training/labels/도기류/화분/14_X024_C014_0128/14_X024_C014_0128_2.json,14_X024_C014_0128_2.jpg,도기류,화분,도기류/화분,2221,1080,2221,1080,True,실외,주간,1,1,1,True,0,b2839799e1362b8a730e79b204e87af0a1c31e5b,True,
Training,Training/images/비닐/과자봉지/15_X001_C163_0923/15_X001_C163_0923_3.jpg,Training/labels/비닐/과자봉지/15_X001_C163_0923/15_X001_C163_0923_3.json,15_X001_C163_0923_3.jpg,비닐,과자봉지,비닐/과자봉지,1920,1440,1920,1440,True,실외,주간,1,1,1,True,0,dfb2ec3d303d9717fc07e6bb782a0714f3a14de9,True,
Training,Training/images/비닐/과자봉지/15_X003_C037_1113/15_X003_C037_1113_3.jpg,Training/labels/비닐/과자봉지/15_X003_C037_1113/15_X003_C037_1113_3.json,15_X003_C037_1113_3.jpg,비닐,과자봉지,비닐/과자봉지,1920,1440,1920,1440,True,실내,주간,1,1,1,True,0,4f9beb52ff54822d31869337d51ff0b9e7b5bc6f,True,
Training,Training/images/비닐/과자봉지/15_X013_C502_1112/15_X013_C502_1112_2.jpg,Training/labels/비닐/과자봉지/15_X013_C502_1112/15_X013_C502_1112_2.json,15_X013_C502_1112_2.jpg,비닐,과자봉지,비닐/과자봉지,1440,1920,1440,1920,True,실외,주간,1,1,1,True,0,ea18278af01b89a330517a9509134b9e6e8364df,True,
Training,Training/images/비닐/과자봉지/15_X014_C044_1103/15_X014_C044_1103_2.jpg,Training/labels/비닐/과자봉지/15_X014_C044_1103/15_X014_C044_1103_2.json,15_X014_C044_1103_2.jpg,비닐,과자봉지,비닐/과자봉지,4032,3024,4032,3024,True,실외,주간,1,1,1,True,0,253a7f7181a291d772d8a82529e191b771468421,True,
Training,Training/images/비닐/과자봉지/15_X025_C192_1112/15_X025_C192_1112_0.jpg,Training/labels/비닐/과자봉지/15_X025_C192_1112/15_X025_C192_1112_0.json,15_X025_C192_1112_0.jpg,비닐,과자봉지,비닐/과자봉지,1920,1440,1920,1440,True,실외,주간,1,1,1,True,0,343ed0bcf2b327eba6156664f3ae6a163d150965,True,
Training,Training/images/비닐/과자봉지/15_X067_C096_0321/15_X067_C096_0321_2.jpg,Training/labels/비닐/과자봉지/15_X067_C096_0321/15_X067_C096_0321_2.json,15_X067_C096_0321_2.jpg,비닐,과자봉지,비닐/과자봉지,1921,1080,1921,1080,True,실외,주간,1,1,1,True,0,3f417a5445ac1b6719f6896218f75d73489a4ccc,True,
Training,Training/images/비닐/과자봉지/15_X104_C502_1224/15_X104_C502_1224_3.jpg,Training/labels/비닐/과자봉지/15_X104_C502_1224/15_X104_C502_1224_3.json,15_X104_C502_1224_3.jpg,비닐,과자봉지,비닐/과자봉지,1440,1920,1440,1920,True,실외,주간,1,1,1,True,0,6b1dd28ca39f2aedd796325d9e5308fb7882d9cc,True,
Training,Training/images/비닐/과자봉지/15_X232_C886_0330/15_X232_C886_0330_2.jpg,Training/labels/비닐/과자봉지/15_X232_C886_0330/15_X232_C886_0330_2.json,15_X232_C886_0330_2.jpg,비닐,과자봉지,비닐/과자봉지,1921,1440,1921,1440,True,실외,주간,1,1,1,True,0,482e0f9cdf87f7bcf66778b810dd87c459575302,True,
Training,Training/images/비닐/과자봉지/15_X870_C887_0330/15_X870_C887_0330_2.jpg,Training/labels/비닐/과자봉지/15_X870_C887_0330/15_X870_C887_0330_2.json,15_X870_C887_0330_2.jpg,비닐,과자봉지,비닐/과자봉지,1921,1080,1921,1080,True,실외,주간,1,1,1,True,0,bf2ec9515677136b88deee20cb5ba7cf13da9d9d,True,
Training,Training/images/비닐/기타/15_X001_C206_1209/15_X001_C206_1209_4.jpg,Training/labels/비닐/기타/15_X001_C206_1209/15_X001_C206_1209_4.json,15_X001_C206_1209_4.jpg,비닐,기타,비닐/기타,1921,1081,1921,1081,True,실외,주간,1,1,1,True,0,33e9316cf873f5bd48c01a6e98c0638e92fce471,True,
Training,Training/images/비닐/기타/15_X003_C807_0925/15_X003_C807_0925_0.jpg,Training/labels/비닐/기타/15_X003_C807_0925/15_X003_C807_0925_0.json,15_X003_C807_0925_0.jpg,비닐,기타,비닐/기타,1440,1921,1440,1921,True,실외,주간,1,1,1,True,0,3f4304da1328762250d026fd00145e617a59fe6c,True,
Training,Training/images/비닐/기타/15_X003_C807_0925/15_X003_C807_0925_1.jpg,Training/labels/비닐/기타/15_X003_C807_0925/15_X003_C807_0925_1.json,15_X003_C807_0925_1.jpg,비닐,기타,비닐/기타,1440,1921,1440,1921,True,실외,주간,1,1,1,True,0,fd09c6d1bad2731f779bdcda6dc5bb7e58ddd86e,True,
Training,Training/images/비닐/기타/15_X003_C807_0925/15_X003_C807_0925_2.jpg,Training/labels/비닐/기타/15_X003_C807_0925/15_X003_C807_0925_2.json,15_X003_C807_0925_2.jpg,비닐,기타,비닐/기타,1440,1921,1440,1921,True,실외,주간,1,1,1,True,0,c64cd686a615c7018477261a5433fe1397a3d663,True,
Training,Training/images/비닐/기타/15_X004_C805_0924/15_X004_C805_0924_0.jpg,Training/labels/비닐/기타/15_X004_C805_0924/15_X004_C805_0924_0.json,15_X004_C805_0924_0.jpg,비닐,기타,비닐/기타,1922,1081,1922,1081,True,실외,주간,1,1,1,True,0,d9630afd2e3837a14497e3e2a6d6988b3b8357a7,True,
Training,Training/images/비닐/기타/15_X004_C805_0924/15_X004_C805_0924_2.jpg,Training/labels/비닐/기타/15_X004_C805_0924/15_X004_C805_0924_2.json,15_X004_C805_0924_2.jpg,비닐,기타,비닐/기타,1922,1081,1922,1081,True,실외,주간,1,1,1,True,0,62e7845c5119e02967c730b43900a12586431a45,True,
Training,Training/images/비닐/기타/15_X008_C805_0925/15_X008_C805_0925_2.jpg,Training/labels/비닐/기타/15_X008_C805_0925/15_X008_C805_0925_2.json,15_X008_C805_0925_2.jpg,비닐,기타,비닐/기타,2223,1081,2223,1081,True,실외,주간,1,1,1,True,0,0977103c92fe367d3a88647d5a7ab3cba433610f,True,
Training,Training/images/비닐/기타/15_X071_C205_1206/15_X071_C205_1206_1.jpg,Training/labels/비닐/기타/15_X071_C205_1206/15_X071_C205_1206_1.json,15_X071_C205_1206_1.jpg,비닐,기타,비닐/기타,1920,1080,1920,1080,True,실외,주간,1,1,1,False,0,f9d7914e4e075f2350e10dc698ee00d012959c32,False,folder_target_not_in_json
Training,Training/images/비닐/기타/15_X071_C205_1206/15_X071_C205_1206_3.jpg,Training/labels/비닐/기타/15_X071_C205_1206/15_X071_C205_1206_3.json,15_X071_C205_1206_3.jpg,비닐,기타,비닐/기타,1920,1080,1920,1080,True,실외,주간,1,1,1,False,0,6a425cc2c1214150b56676a4f76271c2445985fb,False,folder_target_not_in_json
Training,Training/images/비닐/리필용기/15_X117_C888_0330/15_X117_C888_0330_3.jpg,Training/labels/비닐/리필용기/15_X117_C888_0330/15_X117_C888_0330_3.json,15_X117_C888_0330_3.jpg,비닐,리필용기,비닐/리필용기,1440,1921,1440,1921,True,실외,주간,1,1,1,True,0,af05c1fc720d878836df778de5c62fe11f1ab318,True,
Training,Training/images/비닐/리필용기/15_X170_C886_0330/15_X170_C886_0330_2.jpg,Training/labels/비닐/리필용기/15_X170_C886_0330/15_X170_C886_0330_2.json,15_X170_C886_0330_2.jpg,비닐,리필용기,비닐/리필용기,1440,1921,1440,1921,True,실내,주간,1,1,1,True,0,b168dc0888af1e41dea2917553b5b7706ebcef59,True,
Training,Training/images/비닐/리필용기/15_X562_C887_0330/15_X562_C887_0330_3.jpg,Training/labels/비닐/리필용기/15_X562_C887_0330/15_X562_C887_0330_3.json,15_X562_C887_0330_3.jpg,비닐,리필용기,비닐/리필용기,1440,1921,1440,1921,True,실외,주간,1,1,1,True,0,77fa4fc46fe00c659a86599f25e126ec18fc70a7,True,
Training,Training/images/비닐/리필용기/15_X652_C886_0330/15_X652_C886_0330_0.jpg,Training/labels/비닐/리필용기/15_X652_C886_0330/15_X652_C886_0330_0.json,15_X652_C886_0330_0.jpg,비닐,리필용기,비닐/리필용기,1440,1921,1440,1921,True,실외,주간,1,1,1,True,0,b9b1557d62e62f4a779312d1ce91386c2649049c,True,
Training,Training/images/비닐/리필용기/15_X691_C887_0330/15_X691_C887_0330_2.jpg,Training/labels/비닐/리필용기/15_X691_C887_0330/15_X691_C887_0330_2.json,15_X691_C887_0330_2.jpg,비닐,리필용기,비닐/리필용기,1440,1921,1440,1921,True,실내,주간,1,1,1,True,0,5b1f6b8b3a1f3b4a28d9e7daa74be39dd799d196,True,
Training,Training/images/비닐/리필용기/15_X693_C886_0330/15_X693_C886_0330_0.jpg,Training/labels/비닐/리필용기/15_X693_C886_0330/15_X693_C886_0330_0.json,15_X693_C886_0330_0.jpg,비닐,리필용기,비닐/리필용기,1440,1921,1440,1921,True,실외,주간,1,1,1,True,0,8ddecc971d278ccce2ece9d0b1de5b1ecf7ff025,True,
Training,Training/images/비닐/리필용기/15_X760_C887_0330/15_X760_C887_0330_0.jpg,Training/labels/비닐/리필용기/15_X760_C887_0330/15_X760_C887_0330_0.json,15_X760_C887_0330_0.jpg,비닐,리필용기,비닐/리필용기,1440,1921,1440,1921,True,실외,주간,1,1,1,True,0,4eac152cd6a6ca8a21f81ce76cac986d0cfa65a6,True,
Training,Training/images/비닐/리필용기/15_X836_C886_0330/15_X836_C886_0330_3.jpg,Training/labels/비닐/리필용기/15_X836_C886_0330/15_X836_C886_0330_3.json,15_X836_C886_0330_3.jpg,비닐,리필용기,비닐/리필용기,1921,1440,1921,1440,True,실외,주간,1,1,1,True,0,88c2a59667297f32e235dfca485a8409a330fe93,True,
Training,Training/images/비닐/리필용기/15_X912_C888_0330/15_X912_C888_0330_0.jpg,Training/labels/비닐/리필용기/15_X912_C888_0330/15_X912_C888_0330_0.json,15_X912_C888_0330_0.jpg,비닐,리필용기,비닐/리필용기,1921,1440,1921,1440,True,실외,주간,1,1,1,True,0,b25073841c483e4ca358d716282d8c27e501261f,True,
Training,Training/images/비닐/봉투/15_X001_C011_1005/15_X001_C011_1005_3.jpg,Training/labels/비닐/봉투/15_X001_C011_1005/15_X001_C011_1005_3.json,15_X001_C011_1005_3.jpg,비닐,봉투,비닐/봉투,1920,1440,1920,1440,True,실외,주간,1,1,1,True,0,694b2adcaee10141d638824b6a79c0d825c018af,True,
Training,Training/images/비닐/봉투/15_X001_C023_0929/15_X001_C023_0929_0.jpg,Training/labels/비닐/봉투/15_X001_C023_0929/15_X001_C023_0929_0.json,15_X001_C023_0929_0.jpg,비닐,봉투,비닐/봉투,1920,1440,1920,1440,True,실외,주간,1,1,1,True,0,4c4ee81520802608e04918aac8e4412a353c583d,True,
Training,Training/images/비닐/봉투/15_X001_C162_1007/15_X001_C162_1007_2.jpg,Training/labels/비닐/봉투/15_X001_C162_1007/15_X001_C162_1007_2.json,15_X001_C162_1007_2.jpg,비닐,봉투,비닐/봉투,1920,1080,1920,1080,True,실외,주간,1,1,1,True,0,892086c9c9119bf60ad961410863cfc58d880753,True,
Training,Training/images/비닐/봉투/15_X002_C052_1022/15_X002_C052_1022_3.jpg,Training/labels/비닐/봉투/15_X002_C052_1022/15_X002_C052_1022_3.json,15_X002_C052_1022_3.jpg,비닐,봉투,비닐/봉투,1920,1440,1920,1440,True,실외,주간,1,1,1,True,0,6f877b1a26fdc2f49510bf5650b11e5e148925c6,True,
Training,Training/images/비닐/봉투/15_X002_C056_0929/15_X002_C056_0929_1.jpg,Training/labels/비닐/봉투/15_X002_C056_0929/15_X002_C056_0929_1.json,15_X002_C056_0929_1.jpg,비닐,봉투,비닐/봉투,1920,1440,1920,1440,True,실외,주간,1,1,1,True,0,296a1f2d47a0ef32369321f323e132c82245036a,True,
Training,Training/images/비닐/봉투/15_X005_C023_1012/15_X005_C023_1012_1.jpg,Training/labels/비닐/봉투/15_X005_C023_1012/15_X005_C023_1012_1.json,15_X005_C023_1012_1.jpg,비닐,봉투,비닐/봉투,1920,1440,1920,1440,True,실외,주간,1,1,1,True,0,5a01e91dcda4648a6c566d95835be999b75a2b33,True,
Training,Training/images/비닐/봉투/15_X009_C203_1109/15_X009_C203_1109_2.jpg,Training/labels/비닐/봉투/15_X009_C203_1109/15_X009_C203_1109_2.json,15_X009_C203_1109_2.jpg,비닐,봉투,비닐/봉투,1920,1080,1920,1080,True,실외,주간,1,1,1,True,0,1745ba5368325790805bb3a1996c0e47a06976e4,True,
Training,Training/images/비닐/봉투/15_X016_C023_1105/15_X016_C023_1105_2.jpg,Training/labels/비닐/봉투/15_X016_C023_1105/15_X016_C023_1105_2.json,15_X016_C023_1105_2.jpg,비닐,봉투,비닐/봉투,1920,1080,1920,1080,True,실외,주간,1,1,1,True,0,287876ba192d2411a15f05e0cd008e7155b3691d,True,
Training,Training/images/비닐/봉투/15_X081_C985_0319/15_X081_C985_0319_1.jpg,Training/labels/비닐/봉투/15_X081_C985_0319/15_X081_C985_0319_1.json,15_X081_C985_0319_1.jpg,비닐,봉투,비닐/봉투,1440,1921,1440,1921,True,실외,주간,1,1,1,True,0,3122205c742a7bd810020e41ca0d673ec76e9bf1,True,
Training,Training/images/비닐/에어캡/15_X002_C012_1020/15_X002_C012_1020_1.jpg,Training/labels/비닐/에어캡/15_X002_C012_1020/15_X002_C012_1020_1.json,15_X002_C012_1020_1.jpg,비닐,에어캡,비닐/에어캡,1920,1440,1920,1440,True,실외,주간,1,1,1,True,0,0bb5bec584fd19ab7f977b7792a8269c27507d2b,True,
Training,Training/images/비닐/에어캡/15_X004_C501_0318/15_X004_C501_0318_3.jpg,Training/labels/비닐/에어캡/15_X004_C501_0318/15_X004_C501_0318_3.json,15_X004_C501_0318_3.jpg,비닐,에어캡,비닐/에어캡,1921,1440,1921,1440,True,실내,주간,1,1,1,True,0,1d30f5303384d22b389da0c038670435013ad4b0,True,
Training,Training/images/비닐/에어캡/15_X005_C023_1013/15_X005_C023_1013_1.jpg,Training/labels/비닐/에어캡/15_X005_C023_1013/15_X005_C023_1013_1.json,15_X005_C023_1013_1.jpg,비닐,에어캡,비닐/에어캡,1920,1440,1920,1440,True,실외,주간,1,1,1,True,0,f559217c9e972e418140e57b08be155c56de5293,True,
Training,Training/images/비닐/에어캡/15_X011_C710_1215/15_X011_C710_1215_4.jpg,Training/labels/비닐/에어캡/15_X011_C710_1215/15_X011_C710_1215_4.json,15_X011_C710_1215_4.jpg,비닐,에어캡,비닐/에어캡,1920,1080,1920,1080,True,실외,주간,1,1,1,True,0,1791eb38c1025e42b03f4512b9e97cf4a581e516,True,
Training,Training/images/비닐/에어캡/15_X013_C203_1027/15_X013_C203_1027_2.jpg,Training/labels/비닐/에어캡/15_X013_C203_1027/15_X013_C203_1027_2.json,15_X013_C203_1027_2.jpg,비닐,에어캡,비닐/에어캡,1920,1440,1920,1440,True,실외,주간,1,1,1,True,0,5e5ab40ea48a86abe890114339b4b4ad5a0e894d,True,
Training,Training/images/비닐/에어캡/15_X020_C509_0319/15_X020_C509_0319_1.jpg,Training/labels/비닐/에어캡/15_X020_C509_0319/15_X020_C509_0319_1.json,15_X020_C509_0319_1.jpg,비닐,에어캡,비닐/에어캡,1921,1440,1921,1440,True,실내,주간,2,2,2,True,0,52bd831a45b85946135b3ee5bbe585f719e9a37b,True,
Training,Training/images/비닐/에어캡/15_X025_C209_1106/15_X025_C209_1106_0.jpg,Training/labels/비닐/에어캡/15_X025_C209_1106/15_X025_C209_1106_0.json,15_X025_C209_1106_0.jpg,비닐,에어캡,비닐/에어캡,1920,1440,1920,1440,True,실외,주간,1,1,1,True,0,0becbc043bf851725817fce467462857aeea345f,True,
Training,Training/images/비닐/에어캡/15_X050_C101_0321/15_X050_C101_0321_4.jpg,Training/labels/비닐/에어캡/15_X050_C101_0321/15_X050_C101_0321_4.json,15_X050_C101_0321_4.jpg,비닐,에어캡,비닐/에어캡,1921,1080,1921,1080,True,실외,주간,1,1,1,True,0,d1d0f8df2798a2781c3716d3729c5a0f170c0b6d,True,
Training,Training/images/비닐/에어캡/15_X087_C985_0319/15_X087_C985_0319_3.jpg,Training/labels/비닐/에어캡/15_X087_C985_0319/15_X087_C985_0319_3.json,15_X087_C985_0319_3.jpg,비닐,에어캡,비닐/에어캡,1440,1921,1440,1921,True,실외,주간,1,1,1,True,0,949fce8d702c8335e2c0644673323069fddaecc5,True,
Training,Training/images/비닐/일회용덮개/15_X007_C203_1008/15_X007_C203_1008_4.jpg,Training/labels/비닐/일회용덮개/15_X007_C203_1008/15_X007_C203_1008_4.json,15_X007_C203_1008_4.jpg,비닐,일회용덮개,비닐/일회용덮개,1920,1440,1920,1440,True,실외,주간,1,1,1,True,0,e432030c2bd39d342c14a73ab00f7cc4337f9dbe,True,
Training,Training/images/비닐/일회용덮개/15_X009_C502_1211/15_X009_C502_1211_0.jpg,Training/labels/비닐/일회용덮개/15_X009_C502_1211/15_X009_C502_1211_0.json,15_X009_C502_1211_0.jpg,비닐,일회용덮개,비닐/일회용덮개,1440,1920,1440,1920,True,실외,주간,1,1,1,True,0,d9402245442bffd2036b34222a775b826e1084f0,True,
Training,Training/images/비닐/일회용덮개/15_X013_C502_1024/15_X013_C502_1024_1.jpg,Training/labels/비닐/일회용덮개/15_X013_C502_1024/15_X013_C502_1024_1.json,15_X013_C502_1024_1.jpg,비닐,일회용덮개,비닐/일회용덮개,1440,1920,1440,1920,True,실외,주간,1,1,1,True,0,2b8aa7c63d7ae5e4877f4b3a86a4a0aca020fa78,True,
Training,Training/images/비닐/일회용덮개/15_X030_C501_0318/15_X030_C501_0318_0.jpg,Training/labels/비닐/일회용덮개/15_X030_C501_0318/15_X030_C501_0318_0.json,15_X030_C501_0318_0.jpg,비닐,일회용덮개,비닐/일회용덮개,1440,1921,1440,1921,True,실내,주간,1,1,1,True,0,e74acd0fe7bbdf11f01904eb519d4d57b497ddff,True,
Training,Training/images/비닐/일회용덮개/15_X036_C971_0318/15_X036_C971_0318_3.jpg,Training/labels/비닐/일회용덮개/15_X036_C971_0318/15_X036_C971_0318_3.json,15_X036_C971_0318_3.jpg,비닐,일회용덮개,비닐/일회용덮개,1440,1921,1440,1921,True,실내,주간,1,1,1,True,0,94e0c57952aec1412beb12dbdcf5064c501a4e45,True,
Training,Training/images/비닐/일회용덮개/15_X058_C972_0318/15_X058_C972_0318_1.jpg,Training/labels/비닐/일회용덮개/15_X058_C972_0318/15_X058_C972_0318_1.json,15_X058_C972_0318_1.jpg,비닐,일회용덮개,비닐/일회용덮개,1921,1081,1921,1081,True,실내,주간,1,1,1,True,0,0bce6f2084952af3a2229a9e539bd6be436a32ce,True,
Training,Training/images/비닐/일회용덮개/15_X070_C501_0318/15_X070_C501_0318_2.jpg,Training/labels/비닐/일회용덮개/15_X070_C501_0318/15_X070_C501_0318_2.json,15_X070_C501_0318_2.jpg,비닐,일회용덮개,비닐/일회용덮개,1921,1440,1921,1440,True,실내,주간,1,1,1,True,0,31c39020cb58e00eaae369a0e42e4b9f0a4c0d57,True,
Training,Training/images/비닐/일회용덮개/15_X099_C502_1216/15_X099_C502_1216_0.jpg,Training/labels/비닐/일회용덮개/15_X099_C502_1216/15_X099_C502_1216_0.json,15_X099_C502_1216_0.jpg,비닐,일회용덮개,비닐/일회용덮개,1440,1920,1440,1920,True,실외,주간,1,1,1,True,0,116b5052441c53bd75b9905c55926f042311d3dc,True,
Training,Training/images/비닐/일회용덮개/15_X126_C501_0318/15_X126_C501_0318_0.jpg,Training/labels/비닐/일회용덮개/15_X126_C501_0318/15_X126_C501_0318_0.json,15_X126_C501_0318_0.jpg,비닐,일회용덮개,비닐/일회용덮개,1921,1440,1921,1440,True,실내,주간,1,1,1,True,0,cf0a691d3f7575803f5177ec20c5598ba267fa34,True,
Training,Training/images/비닐/포장제/15_X012_C014_1030/15_X012_C014_1030_0.jpg,Training/labels/비닐/포장제/15_X012_C014_1030/15_X012_C014_1030_0.json,15_X012_C014_1030_0.jpg,비닐,포장제,비닐/포장제,1920,1080,1920,1080,True,실외,주간,1,1,1,True,0,422dc50d775c35ca4f81aa51dd4e155329635376,True,
Training,Training/images/비닐/포장제/15_X013_C509_0111/15_X013_C509_0111_2.jpg,Training/labels/비닐/포장제/15_X013_C509_0111/15_X013_C509_0111_2.json,15_X013_C509_0111_2.jpg,비닐,포장제,비닐/포장제,1920,1920,1920,1920,True,실외,주간,1,1,1,True,0,40f2c036dae4277601998d9894cf37cd990edc28,True,
Training,Training/images/비닐/포장제/15_X015_C802_0217/15_X015_C802_0217_1.jpg,Training/labels/비닐/포장제/15_X015_C802_0217/15_X015_C802_0217_1.json,15_X015_C802_0217_1.jpg,비닐,포장제,비닐/포장제,1440,1921,1440,1921,True,실외,주간,1,1,1,True,0,9687eef2b0fd261533e6404eaf7abd44c3600f87,True,
Training,Training/images/비닐/포장제/15_X020_C189_1109/15_X020_C189_1109_3.jpg,Training/labels/비닐/포장제/15_X020_C189_1109/15_X020_C189_1109_3.json,15_X020_C189_1109_3.jpg,비닐,포장제,비닐/포장제,1920,1920,1920,1920,True,실외,주간,1,1,1,True,0,1387e42e7fafc875978140bea4e02cd9b8467022,True,
Training,Training/images/비닐/포장제/15_X020_C194_1112/15_X020_C194_1112_0.jpg,Training/labels/비닐/포장제/15_X020_C194_1112/15_X020_C194_1112_0.json,15_X020_C194_1112_0.jpg,비닐,포장제,비닐/포장제,1920,1080,1920,1080,True,실외,주간,1,1,1,True,0,2da716a2628d7badb4db6610e2d8f580f1ddd863,True,
Training,Training/images/비닐/포장제/15_X033_C509_0319/15_X033_C509_0319_2.jpg,Training/labels/비닐/포장제/15_X033_C509_0319/15_X033_C509_0319_2.json,15_X033_C509_0319_2.jpg,비닐,포장제,비닐/포장제,1921,1440,1921,1440,True,실외,주간,1,1,1,True,0,bac5b079796ea86e0bf514e7a34a2dd707ff6267,True,
Training,Training/images/비닐/포장제/15_X147_C887_0330/15_X147_C887_0330_0.jpg,Training/labels/비닐/포장제/15_X147_C887_0330/15_X147_C887_0330_0.json,15_X147_C887_0330_0.jpg,비닐,포장제,비닐/포장제,1440,1921,1440,1921,True,실외,주간,1,1,1,True,0,80dc7ac18d8938e9604e31509635e4da2a2d3c44,True,
Training,Training/images/비닐/포장제/15_X310_C887_0330/15_X310_C887_0330_1.jpg,Training/labels/비닐/포장제/15_X310_C887_0330/15_X310_C887_0330_1.json,15_X310_C887_0330_1.jpg,비닐,포장제,비닐/포장제,1440,1921,1440,1921,True,실외,주간,1,1,1,True,0,d214fba020682d1ab92d04af8b9cf759a9cfb99e,True,
Training,Training/images/비닐/포장제/15_X758_C888_0330/15_X758_C888_0330_2.jpg,Training/labels/비닐/포장제/15_X758_C888_0330/15_X758_C888_0330_2.json,15_X758_C888_0330_2.jpg,비닐,포장제,비닐/포장제,1921,1440,1921,1440,True,실내,주간,1,1,1,True,0,4f683789d44a5817d6b8b67ffd184354223ca6d0,True,
Training,Training/images/스티로폼/네모트레이/16_X004_C103_0321/16_X004_C103_0321_1.jpg,Training/labels/스티로폼/네모트레이/16_X004_C103_0321/16_X004_C103_0321_1.json,16_X004_C103_0321_1.jpg,스티로폼,네모트레이,스티로폼/네모트레이,1921,1080,1921,1080,True,실내,주간,1,1,1,True,0,ffa484e48759d3116445cff78295d0dde9cc72bf,True,
Training,Training/images/스티로폼/네모트레이/16_X009_C509_0118/16_X009_C509_0118_3.jpg,Training/labels/스티로폼/네모트레이/16_X009_C509_0118/16_X009_C509_0118_3.json,16_X009_C509_0118_3.jpg,스티로폼,네모트레이,스티로폼/네모트레이,1920,1920,1920,1920,True,실외,주간,1,1,1,True,0,2cdbcd2f33ed0a59c7b586d17ca004e438dac398,True,
Training,Training/images/스티로폼/네모트레이/16_X010_C520_0115/16_X010_C520_0115_2.jpg,Training/labels/스티로폼/네모트레이/16_X010_C520_0115/16_X010_C520_0115_2.json,16_X010_C520_0115_2.jpg,스티로폼,네모트레이,스티로폼/네모트레이,1920,1080,1920,1080,True,실외,주간,2,2,2,True,0,130f825a04cfd587b3290d7f27ccfd07ea24cd66,True,
Training,Training/images/스티로폼/네모트레이/16_X017_C555_0114/16_X017_C555_0114_2.jpg,Training/labels/스티로폼/네모트레이/16_X017_C555_0114/16_X017_C555_0114_2.json,16_X017_C555_0114_2.jpg,스티로폼,네모트레이,스티로폼/네모트레이,1920,1080,1920,1080,True,실외,주간,2,2,2,True,0,c940303c7c1e93d0c081389de0995cd1ef11f3e7,True,
Training,Training/images/스티로폼/네모트레이/16_X057_C551_0114/16_X057_C551_0114_2.jpg,Training/labels/스티로폼/네모트레이/16_X057_C551_0114/16_X057_C551_0114_2.json,16_X057_C551_0114_2.jpg,스티로폼,네모트레이,스티로폼/네모트레이,1920,1080,1920,1080,True,실외,주간,2,2,2,True,0,f8db9443e32299dafeba5e4737c403630496859b,True,
Training,Training/images/스티로폼/네모트레이/16_X065_C555_0115/16_X065_C555_0115_3.jpg,Training/labels/스티로폼/네모트레이/16_X065_C555_0115/16_X065_C555_0115_3.json,16_X065_C555_0115_3.jpg,스티로폼,네모트레이,스티로폼/네모트레이,1920,1080,1920,1080,True,실외,주간,2,2,2,True,0,d92581838c0b4bb123ce34379f3b325e2ecdb949,True,
Training,Training/images/스티로폼/네모트레이/16_X097_C581_0114/16_X097_C581_0114_4.jpg,Training/labels/스티로폼/네모트레이/16_X097_C581_0114/16_X097_C581_0114_4.json,16_X097_C581_0114_4.jpg,스티로폼,네모트레이,스티로폼/네모트레이,1920,1080,1920,1080,True,실외,주간,2,2,2,True,0,287fe7cb5fa8adb80d5e0f1773ee6aa95b7c55e9,True,
Training,Training/images/스티로폼/네모트레이/16_X099_C581_0116/16_X099_C581_0116_1.jpg,Training/labels/스티로폼/네모트레이/16_X099_C581_0116/16_X099_C581_0116_1.json,16_X099_C581_0116_1.jpg,스티로폼,네모트레이,스티로폼/네모트레이,1920,1080,1920,1080,True,실외,주간,2,2,2,True,0,3f6b3ad39ec21f219313ee376041c11a33ace06d,True,
Training,Training/images/스티로폼/네모트레이/16_X242_C499_0325/16_X242_C499_0325_0.jpg,Training/labels/스티로폼/네모트레이/16_X242_C499_0325/16_X242_C499_0325_0.json,16_X242_C499_0325_0.jpg,스티로폼,네모트레이,스티로폼/네모트레이,1080,1921,1080,1921,True,실외,주간,1,1,1,True,0,25c4560f5b478d5ebf7f2f69181ac33515b359f2,True,
Training,Training/images/스티로폼/보호재/16_X003_C014_1208/16_X003_C014_1208_0.jpg,Training/labels/스티로폼/보호재/16_X003_C014_1208/16_X003_C014_1208_0.json,16_X003_C014_1208_0.jpg,스티로폼,보호재,스티로폼/보호재,2222,1080,2222,1080,True,실외,주간,2,2,2,True,0,2006d48dd0c4c40e9d1fb84d596e8ba94451f7f0,True,
Training,Training/images/스티로폼/보호재/16_X005_C320_1203/16_X005_C320_1203_3.jpg,Training/labels/스티로폼/보호재/16_X005_C320_1203/16_X005_C320_1203_3.json,16_X005_C320_1203_3.jpg,스티로폼,보호재,스티로폼/보호재,1920,1080,1920,1080,True,실외,주간,2,2,2,True,0,b33b4e3a368ec89848b159d58d8b9adec4b1d477,True,
Training,Training/images/스티로폼/보호재/16_X008_C321_1109/16_X008_C321_1109_1.jpg,Training/labels/스티로폼/보호재/16_X008_C321_1109/16_X008_C321_1109_1.json,16_X008_C321_1109_1.jpg,스티로폼,보호재,스티로폼/보호재,1920,1920,1920,1920,True,실외,주간,1,1,1,True,0,2fee2206d961a03ec556048da026b1ec6a3ff2d9,True,
Training,Training/images/스티로폼/보호재/16_X035_C499_0325/16_X035_C499_0325_3.jpg,Training/labels/스티로폼/보호재/16_X035_C499_0325/16_X035_C499_0325_3.json,16_X035_C499_0325_3.jpg,스티로폼,보호재,스티로폼/보호재,1921,1080,1921,1080,True,실내,주간,1,1,1,True,0,94bbbb22aa7576b76c0ded4bd842778a5149d0cd,True,
Training,Training/images/스티로폼/보호재/16_X050_C101_0321/16_X050_C101_0321_2.jpg,Training/labels/스티로폼/보호재/16_X050_C101_0321/16_X050_C101_0321_2.json,16_X050_C101_0321_2.jpg,스티로폼,보호재,스티로폼/보호재,1921,1080,1921,1080,True,실외,주간,1,1,1,True,0,fc326d0be40f28404297bc3f2856470b0b4aeff9,True,
Training,Training/images/스티로폼/보호재/16_X063_C101_0321/16_X063_C101_0321_1.jpg,Training/labels/스티로폼/보호재/16_X063_C101_0321/16_X063_C101_0321_1.json,16_X063_C101_0321_1.jpg,스티로폼,보호재,스티로폼/보호재,2221,1080,2221,1080,True,실외,주간,1,1,1,True,0,2ca034efd5e101e5387595489fa715883c71cab5,True,
Training,Training/images/스티로폼/보호재/16_X185_C976_0325/16_X185_C976_0325_4.jpg,Training/labels/스티로폼/보호재/16_X185_C976_0325/16_X185_C976_0325_4.json,16_X185_C976_0325_4.jpg,스티로폼,보호재,스티로폼/보호재,1440,1921,1440,1921,True,실외,주간,1,1,1,True,0,a3ef24c720367293ab3291eafddfc582239e9d20,True,
Training,Training/images/스티로폼/보호재/16_X219_C509_0401/16_X219_C509_0401_0.jpg,Training/labels/스티로폼/보호재/16_X219_C509_0401/16_X219_C509_0401_0.json,16_X219_C509_0401_0.jpg,스티로폼,보호재,스티로폼/보호재,1440,1921,1440,1921,True,실외,주간,1,1,1,True,0,d44e3e738b2389e6888233fbfd7a1f2ce2254a47,True,
Training,Training/images/스티로폼/보호재/16_X308_C500_0325/16_X308_C500_0325_1.jpg,Training/labels/스티로폼/보호재/16_X308_C500_0325/16_X308_C500_0325_1.json,16_X308_C500_0325_1.jpg,스티로폼,보호재,스티로폼/보호재,1440,1921,1440,1921,True,실내,주간,1,1,1,True,0,9f2711ea054d8cfe7b923671abea20dde7b3e0bc,True,
Training,Training/images/스티로폼/스티로폼/16_X001_C193_1224/16_X001_C193_1224_4.jpg,Training/labels/스티로폼/스티로폼/16_X001_C193_1224/16_X001_C193_1224_4.json,16_X001_C193_1224_4.jpg,스티로폼,스티로폼,스티로폼/스티로폼,1920,1440,1920,1440,True,실외,주간,1,1,1,True,0,54c2d38f8eed90977d8ceb7c14a85fce9f69a947,True,
Training,Training/images/스티로폼/스티로폼/16_X003_C039_1103/16_X003_C039_1103_2.jpg,Training/labels/스티로폼/스티로폼/16_X003_C039_1103/16_X003_C039_1103_2.json,16_X003_C039_1103_2.jpg,스티로폼,스티로폼,스티로폼/스티로폼,1920,1080,1920,1080,True,실외,주간,1,1,1,True,0,59ec1ea12b293f4240e250301ad450bfff5f43bc,True,
Training,Training/images/스티로폼/스티로폼/16_X003_C094_0321/16_X003_C094_0321_3.jpg,Training/labels/스티로폼/스티로폼/16_X003_C094_0321/16_X003_C094_0321_3.json,16_X003_C094_0321_3.jpg,스티로폼,스티로폼,스티로폼/스티로폼,1921,1080,1921,1080,True,실외,주간,1,1,1,True,0,9350835e5c3177fcb38d16a05bca61054869f45c,True,
Training,Training/images/스티로폼/스티로폼/16_X004_C509_0123/16_X004_C509_0123_2.jpg,Training/labels/스티로폼/스티로폼/16_X004_C509_0123/16_X004_C509_0123_2.json,16_X004_C509_0123_2.jpg,스티로폼,스티로폼,스티로폼/스티로폼,1440,1921,1440,1921,True,실외,주간,1,1,1,True,0,882a7e5a66309689488aa4b1ed8d175a4cd33b66,True,
Training,Training/images/스티로폼/스티로폼/16_X006_C192_1116/16_X006_C192_1116_4.jpg,Training/labels/스티로폼/스티로폼/16_X006_C192_1116/16_X006_C192_1116_4.json,16_X006_C192_1116_4.jpg,스티로폼,스티로폼,스티로폼/스티로폼,1920,1440,1920,1440,True,실외,주간,1,1,1,True,0,b9bca0fc2937b4c897c7a9652113618077896e5e,True,
Training,Training/images/스티로폼/스티로폼/16_X019_C551_0116/16_X019_C551_0116_0.jpg,Training/labels/스티로폼/스티로폼/16_X019_C551_0116/16_X019_C551_0116_0.json,16_X019_C551_0116_0.jpg,스티로폼,스티로폼,스티로폼/스티로폼,1920,1080,1920,1080,True,실외,주간,2,2,2,True,0,84a468c30dc8f210e8c7cf4ed0207dd105211baa,True,
Training,Training/images/스티로폼/스티로폼/16_X210_C556_0114/16_X210_C556_0114_2.jpg,Training/labels/스티로폼/스티로폼/16_X210_C556_0114/16_X210_C556_0114_2.json,16_X210_C556_0114_2.jpg,스티로폼,스티로폼,스티로폼/스티로폼,1920,1440,1920,1440,True,실외,주간,1,1,1,True,0,41ab6e1c51181981fead7fdfb473f1638ba9f426,True,
Training,Training/images/스티로폼/스티로폼/16_X216_C551_0114/16_X216_C551_0114_1.jpg,Training/labels/스티로폼/스티로폼/16_X216_C551_0114/16_X216_C551_0114_1.json,16_X216_C551_0114_1.jpg,스티로폼,스티로폼,스티로폼/스티로폼,1920,1080,1920,1080,True,실외,주간,2,2,2,True,0,71306249b30908121f8b715eba955a02983af626,True,
Training,Training/images/스티로폼/스티로폼/16_X321_C509_0401/16_X321_C509_0401_0.jpg,Training/labels/스티로폼/스티로폼/16_X321_C509_0401/16_X321_C509_0401_0.json,16_X321_C509_0401_0.jpg,스티로폼,스티로폼,스티로폼/스티로폼,1440,1921,1440,1921,True,실외,주간,1,1,1,True,0,97d450c069418d61319313407cea43af9f3f0d18,True,
Training,Training/images/스티로폼/포장용기/16_X001_C014_1006/16_X001_C014_1006_0.jpg,Training/labels/스티로폼/포장용기/16_X001_C014_1006/16_X001_C014_1006_0.json,16_X001_C014_1006_0.jpg,스티로폼,포장용기,스티로폼/포장용기,1920,1080,1920,1080,True,실외,주간,1,1,1,True,0,4ce6c9704209c7b4aed0a84e0affdb7e12244e51,True,
Training,Training/images/스티로폼/포장용기/16_X005_C023_0115/16_X005_C023_0115_1.jpg,Training/labels/스티로폼/포장용기/16_X005_C023_0115/16_X005_C023_0115_1.json,16_X005_C023_0115_1.jpg,스티로폼,포장용기,스티로폼/포장용기,1920,1080,1920,1080,True,실외,주간,2,2,2,True,0,6d636aa2a2390273eadccd137a393aa87fe200b8,True,
Training,Training/images/스티로폼/포장용기/16_X013_C508_0320/16_X013_C508_0320_4.jpg,Training/labels/스티로폼/포장용기/16_X013_C508_0320/16_X013_C508_0320_4.json,16_X013_C508_0320_4.jpg,스티로폼,포장용기,스티로폼/포장용기,1921,1080,1921,1080,True,실외,주간,1,1,1,True,0,697b6b6ae84f95e72a812c9089afb7d9afd37e90,True,
Training,Training/images/스티로폼/포장용기/16_X022_C088_0321/16_X022_C088_0321_2.jpg,Training/labels/스티로폼/포장용기/16_X022_C088_0321/16_X022_C088_0321_2.json,16_X022_C088_0321_2.jpg,스티로폼,포장용기,스티로폼/포장용기,1921,1080,1921,1080,True,실내,주간,1,1,1,True,0,638593188b6a82da5d84d4c36f8e5f2173c5a573,True,
Training,Training/images/스티로폼/포장용기/16_X062_C093_0321/16_X062_C093_0321_4.jpg,Training/labels/스티로폼/포장용기/16_X062_C093_0321/16_X062_C093_0321_4.json,16_X062_C093_0321_4.jpg,스티로폼,포장용기,스티로폼/포장용기,1921,1080,1921,1080,True,실외,주간,1,1,1,True,0,c46f79dfe5ec430eba0312d8afbf1f506380c189,True,
Training,Training/images/스티로폼/포장용기/16_X066_C509_0320/16_X066_C509_0320_4.jpg,Training/labels/스티로폼/포장용기/16_X066_C509_0320/16_X066_C509_0320_4.json,16_X066_C509_0320_4.jpg,스티로폼,포장용기,스티로폼/포장용기,1921,1080,1921,1080,True,실외,주간,1,1,1,True,0,73fa690a8ee8f2e0f8c6ef2450cd7e75a08c2cd9,True,
Training,Training/images/스티로폼/포장용기/16_X067_C581_0115/16_X067_C581_0115_3.jpg,Training/labels/스티로폼/포장용기/16_X067_C581_0115/16_X067_C581_0115_3.json,16_X067_C581_0115_3.jpg,스티로폼,포장용기,스티로폼/포장용기,1920,1080,1920,1080,True,실외,주간,2,2,2,True,0,f93f66cf65e6fc17803327d29c27a81fe31be14e,True,
Training,Training/images/스티로폼/포장용기/16_X085_C581_0116/16_X085_C581_0116_3.jpg,Training/labels/스티로폼/포장용기/16_X085_C581_0116/16_X085_C581_0116_3.json,16_X085_C581_0116_3.jpg,스티로폼,포장용기,스티로폼/포장용기,1920,1080,1920,1080,True,실외,주간,2,2,2,True,0,09dedf3f543302291bce726b21a93576af2afc76,True,
Training,Training/images/스티로폼/포장용기/16_X219_C556_0114/16_X219_C556_0114_2.jpg,Training/labels/스티로폼/포장용기/16_X219_C556_0114/16_X219_C556_0114_2.json,16_X219_C556_0114_2.jpg,스티로폼,포장용기,스티로폼/포장용기,1920,1440,1920,1440,True,실외,주간,1,1,1,True,0,871a68fd641abeea1841d3cb040b4c6f8a6be4e5,True,
Training,Training/images/유리병/기타/17_X018_C196_1124/17_X018_C196_1124_3.jpg,Training/labels/유리병/기타/17_X018_C196_1124/17_X018_C196_1124_3.json,17_X018_C196_1124_3.jpg,유리병,기타,유리병/기타,1921,1081,1921,1081,True,실외,주간,1,1,1,True,0,a4f5373317f6c070ce47344acb68e260ccc003e6,True,
Training,Training/images/유리병/기타/17_X020_C175_1125/17_X020_C175_1125_1.jpg,Training/labels/유리병/기타/17_X020_C175_1125/17_X020_C175_1125_1.json,17_X020_C175_1125_1.jpg,유리병,기타,유리병/기타,1921,1440,1921,1440,True,실외,주간,1,1,1,True,0,ef63e8df62f94f00b3b53dde19751b00da8d45d7,True,
Training,Training/images/유리병/기타/17_X027_C323_0116/17_X027_C323_0116_1.jpg,Training/labels/유리병/기타/17_X027_C323_0116/17_X027_C323_0116_1.json,17_X027_C323_0116_1.jpg,유리병,기타,유리병/기타,1921,1440,1921,1440,True,실외,주간,1,1,1,True,0,2a81dbec955836c5f04212b743001f0795c95b60,True,
Training,Training/images/유리병/기타/17_X040_C172_0107/17_X040_C172_0107_4.jpg,Training/labels/유리병/기타/17_X040_C172_0107/17_X040_C172_0107_4.json,17_X040_C172_0107_4.jpg,유리병,기타,유리병/기타,1921,1440,1921,1440,True,실외,주간,1,1,1,True,0,a642468e3d5468eb2e03f52839c7ad49bedcce57,True,
Training,Training/images/유리병/기타/17_X081_C509_0129/17_X081_C509_0129_3.jpg,Training/labels/유리병/기타/17_X081_C509_0129/17_X081_C509_0129_3.json,17_X081_C509_0129_3.jpg,유리병,기타,유리병/기타,1921,1921,1921,1921,True,실외,주간,1,1,1,True,0,ea640586467dbb71fcda26747846d52ff91ae5de,True,
Training,Training/images/유리병/기타/17_X324_C777_0330/17_X324_C777_0330_3.jpg,Training/labels/유리병/기타/17_X324_C777_0330/17_X324_C777_0330_3.json,17_X324_C777_0330_3.jpg,유리병,기타,유리병/기타,1080,1921,1080,1921,True,실외,주간,1,1,1,True,0,31a7b34d1ad3872ab981ddebc8985ae2ecd72cdb,True,
Training,Training/images/유리병/기타/17_X368_C976_0331/17_X368_C976_0331_0.jpg,Training/labels/유리병/기타/17_X368_C976_0331/17_X368_C976_0331_0.json,17_X368_C976_0331_0.jpg,유리병,기타,유리병/기타,1440,1921,1440,1921,True,실외,주간,1,1,1,True,0,07382d0bf89daeb2b44e5077aa86585f4334d39a,True,
Training,Training/images/유리병/기타/17_X370_C976_0331/17_X370_C976_0331_2.jpg,Training/labels/유리병/기타/17_X370_C976_0331/17_X370_C976_0331_2.json,17_X370_C976_0331_2.jpg,유리병,기타,유리병/기타,1921,1440,1921,1440,True,실외,주간,1,1,1,True,0,10c8142934bd80b3791189735b41086e089b2855,True,
Training,Training/images/유리병/기타/17_X383_C500_0331/17_X383_C500_0331_2.jpg,Training/labels/유리병/기타/17_X383_C500_0331/17_X383_C500_0331_2.json,17_X383_C500_0331_2.jpg,유리병,기타,유리병/기타,1440,1921,1440,1921,True,실외,주간,1,1,1,True,0,ec51a2661d5983547ff3a63c89e65db4f52e1318,True,
Training,Training/images/유리병/기타술병/17_X002_C209_1130/17_X002_C209_1130_2.jpg,Training/labels/유리병/기타술병/17_X002_C209_1130/17_X002_C209_1130_2.json,17_X002_C209_1130_2.jpg,유리병,기타술병,유리병/기타술병,1920,1440,1920,1440,True,실외,주간,1,1,1,True,0,f542b505bca51ba55701c4f72eb9530afdf5699f,True,
Training,Training/images/유리병/기타술병/17_X003_C053_1106/17_X003_C053_1106_3.jpg,Training/labels/유리병/기타술병/17_X003_C053_1106/17_X003_C053_1106_3.json,17_X003_C053_1106_3.jpg,유리병,기타술병,유리병/기타술병,1920,1080,1920,1080,True,실외,주간,1,1,1,True,0,a5923ac9fb5d2f6b37ef251be1182837e2de4193,True,
Training,Training/images/유리병/기타술병/17_X005_C014_1119/17_X005_C014_1119_0.jpg,Training/labels/유리병/기타술병/17_X005_C014_1119/17_X005_C014_1119_0.json,17_X005_C014_1119_0.jpg,유리병,기타술병,유리병/기타술병,2221,1080,2221,1080,True,실외,주간,1,1,1,True,0,3b9bb09f15e28c9d7c3b2698436f2d37786a6608,True,
Training,Training/images/유리병/기타술병/17_X006_C320_1105/17_X006_C320_1105_2.jpg,Training/labels/유리병/기타술병/17_X006_C320_1105/17_X006_C320_1105_2.json,17_X006_C320_1105_2.jpg,유리병,기타술병,유리병/기타술병,1920,1080,1920,1080,True,실외,주간,1,1,1,True,0,db9df61b811c5a6a66bc0463e741b678a8a588c4,True,
Training,Training/images/유리병/기타술병/17_X007_C012_1110/17_X007_C012_1110_0.jpg,Training/labels/유리병/기타술병/17_X007_C012_1110/17_X007_C012_1110_0.json,17_X007_C012_1110_0.jpg,유리병,기타술병,유리병/기타술병,1920,1440,1920,1440,True,실외,주간,1,1,1,True,0,b18f75f9f0df5b2bd15f944967d9c727157de317,True,
Training,Training/images/유리병/기타술병/17_X009_C198_1113/17_X009_C198_1113_2.jpg,Training/labels/유리병/기타술병/17_X009_C198_1113/17_X009_C198_1113_2.json,17_X009_C198_1113_2.jpg,유리병,기타술병,유리병/기타술병,1920,1440,1920,1440,True,실외,주간,1,1,1,True,0,4bf6221ab253faea12e82f3ffc3ccb26729a676f,True,
Training,Training/images/유리병/기타술병/17_X010_C052_1117/17_X010_C052_1117_4.jpg,Training/labels/유리병/기타술병/17_X010_C052_1117/17_X010_C052_1117_4.json,17_X010_C052_1117_4.jpg,유리병,기타술병,유리병/기타술병,1920,1440,1920,1440,True,실외,주간,1,1,1,True,0,4644109aef5420b16c42907c160fc693296d0b19,True,
Training,Training/images/유리병/기타술병/17_X038_C900_1021/17_X038_C900_1021_3.jpg,Training/labels/유리병/기타술병/17_X038_C900_1021/17_X038_C900_1021_3.json,17_X038_C900_1021_3.jpg,유리병,기타술병,유리병/기타술병,1920,1440,1920,1440,True,실외,주간,1,1,1,True,0,18df5c3a03d75702f6a62062c637c84bf2a022e8,True,
Training,Training/images/유리병/기타술병/17_X084_C193_1127/17_X084_C193_1127_4.jpg,Training/labels/유리병/기타술병/17_X084_C193_1127/17_X084_C193_1127_4.json,17_X084_C193_1127_4.jpg,유리병,기타술병,유리병/기타술병,1920,1440,1920,1440,True,실외,주간,1,1,1,True,0,d592f6cf21be12d9eda6655b4dc2d9841219f6d6,True,
Training,Training/images/유리병/맥주병/17_X001_C194_1116/17_X001_C194_1116_0.jpg,Training/labels/유리병/맥주병/17_X001_C194_1116/17_X001_C194_1116_0.json,17_X001_C194_1116_0.jpg,유리병,맥주병,유리병/맥주병,1920,1080,1920,1080,True,실외,주간,1,1,1,True,0,309667530cfcb280e4d6f76b30959a97c187feed,True,
Training,Training/images/유리병/맥주병/17_X002_C039_1127/17_X002_C039_1127_3.jpg,Training/labels/유리병/맥주병/17_X002_C039_1127/17_X002_C039_1127_3.json,17_X002_C039_1127_3.jpg,유리병,맥주병,유리병/맥주병,1920,1080,1920,1080,True,실외,주간,1,1,1,True,0,8dd5d8efd0b1a4acebf1e10240b8732443fd4c69,True,
Training,Training/images/유리병/맥주병/17_X002_C326_1102/17_X002_C326_1102_2.jpg,Training/labels/유리병/맥주병/17_X002_C326_1102/17_X002_C326_1102_2.json,17_X002_C326_1102_2.jpg,유리병,맥주병,유리병/맥주병,1920,1440,1920,1440,True,실외,주간,1,1,1,True,0,c55922b9ad95816fc278e1a36bf7dfe939bb5eff,True,
Training,Training/images/유리병/맥주병/17_X003_C198_1108/17_X003_C198_1108_3.jpg,Training/labels/유리병/맥주병/17_X003_C198_1108/17_X003_C198_1108_3.json,17_X003_C198_1108_3.jpg,유리병,맥주병,유리병/맥주병,1920,1440,1920,1440,True,실외,주간,1,1,1,True,0,0591f242072ecfee5d66d0b41fb282e8d4d9be62,True,
Training,Training/images/유리병/맥주병/17_X003_C208_1112/17_X003_C208_1112_3.jpg,Training/labels/유리병/맥주병/17_X003_C208_1112/17_X003_C208_1112_3.json,17_X003_C208_1112_3.jpg,유리병,맥주병,유리병/맥주병,1920,1080,1920,1080,True,실외,주간,1,1,1,True,0,d109f541cf97ee674cb6601e0a70500a81834226,True,
Training,Training/images/유리병/맥주병/17_X004_C055_1111/17_X004_C055_1111_0.jpg,Training/labels/유리병/맥주병/17_X004_C055_1111/17_X004_C055_1111_0.json,17_X004_C055_1111_0.jpg,유리병,맥주병,유리병/맥주병,1920,1080,1920,1080,True,실외,주간,1,1,1,True,0,9b44d3f0378eb47b52c0d1d040517dd82d733f9c,True,
Training,Training/images/유리병/맥주병/17_X005_C211_1113/17_X005_C211_1113_1.jpg,Training/labels/유리병/맥주병/17_X005_C211_1113/17_X005_C211_1113_1.json,17_X005_C211_1113_1.jpg,유리병,맥주병,유리병/맥주병,1920,1440,1920,1440,True,실외,주간,1,1,1,True,0,9671345e58b5857feadbfc7cc7cf4d29c6ad830c,True,
Training,Training/images/유리병/맥주병/17_X011_C194_1027/17_X011_C194_1027_2.jpg,Training/labels/유리병/맥주병/17_X011_C194_1027/17_X011_C194_1027_2.json,17_X011_C194_1027_2.jpg,유리병,맥주병,유리병/맥주병,1920,1080,1920,1080,True,실외,주간,1,1,1,True,0,af4699f746706a9b4312d1e95b053a4777996f6e,True,
Training,Training/images/유리병/맥주병/17_X034_C053_1023/17_X034_C053_1023_1.jpg,Training/labels/유리병/맥주병/17_X034_C053_1023/17_X034_C053_1023_1.json,17_X034_C053_1023_1.jpg,유리병,맥주병,유리병/맥주병,1920,1440,1920,1440,True,실외,주간,1,1,1,True,0,db4b0c4b39b1ccaf379dd07cc939a8aa5584fad7,True,
Training,Training/images/유리병/물병/17_X001_C172_1125/17_X001_C172_1125_3.jpg,Training/labels/유리병/물병/17_X001_C172_1125/17_X001_C172_1125_3.json,17_X001_C172_1125_3.jpg,유리병,물병,유리병/물병,1920,1440,1920,1440,True,실외,주간,1,1,1,True,0,2cb1160891b7251ba2636d10238dc1c61e6b03ad,True,
Training,Training/images/유리병/물병/17_X005_C189_1109/17_X005_C189_1109_0.jpg,Training/labels/유리병/물병/17_X005_C189_1109/17_X005_C189_1109_0.json,17_X005_C189_1109_0.jpg,유리병,물병,유리병/물병,1920,1920,1920,1920,True,실외,주간,1,1,1,True,0,95f27fc5957604fc08f667fe206a8a1a29590b8c,True,
Training,Training/images/유리병/물병/17_X007_C187_1112/17_X007_C187_1112_4.jpg,Training/labels/유리병/물병/17_X007_C187_1112/17_X007_C187_1112_4.json,17_X007_C187_1112_4.jpg,유리병,물병,유리병/물병,1920,1440,1920,1440,True,실외,주간,1,1,1,True,0,d6436d22502b17aef1f49a557cbd562fc241641e,True,
Training,Training/images/유리병/물병/17_X010_C025_1013/17_X010_C025_1013_3.jpg,Training/labels/유리병/물병/17_X010_C025_1013/17_X010_C025_1013_3.json,17_X010_C025_1013_3.jpg,유리병,물병,유리병/물병,1921,1440,1921,1440,True,실외,주간,1,1,1,True,0,236711e0ae82f7777e5df82aa80094c5d54a5439,True,
Training,Training/images/유리병/물병/17_X022_C198_1113/17_X022_C198_1113_3.jpg,Training/labels/유리병/물병/17_X022_C198_1113/17_X022_C198_1113_3.json,17_X022_C198_1113_3.jpg,유리병,물병,유리병/물병,1920,1440,1920,1440,True,실외,주간,1,1,1,True,0,eb14839b61d20f9fb0e31cc005f60705ef4410dc,True,
Training,Training/images/유리병/물병/17_X023_C012_1120/17_X023_C012_1120_0.jpg,Training/labels/유리병/물병/17_X023_C012_1120/17_X023_C012_1120_0.json,17_X023_C012_1120_0.jpg,유리병,물병,유리병/물병,1920,1440,1920,1440,True,실외,주간,1,1,1,True,0,89c228ac90377912599eec2d6b9eb9723449462f,True,
Training,Training/images/유리병/물병/17_X023_C209_1117/17_X023_C209_1117_3.jpg,Training/labels/유리병/물병/17_X023_C209_1117/17_X023_C209_1117_3.json,17_X023_C209_1117_3.jpg,유리병,물병,유리병/물병,1920,1440,1920,1440,True,실외,주간,1,1,1,True,0,80764a0d288718e8a11be1992d9dd028b7923b03,True,
Training,Training/images/유리병/물병/17_X110_C172_0107/17_X110_C172_0107_2.jpg,Training/labels/유리병/물병/17_X110_C172_0107/17_X110_C172_0107_2.json,17_X110_C172_0107_2.jpg,유리병,물병,유리병/물병,1920,1440,1920,1440,True,실외,주간,1,1,1,True,0,38712cf5fa2dcd73ae7e69ddb11430efa920888b,True,
Training,Training/images/유리병/물병/17_X172_C777_0330/17_X172_C777_0330_3.jpg,Training/labels/유리병/물병/17_X172_C777_0330/17_X172_C777_0330_3.json,17_X172_C777_0330_3.jpg,유리병,물병,유리병/물병,1080,2160,1080,2160,True,실외,주간,1,1,1,True,0,6966159541d76f6103bad5fbb309cff64257d8c0,True,
Training,Training/images/유리병/박카스병/17_X001_C053_1020/17_X001_C053_1020_4.jpg,Training/labels/유리병/박카스병/17_X001_C053_1020/17_X001_C053_1020_4.json,17_X001_C053_1020_4.jpg,유리병,박카스병,유리병/박카스병,1920,1440,1920,1440,True,실외,주간,1,1,1,True,0,accd247fc365420b0bd8a4b64fa52ba66f90dfb0,True,
Training,Training/images/유리병/박카스병/17_X003_C024_1020/17_X003_C024_1020_2.jpg,Training/labels/유리병/박카스병/17_X003_C024_1020/17_X003_C024_1020_2.json,17_X003_C024_1020_2.jpg,유리병,박카스병,유리병/박카스병,1920,1440,1920,1440,True,실외,주간,1,1,1,True,0,07392c09fc06c31cdcaccf0c3983de3e8ff0a51f,True,
Training,Training/images/유리병/박카스병/17_X008_C190_1119/17_X008_C190_1119_3.jpg,Training/labels/유리병/박카스병/17_X008_C190_1119/17_X008_C190_1119_3.json,17_X008_C190_1119_3.jpg,유리병,박카스병,유리병/박카스병,1920,1440,1920,1440,True,실외,주간,1,1,1,True,0,201be5be80bd3697eb461599fcbb52397ef51484,True,
Training,Training/images/유리병/박카스병/17_X009_C192_1116/17_X009_C192_1116_3.jpg,Training/labels/유리병/박카스병/17_X009_C192_1116/17_X009_C192_1116_3.json,17_X009_C192_1116_3.jpg,유리병,박카스병,유리병/박카스병,1920,1440,1920,1440,True,실외,주간,1,1,1,True,0,b0c25184cc189898061d5d366b4ee34b5ae5007b,True,
Training,Training/images/유리병/박카스병/17_X0127_C318_1117/17_X0127_C318_1117_4.jpg,Training/labels/유리병/박카스병/17_X0127_C318_1117/17_X0127_C318_1117_4.json,17_X0127_C318_1117_4.jpg,유리병,박카스병,유리병/박카스병,2160,1080,2160,1080,True,실외,주간,1,1,1,True,0,b26979d53b47cd2ae96599daa3c855b7e6203aa6,True,
Training,Training/images/유리병/박카스병/17_X015_C178_1111/17_X015_C178_1111_1.jpg,Training/labels/유리병/박카스병/17_X015_C178_1111/17_X015_C178_1111_1.json,17_X015_C178_1111_1.jpg,유리병,박카스병,유리병/박카스병,1920,1440,1920,1440,True,실외,주간,1,1,1,True,0,591e9e28268d5182eb545553a9d21ea7aec52a94,True,
Training,Training/images/유리병/박카스병/17_X019_C188_1126/17_X019_C188_1126_3.jpg,Training/labels/유리병/박카스병/17_X019_C188_1126/17_X019_C188_1126_3.json,17_X019_C188_1126_3.jpg,유리병,박카스병,유리병/박카스병,1920,1440,1920,1440,True,실외,주간,1,1,1,True,0,c47a71f248c9d8d1fcffdadabaa183cd516cd92b,True,
Training,Training/images/유리병/박카스병/17_X104_C509_0111/17_X104_C509_0111_1.jpg,Training/labels/유리병/박카스병/17_X104_C509_0111/17_X104_C509_0111_1.json,17_X104_C509_0111_1.jpg,유리병,박카스병,유리병/박카스병,1920,1920,1920,1920,True,실외,주간,1,1,1,True,0,c6cf78aa847aeb489216e39d4c2c30c1ac1b7c16,True,
Training,Training/images/유리병/박카스병/17_X269_C500_0331/17_X269_C500_0331_4.jpg,Training/labels/유리병/박카스병/17_X269_C500_0331/17_X269_C500_0331_4.json,17_X269_C500_0331_4.jpg,유리병,박카스병,유리병/박카스병,1440,1921,1440,1921,True,실내,주간,1,1,1,True,0,39a15ac7cee926e4e2033bc2f5353a449e88d34c,True,
Training,Training/images/유리병/소주병/17_X002_C188_1104/17_X002_C188_1104_2.jpg,Training/labels/유리병/소주병/17_X002_C188_1104/17_X002_C188_1104_2.json,17_X002_C188_1104_2.jpg,유리병,소주병,유리병/소주병,1920,1440,1920,1440,True,실외,주간,1,1,1,True,0,74c71993880828dc0bc70c62017bbc086744e7c2,True,
Training,Training/images/유리병/소주병/17_X002_C189_1127/17_X002_C189_1127_3.jpg,Training/labels/유리병/소주병/17_X002_C189_1127/17_X002_C189_1127_3.json,17_X002_C189_1127_3.jpg,유리병,소주병,유리병/소주병,1920,1920,1920,1920,True,실외,주간,1,1,1,True,0,a9aee96c1cbb1c4174d82c27f38dce3fbb3b82d3,True,
Training,Training/images/유리병/소주병/17_X004_C058_1030/17_X004_C058_1030_3.jpg,Training/labels/유리병/소주병/17_X004_C058_1030/17_X004_C058_1030_3.json,17_X004_C058_1030_3.jpg,유리병,소주병,유리병/소주병,1920,1440,1920,1440,True,실외,주간,1,1,1,True,0,d32e55c152b00586df3fd1a81f5ec5277a33a7d2,True,
Training,Training/images/유리병/소주병/17_X006_C194_1126/17_X006_C194_1126_4.jpg,Training/labels/유리병/소주병/17_X006_C194_1126/17_X006_C194_1126_4.json,17_X006_C194_1126_4.jpg,유리병,소주병,유리병/소주병,1920,1080,1920,1080,True,실외,주간,1,1,1,True,0,f3cd59f8d21922637b95bf1c7cb4892a7069b155,True,
Training,Training/images/유리병/소주병/17_X011_C320_1105/17_X011_C320_1105_0.jpg,Training/labels/유리병/소주병/17_X011_C320_1105/17_X011_C320_1105_0.json,17_X011_C320_1105_0.jpg,유리병,소주병,유리병/소주병,1920,1080,1920,1080,True,실외,주간,1,1,1,True,0,4f113b2cfcb570593b8c4fe1580f69f148d4cab9,True,
Training,Training/images/유리병/소주병/17_X015_C023_1130/17_X015_C023_1130_1.jpg,Training/labels/유리병/소주병/17_X015_C023_1130/17_X015_C023_1130_1.json,17_X015_C023_1130_1.jpg,유리병,소주병,유리병/소주병,1920,1080,1920,1080,True,실외,주간,1,1,1,True,0,70d04b21d202c8ab126e31a928f0e00e25043e80,True,
Training,Training/images/유리병/소주병/17_X018_C190_1202/17_X018_C190_1202_4.jpg,Training/labels/유리병/소주병/17_X018_C190_1202/17_X018_C190_1202_4.json,17_X018_C190_1202_4.jpg,유리병,소주병,유리병/소주병,1920,1440,1920,1440,True,실외,주간,1,1,1,True,0,f2f84d3c1b719ec08003e36a41776de57e4fd424,True,
Training,Training/images/유리병/소주병/17_X025_C187_1117/17_X025_C187_1117_1.jpg,Training/labels/유리병/소주병/17_X025_C187_1117/17_X025_C187_1117_1.json,17_X025_C187_1117_1.jpg,유리병,소주병,유리병/소주병,1920,1440,1920,1440,True,실외,주간,1,1,1,True,0,d693b1eb714457f1104c0315e7b80f4a8e14bf11,True,
Training,Training/images/유리병/소주병/17_X032_C509_0129/17_X032_C509_0129_2.jpg,Training/labels/유리병/소주병/17_X032_C509_0129/17_X032_C509_0129_2.json,17_X032_C509_0129_2.jpg,유리병,소주병,유리병/소주병,1921,1440,1921,1440,True,실외,주간,1,1,1,True,0,0cd375123540d83b038dd0d60cc7a2622fd2a835,True,
Training,Training/images/유리병/음료수병/17_X003_C205_1106/17_X003_C205_1106_0.jpg,Training/labels/유리병/음료수병/17_X003_C205_1106/17_X003_C205_1106_0.json,17_X003_C205_1106_0.jpg,유리병,음료수병,유리병/음료수병,1920,1080,1920,1080,True,실외,주간,1,1,1,True,0,5d0ceedcf634519df478e9db47c15d7c65098bbc,True,
Training,Training/images/유리병/음료수병/17_X008_C016_1119/17_X008_C016_1119_2.jpg,Training/labels/유리병/음료수병/17_X008_C016_1119/17_X008_C016_1119_2.json,17_X008_C016_1119_2.jpg,유리병,음료수병,유리병/음료수병,1920,1440,1920,1440,True,실외,주간,1,1,1,True,0,41d60cdcb572058cd677314154e40509b22fe1c2,True,
Training,Training/images/유리병/음료수병/17_X017_C053_1116/17_X017_C053_1116_4.jpg,Training/labels/유리병/음료수병/17_X017_C053_1116/17_X017_C053_1116_4.json,17_X017_C053_1116_4.jpg,유리병,음료수병,유리병/음료수병,1920,1080,1920,1080,True,실외,주간,1,1,1,True,0,4caf1a9691cc1749f336801c4c8d7b99da0d95a4,True,
Training,Training/images/유리병/음료수병/17_X017_C178_1123/17_X017_C178_1123_4.jpg,Training/labels/유리병/음료수병/17_X017_C178_1123/17_X017_C178_1123_4.json,17_X017_C178_1123_4.jpg,유리병,음료수병,유리병/음료수병,1920,1440,1920,1440,True,실외,주간,1,1,1,True,0,11a64b7bf9a20574c6dfed5d7b124bb8ff041ad8,True,
Training,Training/images/유리병/음료수병/17_X017_C194_1124/17_X017_C194_1124_2.jpg,Training/labels/유리병/음료수병/17_X017_C194_1124/17_X017_C194_1124_2.json,17_X017_C194_1124_2.jpg,유리병,음료수병,유리병/음료수병,1920,1080,1920,1080,True,실외,주간,1,1,1,True,0,674fc9ccb3d18f8a0017322f955eccf4fd94d5a0,True,
Training,Training/images/유리병/음료수병/17_X028_C509_0129/17_X028_C509_0129_4.jpg,Training/labels/유리병/음료수병/17_X028_C509_0129/17_X028_C509_0129_4.json,17_X028_C509_0129_4.jpg,유리병,음료수병,유리병/음료수병,1921,1440,1921,1440,True,실외,주간,1,1,1,True,0,bd3ffa0debf48b4243e2e1e4007bc3038de3a0b0,True,
Training,Training/images/유리병/음료수병/17_X282_C500_0331/17_X282_C500_0331_0.jpg,Training/labels/유리병/음료수병/17_X282_C500_0331/17_X282_C500_0331_0.json,17_X282_C500_0331_0.jpg,유리병,음료수병,유리병/음료수병,1440,1921,1440,1921,True,실내,주간,1,1,1,True,0,4ca7b3ffa9fefb8edfb700c7e04acecb46097552,True,
Training,Training/images/유리병/음료수병/17_X331_C500_0331/17_X331_C500_0331_2.jpg,Training/labels/유리병/음료수병/17_X331_C500_0331/17_X331_C500_0331_2.json,17_X331_C500_0331_2.jpg,유리병,음료수병,유리병/음료수병,1440,1921,1440,1921,True,실외,주간,1,1,1,True,0,7c6ae1c2e4155657dbbf1a0e0640b33b2297ab6c,True,
Training,Training/images/유리병/음료수병/17_X344_C976_0331/17_X344_C976_0331_2.jpg,Training/labels/유리병/음료수병/17_X344_C976_0331/17_X344_C976_0331_2.json,17_X344_C976_0331_2.jpg,유리병,음료수병,유리병/음료수병,1921,1440,1921,1440,True,실외,주간,1,1,1,True,0,90a3a43dabfda2b4c210b87948c4791b85b6c9a9,True,
Training,Training/images/유리병/주방용기/17_X005_C194_1110/17_X005_C194_1110_4.jpg,Training/labels/유리병/주방용기/17_X005_C194_1110/17_X005_C194_1110_4.json,17_X005_C194_1110_4.jpg,유리병,주방용기,유리병/주방용기,1920,1080,1920,1080,True,실외,주간,1,1,1,True,0,05b92607d305046c8128192f54002dc3a50db96e,True,
Training,Training/images/유리병/주방용기/17_X010_C187_1116/17_X010_C187_1116_0.jpg,Training/labels/유리병/주방용기/17_X010_C187_1116/17_X010_C187_1116_0.json,17_X010_C187_1116_0.jpg,유리병,주방용기,유리병/주방용기,1920,1440,1920,1440,True,실외,주간,1,1,1,True,0,69e486e88bbfa2016e4cf9b3b59c1fad821e8e08,True,
Training,Training/images/유리병/주방용기/17_X012_C189_1116/17_X012_C189_1116_1.jpg,Training/labels/유리병/주방용기/17_X012_C189_1116/17_X012_C189_1116_1.json,17_X012_C189_1116_1.jpg,유리병,주방용기,유리병/주방용기,1920,1920,1920,1920,True,실외,주간,1,1,1,True,0,8d2a2e7b56a84ef66efd1037c95598c60a6e44b6,True,
Training,Training/images/유리병/주방용기/17_X015_C509_0129/17_X015_C509_0129_4.jpg,Training/labels/유리병/주방용기/17_X015_C509_0129/17_X015_C509_0129_4.json,17_X015_C509_0129_4.jpg,유리병,주방용기,유리병/주방용기,1921,1921,1921,1921,True,실외,주간,1,1,1,True,0,cad793b6cff4dfb3330382f1fc00b1826d45177d,True,
Training,Training/images/유리병/주방용기/17_X016_C038_1119/17_X016_C038_1119_4.jpg,Training/labels/유리병/주방용기/17_X016_C038_1119/17_X016_C038_1119_4.json,17_X016_C038_1119_4.jpg,유리병,주방용기,유리병/주방용기,1920,1080,1920,1080,True,실외,주간,1,1,1,True,0,265abdbba260d0d57eed287da4f92d24c6c82bc7,True,
Training,Training/images/유리병/주방용기/17_X020_C178_1111/17_X020_C178_1111_0.jpg,Training/labels/유리병/주방용기/17_X020_C178_1111/17_X020_C178_1111_0.json,17_X020_C178_1111_0.jpg,유리병,주방용기,유리병/주방용기,1920,1440,1920,1440,True,실외,주간,1,1,1,True,0,880d5d90df382b222deae99053c9782a7d4f7f55,True,
Training,Training/images/유리병/주방용기/17_X036_C318_1124/17_X036_C318_1124_1.jpg,Training/labels/유리병/주방용기/17_X036_C318_1124/17_X036_C318_1124_1.json,17_X036_C318_1124_1.jpg,유리병,주방용기,유리병/주방용기,1920,1439,1920,1439,True,실외,주간,1,1,1,True,0,4b9731200a7cea0cfcc9578c3935e5e98caa9509,True,
Training,Training/images/유리병/주방용기/17_X041_C320_1126/17_X041_C320_1126_1.jpg,Training/labels/유리병/주방용기/17_X041_C320_1126/17_X041_C320_1126_1.json,17_X041_C320_1126_1.jpg,유리병,주방용기,유리병/주방용기,1440,1920,1440,1920,True,실외,주간,1,1,1,True,0,b48faaaf657157b83668c10206cc742e42adf8e4,True,
Training,Training/images/유리병/주방용기/17_X299_C777_0330/17_X299_C777_0330_3.jpg,Training/labels/유리병/주방용기/17_X299_C777_0330/17_X299_C777_0330_3.json,17_X299_C777_0330_3.jpg,유리병,주방용기,유리병/주방용기,1080,1921,1080,1921,True,실외,주간,1,1,1,True,0,66d346cd4ce026b2fc15a7ad9a53eeb098b233da,True,
Training,Training/images/의류/기타/18_X003_C173_0115/18_X003_C173_0115_0.jpg,Training/labels/의류/기타/18_X003_C173_0115/18_X003_C173_0115_0.json,18_X003_C173_0115_0.jpg,의류,기타,의류/기타,1921,1440,1921,1440,True,실외,주간,1,1,1,True,0,a7879dbeda7468d6cc6f162931073e941a99e784,True,
Training,Training/images/의류/기타/18_X003_C173_0115/18_X003_C173_0115_1.jpg,Training/labels/의류/기타/18_X003_C173_0115/18_X003_C173_0115_1.json,18_X003_C173_0115_1.jpg,의류,기타,의류/기타,1921,1440,1921,1440,True,실외,주간,1,1,1,True,0,e820b482d492c42a1e54cdbbf9c46c1452aaee95,True,
Training,Training/images/의류/기타/18_X003_C173_0115/18_X003_C173_0115_2.jpg,Training/labels/의류/기타/18_X003_C173_0115/18_X003_C173_0115_2.json,18_X003_C173_0115_2.jpg,의류,기타,의류/기타,1921,1440,1921,1440,True,실외,주간,1,1,1,True,0,5c73234f18105a22576109a1f46689d315cde182,True,
Training,Training/images/의류/기타/18_X003_C173_0115/18_X003_C173_0115_3.jpg,Training/labels/의류/기타/18_X003_C173_0115/18_X003_C173_0115_3.json,18_X003_C173_0115_3.jpg,의류,기타,의류/기타,1921,1440,1921,1440,True,실외,주간,1,1,1,True,0,5065570158a9af836d3b569c5fd24df791f3ce13,True,
Training,Training/images/의류/기타/18_X003_C173_0115/18_X003_C173_0115_4.jpg,Training/labels/의류/기타/18_X003_C173_0115/18_X003_C173_0115_4.json,18_X003_C173_0115_4.jpg,의류,기타,의류/기타,1921,1440,1921,1440,True,실외,주간,1,1,1,True,0,ed2899780c18fdd76dd4eaf475fda2735a1942dd,True,
Training,Training/images/의류/기타의류/18_X001_C209_1119/18_X001_C209_1119_0.jpg,Training/labels/의류/기타의류/18_X001_C209_1119/18_X001_C209_1119_0.json,18_X001_C209_1119_0.jpg,의류,기타의류,의류/기타의류,1920,1440,1920,1440,True,실외,주간,1,1,1,True,0,eb770f9e377d1ecf76a3262b820db6f25ea6f694,True,
Training,Training/images/의류/기타의류/18_X002_C024_1124/18_X002_C024_1124_0.jpg,Training/labels/의류/기타의류/18_X002_C024_1124/18_X002_C024_1124_0.json,18_X002_C024_1124_0.jpg,의류,기타의류,의류/기타의류,1920,1080,1920,1080,True,실외,주간,1,1,1,True,0,c96b2a9890451edc22fb26f1be3b565cfd54dd37,True,
Training,Training/images/의류/기타의류/18_X004_C024_1124/18_X004_C024_1124_4.jpg,Training/labels/의류/기타의류/18_X004_C024_1124/18_X004_C024_1124_4.json,18_X004_C024_1124_4.jpg,의류,기타의류,의류/기타의류,1920,1080,1920,1080,True,실외,주간,1,1,1,True,0,69dc8dc59481e60ef4a301d3a698cb4aa46c7f2c,True,
Training,Training/images/의류/기타의류/18_X005_C014_1125_5/18_X005_C014_1125_5_1.jpg,Training/labels/의류/기타의류/18_X005_C014_1125_5/18_X005_C014_1125_5_1.json,18_X005_C014_1125_5_1.jpg,의류,기타의류,의류/기타의류,2221,1080,2221,1080,True,실외,주간,1,1,1,True,0,56bdd0b38bd399a248d72ad468740df1bb77b013,True,
Training,Training/images/의류/기타의류/18_X019_C193_1116/18_X019_C193_1116_0.jpg,Training/labels/의류/기타의류/18_X019_C193_1116/18_X019_C193_1116_0.json,18_X019_C193_1116_0.jpg,의류,기타의류,의류/기타의류,1920,1440,1920,1440,True,실외,주간,1,1,1,True,0,c5b5de2ab60c843438291622eabaa86e25d25e7c,True,
Training,Training/images/의류/기타의류/18_X026_C172_1117/18_X026_C172_1117_0.jpg,Training/labels/의류/기타의류/18_X026_C172_1117/18_X026_C172_1117_0.json,18_X026_C172_1117_0.jpg,의류,기타의류,의류/기타의류,1920,1440,1920,1440,True,실외,주간,1,1,1,True,0,a957283e35a18d6b6058362a099c7b781fbfb507,True,
Training,Training/images/의류/기타의류/18_X031_C502_1015/18_X031_C502_1015_4.jpg,Training/labels/의류/기타의류/18_X031_C502_1015/18_X031_C502_1015_4.json,18_X031_C502_1015_4.jpg,의류,기타의류,의류/기타의류,1920,1440,1920,1440,True,실외,주간,1,1,1,True,0,151b57c80411d3e13e71e447fd8f26d0ff9b9f5d,True,
Training,Training/images/의류/기타의류/18_X121_C900_1102/18_X121_C900_1102_4.jpg,Training/labels/의류/기타의류/18_X121_C900_1102/18_X121_C900_1102_4.json,18_X121_C900_1102_4.jpg,의류,기타의류,의류/기타의류,1920,1080,1920,1080,True,실외,주간,1,1,1,True,0,a2ad64d7591403c705a42099137d2a5e84807755,True,
Training,Training/images/의류/기타의류/18_X201_C900_1209/18_X201_C900_1209_4.jpg,Training/labels/의류/기타의류/18_X201_C900_1209/18_X201_C900_1209_4.json,18_X201_C900_1209_4.jpg,의류,기타의류,의류/기타의류,1920,1080,1920,1080,True,실외,주간,1,1,1,True,0,bef7545e3345362ccfc3157483fc1efcdb61a73e,True,
Training,Training/images/의류/레깅스/18_X005_C169_1120/18_X005_C169_1120_0.jpg,Training/labels/의류/레깅스/18_X005_C169_1120/18_X005_C169_1120_0.json,18_X005_C169_1120_0.jpg,의류,레깅스,의류/레깅스,1920,1080,1920,1080,True,실외,주간,1,1,1,True,0,8bfef290c60156baf949ec3adec9ec48d72b7f5f,True,
Training,Training/images/의류/레깅스/18_X006_C163_1118/18_X006_C163_1118_4.jpg,Training/labels/의류/레깅스/18_X006_C163_1118/18_X006_C163_1118_4.json,18_X006_C163_1118_4.jpg,의류,레깅스,의류/레깅스,1920,1080,1920,1080,True,실외,주간,1,1,1,True,0,f1f2a6c602a0508533ec36a44648b5eb105f73c4,True,
Training,Training/images/의류/레깅스/18_X014_C163_1127/18_X014_C163_1127_1.jpg,Training/labels/의류/레깅스/18_X014_C163_1127/18_X014_C163_1127_1.json,18_X014_C163_1127_1.jpg,의류,레깅스,의류/레깅스,1920,1440,1920,1440,True,실외,주간,1,1,1,True,0,243be4488bd31bd475ba93fb08a842835400f98c,True,
Training,Training/images/의류/레깅스/18_X047_C502_1126/18_X047_C502_1126_1.jpg,Training/labels/의류/레깅스/18_X047_C502_1126/18_X047_C502_1126_1.json,18_X047_C502_1126_1.jpg,의류,레깅스,의류/레깅스,1440,1920,1440,1920,True,실외,주간,1,1,1,True,0,005b24b599dcb64b01dc9e32662b2d0f784e78a0,True,
Training,Training/images/의류/레깅스/18_X051_C999_0930/18_X051_C999_0930_0.jpg,Training/labels/의류/레깅스/18_X051_C999_0930/18_X051_C999_0930_0.json,18_X051_C999_0930_0.jpg,의류,레깅스,의류/레깅스,1921,1080,1921,1080,True,실외,주간,1,1,1,True,0,c22441382a33e234dc82cf7a76d6fc6029716923,True,
Training,Training/images/의류/레깅스/18_X052_C193_1124/18_X052_C193_1124_2.jpg,Training/labels/의류/레깅스/18_X052_C193_1124/18_X052_C193_1124_2.json,18_X052_C193_1124_2.jpg,의류,레깅스,의류/레깅스,1920,1440,1920,1440,True,실외,주간,1,1,1,True,0,f3bc0d0e2c7dbb57fb76df0553e59358db9d53ab,True,
Training,Training/images/의류/레깅스/18_X249_C900_1102/18_X249_C900_1102_3.jpg,Training/labels/의류/레깅스/18_X249_C900_1102/18_X249_C900_1102_3.json,18_X249_C900_1102_3.jpg,의류,레깅스,의류/레깅스,1920,1440,1920,1440,True,실외,주간,1,1,1,True,0,12138d364ca95cf1b64d6489057215c48bf00ef3,True,
Training,Training/images/의류/레깅스/18_X272_C900_1209/18_X272_C900_1209_0.jpg,Training/labels/의류/레깅스/18_X272_C900_1209/18_X272_C900_1209_0.json,18_X272_C900_1209_0.jpg,의류,레깅스,의류/레깅스,1920,1080,1920,1080,True,실외,주간,1,1,1,True,0,435821f0b5a5b51de848441f97965f61a9c5345e,True,
Training,Training/images/의류/레깅스/18_X365_C900_1209/18_X365_C900_1209_4.jpg,Training/labels/의류/레깅스/18_X365_C900_1209/18_X365_C900_1209_4.json,18_X365_C900_1209_4.jpg,의류,레깅스,의류/레깅스,1920,1440,1920,1440,True,실외,주간,1,1,1,True,0,7ec40f797d1350fcf8c1356df1cabf15b2a2ecc0,True,
Training,Training/images/의류/면의류/18_X002_C175_1118/18_X002_C175_1118_2.jpg,Training/labels/의류/면의류/18_X002_C175_1118/18_X002_C175_1118_2.json,18_X002_C175_1118_2.jpg,의류,면의류,의류/면의류,1920,1440,1920,1440,True,실외,주간,1,1,1,True,0,87ee67fae90db29b9e0a68b4f0881af0594b4bc8,True,
Training,Training/images/의류/면의류/18_X005_C163_1026/18_X005_C163_1026_1.jpg,Training/labels/의류/면의류/18_X005_C163_1026/18_X005_C163_1026_1.json,18_X005_C163_1026_1.jpg,의류,면의류,의류/면의류,2221,1080,2221,1080,True,실외,주간,1,1,1,True,0,a047f86be76ba5ce77aab31fee7b80b300be0ce9,True,
Training,Training/images/의류/면의류/18_X007_C014_0928/18_X007_C014_0928_1.jpg,Training/labels/의류/면의류/18_X007_C014_0928/18_X007_C014_0928_1.json,18_X007_C014_0928_1.jpg,의류,면의류,의류/면의류,1920,1080,1920,1080,True,실외,주간,1,1,1,True,0,48d3fb733839f9b325321ffa2da0c92305d84802,True,
Training,Training/images/의류/면의류/18_X007_C015_1026/18_X007_C015_1026_3.jpg,Training/labels/의류/면의류/18_X007_C015_1026/18_X007_C015_1026_3.json,18_X007_C015_1026_3.jpg,의류,면의류,의류/면의류,1920,1080,1920,1080,True,실외,주간,1,1,1,True,0,eebd8815de5ca65d31a83d07b924224e1b281e78,True,
Training,Training/images/의류/면의류/18_X012_C044_1127/18_X012_C044_1127_0.jpg,Training/labels/의류/면의류/18_X012_C044_1127/18_X012_C044_1127_0.json,18_X012_C044_1127_0.jpg,의류,면의류,의류/면의류,1920,1440,1920,1440,True,실외,주간,1,1,1,True,0,0e73323e63a6e41959e1cd1f2da4d13bf145d085,True,
Training,Training/images/의류/면의류/18_X013_C163_1201/18_X013_C163_1201_2.jpg,Training/labels/의류/면의류/18_X013_C163_1201/18_X013_C163_1201_2.json,18_X013_C163_1201_2.jpg,의류,면의류,의류/면의류,1920,1440,1920,1440,True,실외,주간,1,1,1,True,0,177e2e4f5d8c5b6e85f522d0e781d187ac119c8e,True,
Training,Training/images/의류/면의류/18_X013_C509_0511/18_X013_C509_0511_1.jpg,Training/labels/의류/면의류/18_X013_C509_0511/18_X013_C509_0511_1.json,18_X013_C509_0511_1.jpg,의류,면의류,의류/면의류,1921,1440,1921,1440,True,실외,주간,1,1,1,True,0,e04665ed8497e450c6041344e44cb44998f3e44d,True,
Training,Training/images/의류/면의류/18_X033_C203_1123/18_X033_C203_1123_4.jpg,Training/labels/의류/면의류/18_X033_C203_1123/18_X033_C203_1123_4.json,18_X033_C203_1123_4.jpg,의류,면의류,의류/면의류,1920,1440,1920,1440,True,실외,주간,1,1,1,True,0,c389bd8c3ed959d5aaf5235836a4e6296feef067,True,
Training,Training/images/의류/면의류/18_X035_C203_1123/18_X035_C203_1123_3.jpg,Training/labels/의류/면의류/18_X035_C203_1123/18_X035_C203_1123_3.json,18_X035_C203_1123_3.jpg,의류,면의류,의류/면의류,1920,1440,1920,1440,True,실외,주간,1,1,1,True,0,f054fc0913d31f0315d09f5e5e5d684fde84ad96,True,
Training,Training/images/의류/상의/18_X003_C211_1106/18_X003_C211_1106_2.jpg,Training/labels/의류/상의/18_X003_C211_1106/18_X003_C211_1106_2.json,18_X003_C211_1106_2.jpg,의류,상의,의류/상의,1920,1440,1920,1440,True,실외,주간,1,1,1,True,0,4f7769f7d5dcca38b04732933689189ea0c91435,True,
Training,Training/images/의류/상의/18_X004_C188_1207/18_X004_C188_1207_0.jpg,Training/labels/의류/상의/18_X004_C188_1207/18_X004_C188_1207_0.json,18_X004_C188_1207_0.jpg,의류,상의,의류/상의,1920,1440,1920,1440,True,실외,주간,2,2,2,True,0,4d3ec0add1a945796dd16b02ebe7d6dc33bdf808,True,
Training,Training/images/의류/상의/18_X009_C042_1021/18_X009_C042_1021_0.jpg,Training/labels/의류/상의/18_X009_C042_1021/18_X009_C042_1021_0.json,18_X009_C042_1021_0.jpg,의류,상의,의류/상의,1920,1440,1920,1440,True,실외,주간,1,1,1,True,0,34368b10909f526a8dd9384ce2f75ade409bd240,True,
Training,Training/images/의류/상의/18_X011_C175_1116/18_X011_C175_1116_0.jpg,Training/labels/의류/상의/18_X011_C175_1116/18_X011_C175_1116_0.json,18_X011_C175_1116_0.jpg,의류,상의,의류/상의,1920,1440,1920,1440,True,실외,주간,1,1,1,True,0,9ebdd6f6f464933e1420d9ee94389dbe5af29988,True,
Training,Training/images/의류/상의/18_X012_C331_1123/18_X012_C331_1123_0.jpg,Training/labels/의류/상의/18_X012_C331_1123/18_X012_C331_1123_0.json,18_X012_C331_1123_0.jpg,의류,상의,의류/상의,1920,1440,1920,1440,True,실외,주간,1,1,1,True,0,b6a87758c4a0a566da4b40c1703c61c4280f9293,True,
Training,Training/images/의류/상의/18_X018_C044_1207/18_X018_C044_1207_3.jpg,Training/labels/의류/상의/18_X018_C044_1207/18_X018_C044_1207_3.json,18_X018_C044_1207_3.jpg,의류,상의,의류/상의,1920,1440,1920,1440,True,실외,주간,2,2,2,True,0,775479928cbfc52502cd162d1cb4b45cafe6e4b0,True,
Training,Training/images/의류/상의/18_X019_C203_1126/18_X019_C203_1126_0.jpg,Training/labels/의류/상의/18_X019_C203_1126/18_X019_C203_1126_0.json,18_X019_C203_1126_0.jpg,의류,상의,의류/상의,1440,1920,1440,1920,True,실외,주간,1,1,1,True,0,4e43f35cc579515237fc55729d5f0ee538e67d29,True,
Training,Training/images/의류/상의/18_X154_C900_1102/18_X154_C900_1102_3.jpg,Training/labels/의류/상의/18_X154_C900_1102/18_X154_C900_1102_3.json,18_X154_C900_1102_3.jpg,의류,상의,의류/상의,1920,1080,1920,1080,True,실외,주간,1,1,1,True,0,09677caefa1423ca02d90ac3d6638cd861484941,True,
Training,Training/images/의류/상의/18_X398_C900_1102/18_X398_C900_1102_1.jpg,Training/labels/의류/상의/18_X398_C900_1102/18_X398_C900_1102_1.json,18_X398_C900_1102_1.jpg,의류,상의,의류/상의,1920,1440,1920,1440,True,실외,주간,1,1,1,True,0,8784e4e3ad047820038d67e46a56d2605f4bdb89,True,
Training,Training/images/의류/외투/18_X016_C175_1130/18_X016_C175_1130_4.jpg,Training/labels/의류/외투/18_X016_C175_1130/18_X016_C175_1130_4.json,18_X016_C175_1130_4.jpg,의류,외투,의류/외투,1440,1920,1440,1920,True,실외,주간,1,1,1,True,0,f3b546f5b9c889536a7824464efc7e3b7e0e3852,True,
Training,Training/images/의류/외투/18_X020_C190_1123/18_X020_C190_1123_3.jpg,Training/labels/의류/외투/18_X020_C190_1123/18_X020_C190_1123_3.json,18_X020_C190_1123_3.jpg,의류,외투,의류/외투,1920,1440,1920,1440,True,실외,주간,1,1,1,True,0,1e746fc8ff3c3ff2345d9e6ff7806f04c8750336,True,
Training,Training/images/의류/외투/18_X021_C707_1214/18_X021_C707_1214_2.jpg,Training/labels/의류/외투/18_X021_C707_1214/18_X021_C707_1214_2.json,18_X021_C707_1214_2.jpg,의류,외투,의류/외투,1920,1440,1920,1440,True,실외,주간,1,1,1,True,0,5fd30d6cb805779c4179995c673475259331e253,True,
Training,Training/images/의류/외투/18_X027_C203_1211/18_X027_C203_1211_0.jpg,Training/labels/의류/외투/18_X027_C203_1211/18_X027_C203_1211_0.json,18_X027_C203_1211_0.jpg,의류,외투,의류/외투,1920,1440,1920,1440,True,실외,주간,2,2,2,True,0,3944459080b4394c264362bae7b7fe18018439ad,True,
Training,Training/images/의류/외투/18_X046_C023_1012/18_X046_C023_1012_2.jpg,Training/labels/의류/외투/18_X046_C023_1012/18_X046_C023_1012_2.json,18_X046_C023_1012_2.jpg,의류,외투,의류/외투,1920,1440,1920,1440,True,실외,주간,1,1,1,True,0,59e5f3cca7eb85778447590dbcdb6a279436558f,True,
Training,Training/images/의류/외투/18_X054_C900_1209/18_X054_C900_1209_0.jpg,Training/labels/의류/외투/18_X054_C900_1209/18_X054_C900_1209_0.json,18_X054_C900_1209_0.jpg,의류,외투,의류/외투,1920,1080,1920,1080,True,실외,주간,1,1,1,True,0,008321eb400a4a8ff6baa15bfab014dd2d72cc06,True,
Training,Training/images/의류/외투/18_X057_C203_1124_5/18_X057_C203_1124_5_3.jpg,Training/labels/의류/외투/18_X057_C203_1124_5/18_X057_C203_1124_5_3.json,18_X057_C203_1124_5_3.jpg,의류,외투,의류/외투,1920,1440,1920,1440,True,실외,주간,1,1,1,True,0,47e65fd6a501a6c418fb048ac899c7248ad9ef93,True,
Training,Training/images/의류/외투/18_X132_C900_1117/18_X132_C900_1117_4.jpg,Training/labels/의류/외투/18_X132_C900_1117/18_X132_C900_1117_4.json,18_X132_C900_1117_4.jpg,의류,외투,의류/외투,1920,1080,1920,1080,True,실외,주간,1,1,1,True,0,6b95c1760f51389a4d877cb3cf1b908c69d71d09,True,
Training,Training/images/의류/외투/18_X266_C900_1209/18_X266_C900_1209_3.jpg,Training/labels/의류/외투/18_X266_C900_1209/18_X266_C900_1209_3.json,18_X266_C900_1209_3.jpg,의류,외투,의류/외투,1920,1080,1920,1080,True,실외,주간,1,1,1,True,0,7c6f902dabe9fdbdf85630522d694e5c6b859428,True,
Training,Training/images/의류/원피스/18_X001_C052_1106/18_X001_C052_1106_1.jpg,Training/labels/의류/원피스/18_X001_C052_1106/18_X001_C052_1106_1.json,18_X001_C052_1106_1.jpg,의류,원피스,의류/원피스,1920,1440,1920,1440,True,실외,주간,1,1,1,True,0,b69f834da17132db7e76223e85ca3736269ac34b,True,
Training,Training/images/의류/원피스/18_X001_C194_1126/18_X001_C194_1126_1.jpg,Training/labels/의류/원피스/18_X001_C194_1126/18_X001_C194_1126_1.json,18_X001_C194_1126_1.jpg,의류,원피스,의류/원피스,1920,1080,1920,1080,True,실외,주간,1,1,1,True,0,7dc032f0b7973f3ec5767d4058a462bcf5ae2c30,True,
Training,Training/images/의류/원피스/18_X003_C163_1210/18_X003_C163_1210_0.jpg,Training/labels/의류/원피스/18_X003_C163_1210/18_X003_C163_1210_0.json,18_X003_C163_1210_0.jpg,의류,원피스,의류/원피스,1920,1440,1920,1440,True,실외,주간,2,2,2,True,0,99bf3acde2b5f80b641e1dc50768f46b57a62f3f,True,
Training,Training/images/의류/원피스/18_X004_C037_1117/18_X004_C037_1117_4.jpg,Training/labels/의류/원피스/18_X004_C037_1117/18_X004_C037_1117_4.json,18_X004_C037_1117_4.jpg,의류,원피스,의류/원피스,1920,1440,1920,1440,True,실외,주간,1,1,1,True,0,95f9b4a279c5892b98efbff18f4729aa37c039ae,True,
Training,Training/images/의류/원피스/18_X007_C038_1124_6/18_X007_C038_1124_6_0.jpg,Training/labels/의류/원피스/18_X007_C038_1124_6/18_X007_C038_1124_6_0.json,18_X007_C038_1124_6_0.jpg,의류,원피스,의류/원피스,1920,1080,1920,1080,True,실외,주간,1,1,1,True,0,ebc8cbded94fb756621a320b8b1d04b7d16ca307,True,
Training,Training/images/의류/원피스/18_X007_C709_1215/18_X007_C709_1215_3.jpg,Training/labels/의류/원피스/18_X007_C709_1215/18_X007_C709_1215_3.json,18_X007_C709_1215_3.jpg,의류,원피스,의류/원피스,1920,1440,1920,1440,True,실외,주간,1,1,1,True,0,07b564dd7939c50534100140224dda6801048a02,True,
Training,Training/images/의류/원피스/18_X012_C166_1013/18_X012_C166_1013_0.jpg,Training/labels/의류/원피스/18_X012_C166_1013/18_X012_C166_1013_0.json,18_X012_C166_1013_0.jpg,의류,원피스,의류/원피스,1920,1920,1920,1920,True,실외,주간,1,1,1,True,0,412f4e2ddaf74d7db2470ff56d85eba9b4bb85bf,True,
Training,Training/images/의류/원피스/18_X039_C172_1130/18_X039_C172_1130_1.jpg,Training/labels/의류/원피스/18_X039_C172_1130/18_X039_C172_1130_1.json,18_X039_C172_1130_1.jpg,의류,원피스,의류/원피스,1920,1440,1920,1440,True,실외,주간,1,1,1,True,0,b64ebad8c9e9c879b832d4b7f7bd0034374c217e,True,
Training,Training/images/의류/원피스/18_X057_C900_1112/18_X057_C900_1112_2.jpg,Training/labels/의류/원피스/18_X057_C900_1112/18_X057_C900_1112_2.json,18_X057_C900_1112_2.jpg,의류,원피스,의류/원피스,1920,1440,1920,1440,True,실외,주간,1,1,1,True,0,a92493117d3009fd780a423b2bc5f0503f99e2b8,True,
Training,Training/images/의류/하의/18_X002_C173_1207/18_X002_C173_1207_2.jpg,Training/labels/의류/하의/18_X002_C173_1207/18_X002_C173_1207_2.json,18_X002_C173_1207_2.jpg,의류,하의,의류/하의,1920,1440,1920,1440,True,실외,주간,2,2,2,True,0,1455aed8ad5fc0921ac6c15d42ab2f139d6aca0e,True,
Training,Training/images/의류/하의/18_X004_C024_1014/18_X004_C024_1014_0.jpg,Training/labels/의류/하의/18_X004_C024_1014/18_X004_C024_1014_0.json,18_X004_C024_1014_0.jpg,의류,하의,의류/하의,1920,1440,1920,1440,True,실외,주간,1,1,1,True,0,7d68cbdc2b1b3bca228af0d395f5d8e13fcfdb8f,True,
Training,Training/images/의류/하의/18_X008_C163_1117/18_X008_C163_1117_3.jpg,Training/labels/의류/하의/18_X008_C163_1117/18_X008_C163_1117_3.json,18_X008_C163_1117_3.jpg,의류,하의,의류/하의,1920,1080,1920,1080,True,실외,주간,1,1,1,True,0,42431c67aa480578d9e159eb5f904e0e1ce1115f,True,
Training,Training/images/의류/하의/18_X009_C194_1125/18_X009_C194_1125_2.jpg,Training/labels/의류/하의/18_X009_C194_1125/18_X009_C194_1125_2.json,18_X009_C194_1125_2.jpg,의류,하의,의류/하의,1920,1080,1920,1080,True,실외,주간,1,1,1,True,0,a1ac305862b011a679520b70d21822fc2874e448,True,
Training,Training/images/의류/하의/18_X011_C163_1130/18_X011_C163_1130_2.jpg,Training/labels/의류/하의/18_X011_C163_1130/18_X011_C163_1130_2.json,18_X011_C163_1130_2.jpg,의류,하의,의류/하의,1920,1440,1920,1440,True,실외,주간,1,1,1,True,0,add86e54ddced4f0d7b9cd8baea2749855c8db53,True,
Training,Training/images/의류/하의/18_X012_C058_1126/18_X012_C058_1126_3.jpg,Training/labels/의류/하의/18_X012_C058_1126/18_X012_C058_1126_3.json,18_X012_C058_1126_3.jpg,의류,하의,의류/하의,1920,1440,1920,1440,True,실외,주간,1,1,1,True,0,838fa591274040f2ef5511e5387db6e538d8304b,True,
Training,Training/images/의류/하의/18_X012_C704_1211/18_X012_C704_1211_2.jpg,Training/labels/의류/하의/18_X012_C704_1211/18_X012_C704_1211_2.json,18_X012_C704_1211_2.jpg,의류,하의,의류/하의,1920,1440,1920,1440,True,실외,주간,1,1,1,True,0,32265996233e4a8c6ea0cb7359c720235d3b63f5,True,
Training,Training/images/의류/하의/18_X162_C900_1117/18_X162_C900_1117_3.jpg,Training/labels/의류/하의/18_X162_C900_1117/18_X162_C900_1117_3.json,18_X162_C900_1117_3.jpg,의류,하의,의류/하의,1920,1080,1920,1080,True,실외,주간,1,1,1,True,0,fb68dec63e00d8bbd32d7d76a84d2a91fb2bc986,True,
Training,Training/images/의류/하의/18_X644_C900_1117/18_X644_C900_1117_1.jpg,Training/labels/의류/하의/18_X644_C900_1117/18_X644_C900_1117_1.json,18_X644_C900_1117_1.jpg,의류,하의,의류/하의,1920,1440,1920,1440,True,실외,주간,1,1,1,True,0,50422a28a1a40ce936fc8d71b2ab72a6da00c473,True,
Training,Training/images/의류/합성섬유/18_X001_C034_1006/18_X001_C034_1006_3.jpg,Training/labels/의류/합성섬유/18_X001_C034_1006/18_X001_C034_1006_3.json,18_X001_C034_1006_3.jpg,의류,합성섬유,의류/합성섬유,1920,1440,1920,1440,True,실외,주간,1,1,1,True,0,c20c388038de5ed3d67e2d9e6c1938f4e6bdcb4c,True,
Training,Training/images/의류/합성섬유/18_X001_C207_1026/18_X001_C207_1026_0.jpg,Training/labels/의류/합성섬유/18_X001_C207_1026/18_X001_C207_1026_0.json,18_X001_C207_1026_0.jpg,의류,합성섬유,의류/합성섬유,1440,1920,1440,1920,True,실외,주간,1,1,1,True,0,6a20021c15d611412d099de3e565db9c68e7f31b,True,
Training,Training/images/의류/합성섬유/18_X001_C209_1118/18_X001_C209_1118_1.jpg,Training/labels/의류/합성섬유/18_X001_C209_1118/18_X001_C209_1118_1.json,18_X001_C209_1118_1.jpg,의류,합성섬유,의류/합성섬유,1920,1440,1920,1440,True,실외,주간,1,1,1,True,0,92c8c765d183ed8042f5fa371b40626c14a9a0d3,True,
Training,Training/images/의류/합성섬유/18_X001_C504_1015/18_X001_C504_1015_2.jpg,Training/labels/의류/합성섬유/18_X001_C504_1015/18_X001_C504_1015_2.json,18_X001_C504_1015_2.jpg,의류,합성섬유,의류/합성섬유,1440,1920,1440,1920,True,실외,주간,1,1,1,True,0,dd02f4464b4ca25ee49f884ee4696473446836cb,True,
Training,Training/images/의류/합성섬유/18_X002_C172_1113/18_X002_C172_1113_3.jpg,Training/labels/의류/합성섬유/18_X002_C172_1113/18_X002_C172_1113_3.json,18_X002_C172_1113_3.jpg,의류,합성섬유,의류/합성섬유,1920,1440,1920,1440,True,실외,주간,1,1,1,True,0,daa64505d0ee9b0532c0f8912783191dd0347acf,True,
Training,Training/images/의류/합성섬유/18_X034_C178_1120/18_X034_C178_1120_1.jpg,Training/labels/의류/합성섬유/18_X034_C178_1120/18_X034_C178_1120_1.json,18_X034_C178_1120_1.jpg,의류,합성섬유,의류/합성섬유,1920,1440,1920,1440,True,실외,주간,1,1,1,True,0,db4d2979bca704e9ad2b7340fd13e79ca302feb0,True,
Training,Training/images/의류/합성섬유/18_X034_C203_1123/18_X034_C203_1123_2.jpg,Training/labels/의류/합성섬유/18_X034_C203_1123/18_X034_C203_1123_2.json,18_X034_C203_1123_2.jpg,의류,합성섬유,의류/합성섬유,1920,1440,1920,1440,True,실외,주간,1,1,1,True,0,adaeef0db160e8dc47e39dd70d9ac58267466449,True,
Training,Training/images/의류/합성섬유/18_X037_C178_1120/18_X037_C178_1120_1.jpg,Training/labels/의류/합성섬유/18_X037_C178_1120/18_X037_C178_1120_1.json,18_X037_C178_1120_1.jpg,의류,합성섬유,의류/합성섬유,1920,1440,1920,1440,True,실외,주간,1,1,1,True,0,694b7162d187ba4a7b884948934d0decac49518d,True,
Training,Training/images/의류/합성섬유/18_X693_C900_1209/18_X693_C900_1209_3.jpg,Training/labels/의류/합성섬유/18_X693_C900_1209/18_X693_C900_1209_3.json,18_X693_C900_1209_3.jpg,의류,합성섬유,의류/합성섬유,1920,1920,1920,1920,True,실외,주간,1,1,1,True,0,19463350727b4dfa00e8ec3ad6a3615133095382,True,
Training,Training/images/종이류/기타/21_X007_C705_0111/21_X007_C705_0111_4.jpg,Training/labels/종이류/기타/21_X007_C705_0111/21_X007_C705_0111_4.json,21_X007_C705_0111_4.jpg,종이류,기타,종이류/기타,1921,1440,1921,1440,True,실외,주간,1,1,1,True,0,ab963d8bdbd39475f166d935b7058faded6966c9,True,
Training,Training/images/종이류/기타/21_X014_C058_0127/21_X014_C058_0127_3.jpg,Training/labels/종이류/기타/21_X014_C058_0127/21_X014_C058_0127_3.json,21_X014_C058_0127_3.jpg,종이류,기타,종이류/기타,1921,1440,1921,1440,True,실외,주간,2,2,2,True,0,0c59f3857d52709effd423b3bd0f48083d210653,True,
Training,Training/images/종이류/기타/21_X016_C705_0105/21_X016_C705_0105_4.jpg,Training/labels/종이류/기타/21_X016_C705_0105/21_X016_C705_0105_4.json,21_X016_C705_0105_4.jpg,종이류,기타,종이류/기타,1921,1440,1921,1440,True,실외,주간,1,1,1,True,0,4189f3a99c7c98437c40279f138045140101e986,True,
Training,Training/images/종이류/기타/21_X017_C211_1113/21_X017_C211_1113_3.jpg,Training/labels/종이류/기타/21_X017_C211_1113/21_X017_C211_1113_3.json,21_X017_C211_1113_3.jpg,종이류,기타,종이류/기타,1921,1440,1921,1440,True,실외,주간,1,1,1,True,0,53a85acfa37142e7534d2a98bbc47b1dbbb6fef5,True,
Training,Training/images/종이류/기타/21_X025_C500_0217/21_X025_C500_0217_2.jpg,Training/labels/종이류/기타/21_X025_C500_0217/21_X025_C500_0217_2.json,21_X025_C500_0217_2.jpg,종이류,기타,종이류/기타,1440,1921,1440,1921,True,실외,주간,1,1,1,True,0,3c3ced7dffe0be660a1683a5f54355dc99ac53da,True,
Training,Training/images/종이류/기타/21_X037_C704_0107/21_X037_C704_0107_4.jpg,Training/labels/종이류/기타/21_X037_C704_0107/21_X037_C704_0107_4.json,21_X037_C704_0107_4.jpg,종이류,기타,종이류/기타,1921,1440,1921,1440,True,실외,주간,1,1,1,True,0,a6404dc62901acad5842ddcb5c9a91f9e1fd7a24,True,
Training,Training/images/종이류/기타/21_X051_C704_0107/21_X051_C704_0107_1.jpg,Training/labels/종이류/기타/21_X051_C704_0107/21_X051_C704_0107_1.json,21_X051_C704_0107_1.jpg,종이류,기타,종이류/기타,1921,1440,1921,1440,True,실외,주간,1,1,1,True,0,800f27fc4ff3947c5e7bb9bea85f90e17a31f1b1,True,
Training,Training/images/종이류/기타/21_X052_C701_1230/21_X052_C701_1230_0.jpg,Training/labels/종이류/기타/21_X052_C701_1230/21_X052_C701_1230_0.json,21_X052_C701_1230_0.jpg,종이류,기타,종이류/기타,2223,1081,2223,1081,True,실외,주간,1,1,1,True,0,26973c7423c603890d0cb78aa34554e41bd3152c,True,
Training,Training/images/종이류/기타/21_X071_C701_1230/21_X071_C701_1230_0.jpg,Training/labels/종이류/기타/21_X071_C701_1230/21_X071_C701_1230_0.json,21_X071_C701_1230_0.jpg,종이류,기타,종이류/기타,1921,1081,1921,1081,True,실외,주간,1,1,1,True,0,f89b02a17dc49cf56ad7f76154d1e94d9abe48cd,True,
Training,Training/images/종이류/노트/21_X009_C209_1112/21_X009_C209_1112_3.jpg,Training/labels/종이류/노트/21_X009_C209_1112/21_X009_C209_1112_3.json,21_X009_C209_1112_3.jpg,종이류,노트,종이류/노트,1920,1440,1920,1440,True,실외,주간,1,1,1,True,0,a142b3e5c89a83bba3d67537b2672a47f1d613fb,True,
Training,Training/images/종이류/노트/21_X023_C175_1113/21_X023_C175_1113_4.jpg,Training/labels/종이류/노트/21_X023_C175_1113/21_X023_C175_1113_4.json,21_X023_C175_1113_4.jpg,종이류,노트,종이류/노트,1921,1440,1921,1440,True,실외,주간,1,1,1,True,0,34ddf868165e8084defeda5b9885975d25e56e3f,True,
Training,Training/images/종이류/노트/21_X052_C015_0131/21_X052_C015_0131_1.jpg,Training/labels/종이류/노트/21_X052_C015_0131/21_X052_C015_0131_1.json,21_X052_C015_0131_1.jpg,종이류,노트,종이류/노트,1921,1080,1921,1080,True,실외,주간,2,2,2,True,0,dc2f9d192f08835dc0571286966a4a622d4f79e2,True,
Training,Training/images/종이류/노트/21_X053_C015_0131/21_X053_C015_0131_3.jpg,Training/labels/종이류/노트/21_X053_C015_0131/21_X053_C015_0131_3.json,21_X053_C015_0131_3.jpg,종이류,노트,종이류/노트,1921,1080,1921,1080,True,실외,주간,1,1,1,True,0,48e295de7d95b88ed65ec8b1919e103e83d0ec02,True,
Training,Training/images/종이류/노트/21_X071_C015_0131/21_X071_C015_0131_0.jpg,Training/labels/종이류/노트/21_X071_C015_0131/21_X071_C015_0131_0.json,21_X071_C015_0131_0.jpg,종이류,노트,종이류/노트,1921,1080,1921,1080,True,실외,주간,1,1,1,True,0,b7280389e474cffc3f29dd63b0f28774b7ba9d4f,True,
Training,Training/images/종이류/노트/21_X175_C015_0131/21_X175_C015_0131_2.jpg,Training/labels/종이류/노트/21_X175_C015_0131/21_X175_C015_0131_2.json,21_X175_C015_0131_2.jpg,종이류,노트,종이류/노트,1921,1080,1921,1080,True,실외,주간,1,1,1,True,0,565eac1b3a23b3cae44eb30a2f028fc23fa44222,True,
Training,Training/images/종이류/노트/21_X196_C015_0131/21_X196_C015_0131_3.jpg,Training/labels/종이류/노트/21_X196_C015_0131/21_X196_C015_0131_3.json,21_X196_C015_0131_3.jpg,종이류,노트,종이류/노트,1921,1080,1921,1080,True,실외,주간,1,1,1,True,0,6347fb7b9dfe072932fbb14cfc28aab6e0971025,True,
Training,Training/images/종이류/노트/21_X406_C015_0131/21_X406_C015_0131_2.jpg,Training/labels/종이류/노트/21_X406_C015_0131/21_X406_C015_0131_2.json,21_X406_C015_0131_2.jpg,종이류,노트,종이류/노트,1921,1080,1921,1080,True,실외,주간,2,2,2,True,0,49a90fea5f0fd5d3a5d3f0900c13c8acc0117bdf,True,
Training,Training/images/종이류/노트/21_X454_C015_0131/21_X454_C015_0131_0.jpg,Training/labels/종이류/노트/21_X454_C015_0131/21_X454_C015_0131_0.json,21_X454_C015_0131_0.jpg,종이류,노트,종이류/노트,1921,1080,1921,1080,True,실외,주간,1,1,1,True,0,56dae4267dbd3de08caa70a6d96816eb86b76b06,True,
Training,Training/images/종이류/상자류/21_X001_C026_1110/21_X001_C026_1110_2.jpg,Training/labels/종이류/상자류/21_X001_C026_1110/21_X001_C026_1110_2.json,21_X001_C026_1110_2.jpg,종이류,상자류,종이류/상자류,1920,1080,1920,1080,True,실외,주간,1,1,1,True,0,e74361e6757a798196cee2e9267ff1a050aa3235,True,
Training,Training/images/종이류/상자류/21_X003_C705_1220/21_X003_C705_1220_0.jpg,Training/labels/종이류/상자류/21_X003_C705_1220/21_X003_C705_1220_0.json,21_X003_C705_1220_0.jpg,종이류,상자류,종이류/상자류,1920,1080,1920,1080,True,실외,주간,1,1,1,True,0,d50a7bc0641b678e71b4bc062cbea8fe84147914,True,
Training,Training/images/종이류/상자류/21_X013_C173_1008/21_X013_C173_1008_0.jpg,Training/labels/종이류/상자류/21_X013_C173_1008/21_X013_C173_1008_0.json,21_X013_C173_1008_0.jpg,종이류,상자류,종이류/상자류,1921,1440,1921,1440,True,실외,주간,1,1,1,True,0,5eb1d81391fe185115e6ec3cd0671c8770c38018,True,
Training,Training/images/종이류/상자류/21_X014_C206_1209/21_X014_C206_1209_1.jpg,Training/labels/종이류/상자류/21_X014_C206_1209/21_X014_C206_1209_1.json,21_X014_C206_1209_1.jpg,종이류,상자류,종이류/상자류,1920,1080,1920,1080,True,실외,주간,1,1,1,True,0,af65fe114950f788f1f129f5f29bb40c8e204730,True,
Training,Training/images/종이류/상자류/21_X021_C704_1215/21_X021_C704_1215_2.jpg,Training/labels/종이류/상자류/21_X021_C704_1215/21_X021_C704_1215_2.json,21_X021_C704_1215_2.jpg,종이류,상자류,종이류/상자류,1921,1440,1921,1440,True,실외,주간,1,1,1,True,0,2279166da6965111d6f67a3a168711a68453bfb1,True,
Training,Training/images/종이류/상자류/21_X055_C203_1012/21_X055_C203_1012_0.jpg,Training/labels/종이류/상자류/21_X055_C203_1012/21_X055_C203_1012_0.json,21_X055_C203_1012_0.jpg,종이류,상자류,종이류/상자류,1920,1440,1920,1440,True,실외,주간,1,1,1,True,0,f87e06e21581ce888cbbe1bb3081c6d474fb899c,True,
Training,Training/images/종이류/상자류/21_X059_C701_1230/21_X059_C701_1230_0.jpg,Training/labels/종이류/상자류/21_X059_C701_1230/21_X059_C701_1230_0.json,21_X059_C701_1230_0.jpg,종이류,상자류,종이류/상자류,2221,1080,2221,1080,True,실외,주간,1,1,1,True,0,34ebf64f8b6a17ada29227445ccba7370f082126,True,
Training,Training/images/종이류/상자류/21_X060_C203_1008/21_X060_C203_1008_2.jpg,Training/labels/종이류/상자류/21_X060_C203_1008/21_X060_C203_1008_2.json,21_X060_C203_1008_2.jpg,종이류,상자류,종이류/상자류,1921,1440,1921,1440,True,실외,주간,1,1,1,True,0,33b77e9140ea7af8655de5e1fa43c105326c8f09,True,
Training,Training/images/종이류/상자류/21_X161_C705_1210/21_X161_C705_1210_1.jpg,Training/labels/종이류/상자류/21_X161_C705_1210/21_X161_C705_1210_1.json,21_X161_C705_1210_1.jpg,종이류,상자류,종이류/상자류,1920,1440,1920,1440,True,실외,주간,1,1,1,True,0,2ca4a05134c5decfded92a2115d109d9f09d68a6,True,
Training,Training/images/종이류/신문지/21_X006_C205_1013/21_X006_C205_1013_3.jpg,Training/labels/종이류/신문지/21_X006_C205_1013/21_X006_C205_1013_3.json,21_X006_C205_1013_3.jpg,종이류,신문지,종이류/신문지,1920,1080,1920,1080,True,실외,주간,1,1,1,True,0,511e4cf0c09af739f3c7bae5391778558ac82f6f,True,
Training,Training/images/종이류/신문지/21_X007_C509_1230/21_X007_C509_1230_1.jpg,Training/labels/종이류/신문지/21_X007_C509_1230/21_X007_C509_1230_1.json,21_X007_C509_1230_1.jpg,종이류,신문지,종이류/신문지,1920,1440,1920,1440,True,실외,주간,1,1,1,True,0,b2109d4dd5d4bb30126b81edaec3b093a60cf834,True,
Training,Training/images/종이류/신문지/21_X012_C173_1008/21_X012_C173_1008_1.jpg,Training/labels/종이류/신문지/21_X012_C173_1008/21_X012_C173_1008_1.json,21_X012_C173_1008_1.jpg,종이류,신문지,종이류/신문지,1921,1440,1921,1440,True,실외,주간,1,1,1,True,0,ea8b4d449005cd68151928345de2f6197f66ae8b,True,
Training,Training/images/종이류/신문지/21_X018_C172_0929/21_X018_C172_0929_0.jpg,Training/labels/종이류/신문지/21_X018_C172_0929/21_X018_C172_0929_0.json,21_X018_C172_0929_0.jpg,종이류,신문지,종이류/신문지,1920,1440,1920,1440,True,실외,주간,1,1,1,True,0,9ea14218d47c6f98c3afaf290aca33f72c8876a4,True,
Training,Training/images/종이류/신문지/21_X024_C705_0105/21_X024_C705_0105_2.jpg,Training/labels/종이류/신문지/21_X024_C705_0105/21_X024_C705_0105_2.json,21_X024_C705_0105_2.jpg,종이류,신문지,종이류/신문지,1920,1440,1920,1440,True,실외,주간,1,1,1,True,0,6d18efd394f8075d11e844aaa87f4979a3e54270,True,
Training,Training/images/종이류/신문지/21_X027_C184_0928/21_X027_C184_0928_2.jpg,Training/labels/종이류/신문지/21_X027_C184_0928/21_X027_C184_0928_2.json,21_X027_C184_0928_2.jpg,종이류,신문지,종이류/신문지,2221,1080,2221,1080,True,실외,주간,1,1,1,True,0,dbc29d4924a83d30d860aaf3c90b55644eccd65a,True,
Training,Training/images/종이류/신문지/21_X036_C705_0106/21_X036_C705_0106_2.jpg,Training/labels/종이류/신문지/21_X036_C705_0106/21_X036_C705_0106_2.json,21_X036_C705_0106_2.jpg,종이류,신문지,종이류/신문지,1920,1440,1920,1440,True,실외,주간,1,1,1,True,0,3ebed58f2d75f0b17e1121ee38cfbbd61bf0b6da,True,
Training,Training/images/종이류/신문지/21_X044_C801_0220/21_X044_C801_0220_2.jpg,Training/labels/종이류/신문지/21_X044_C801_0220/21_X044_C801_0220_2.json,21_X044_C801_0220_2.jpg,종이류,신문지,종이류/신문지,1921,1440,1921,1440,True,실외,주간,1,1,1,True,0,db7de011a13f04cff97dbc742dcddbd62d4b85b1,True,
Training,Training/images/종이류/신문지/21_X074_C172_0107/21_X074_C172_0107_3.jpg,Training/labels/종이류/신문지/21_X074_C172_0107/21_X074_C172_0107_3.json,21_X074_C172_0107_3.jpg,종이류,신문지,종이류/신문지,1920,1440,1920,1440,True,실외,주간,1,1,1,True,0,50a678f80b9cf32dc7f96b8489ecfcb6401abf9a,True,
Training,Training/images/종이류/신발상자/21_X002_C166_1013/21_X002_C166_1013_0.jpg,Training/labels/종이류/신발상자/21_X002_C166_1013/21_X002_C166_1013_0.json,21_X002_C166_1013_0.jpg,종이류,신발상자,종이류/신발상자,1920,1920,1920,1920,True,실외,주간,1,1,1,True,0,245b5dc202857fed738b1431973644945010a417,True,
Training,Training/images/종이류/신발상자/21_X004_C198_1111/21_X004_C198_1111_1.jpg,Training/labels/종이류/신발상자/21_X004_C198_1111/21_X004_C198_1111_1.json,21_X004_C198_1111_1.jpg,종이류,신발상자,종이류/신발상자,1920,1440,1920,1440,True,실외,주간,1,1,1,True,0,64a7f17c961674b0778b058c873c8cef3663d7c7,True,
Training,Training/images/종이류/신발상자/21_X007_C205_1014/21_X007_C205_1014_2.jpg,Training/labels/종이류/신발상자/21_X007_C205_1014/21_X007_C205_1014_2.json,21_X007_C205_1014_2.jpg,종이류,신발상자,종이류/신발상자,1920,1080,1920,1080,True,실외,주간,1,1,1,True,0,fb55d971953e656b2198bde400132d67567958a5,True,
Training,Training/images/종이류/신발상자/21_X013_C166_1013/21_X013_C166_1013_3.jpg,Training/labels/종이류/신발상자/21_X013_C166_1013/21_X013_C166_1013_3.json,21_X013_C166_1013_3.jpg,종이류,신발상자,종이류/신발상자,1920,1920,1920,1920,True,실외,주간,1,1,1,True,0,2b54571b8ccdb1811f0bf28d90567204541ca48b,True,
Training,Training/images/종이류/신발상자/21_X018_C205_1014/21_X018_C205_1014_2.jpg,Training/labels/종이류/신발상자/21_X018_C205_1014/21_X018_C205_1014_2.json,21_X018_C205_1014_2.jpg,종이류,신발상자,종이류/신발상자,1920,1080,1920,1080,True,실외,주간,1,1,1,True,0,2f6297dfe823acc77cfd0e11c953962ef89a13ea,True,
Training,Training/images/종이류/신발상자/21_X024_C187_1113/21_X024_C187_1113_0.jpg,Training/labels/종이류/신발상자/21_X024_C187_1113/21_X024_C187_1113_0.json,21_X024_C187_1113_0.jpg,종이류,신발상자,종이류/신발상자,1920,1440,1920,1440,True,실외,주간,1,1,1,True,0,cab015364f37a16ac723dcc6e3c2fe32c42490d1,True,
Training,Training/images/종이류/신발상자/21_X026_C203_1012/21_X026_C203_1012_4.jpg,Training/labels/종이류/신발상자/21_X026_C203_1012/21_X026_C203_1012_4.json,21_X026_C203_1012_4.jpg,종이류,신발상자,종이류/신발상자,1920,1440,1920,1440,True,실외,주간,1,1,1,True,0,6d3940bd85f898f481898aa4324f94e943fae31c,True,
Training,Training/images/종이류/신발상자/21_X034_C203_1007/21_X034_C203_1007_4.jpg,Training/labels/종이류/신발상자/21_X034_C203_1007/21_X034_C203_1007_4.json,21_X034_C203_1007_4.jpg,종이류,신발상자,종이류/신발상자,1920,1440,1920,1440,True,실외,주간,1,1,1,True,0,9f20c50c77d9bb12c9cfd34db5f3e1988aa714bf,True,
Training,Training/images/종이류/신발상자/21_X071_C705_1210/21_X071_C705_1210_4.jpg,Training/labels/종이류/신발상자/21_X071_C705_1210/21_X071_C705_1210_4.json,21_X071_C705_1210_4.jpg,종이류,신발상자,종이류/신발상자,1920,1440,1920,1440,True,실외,주간,1,1,1,True,0,b5bf4416c79abe988bd57f08d19fa443bcc7bf63,True,
Training,Training/images/종이류/음료수곽/21_X003_C320_1112_5/21_X003_C320_1112_5_4.jpg,Training/labels/종이류/음료수곽/21_X003_C320_1112_5/21_X003_C320_1112_5_4.json,21_X003_C320_1112_5_4.jpg,종이류,음료수곽,종이류/음료수곽,1440,1920,1440,1920,True,실외,주간,1,1,1,True,0,cae5077bd24b7ae58ec33176da8be99386d481b7,True,
Training,Training/images/종이류/음료수곽/21_X004_C035_1014/21_X004_C035_1014_2.jpg,Training/labels/종이류/음료수곽/21_X004_C035_1014/21_X004_C035_1014_2.json,21_X004_C035_1014_2.jpg,종이류,음료수곽,종이류/음료수곽,1920,1440,1920,1440,True,실외,주간,1,1,1,True,0,110b5eab7f945e9c31200674dc9b6e997379675c,True,
Training,Training/images/종이류/음료수곽/21_X005_C188_1112/21_X005_C188_1112_2.jpg,Training/labels/종이류/음료수곽/21_X005_C188_1112/21_X005_C188_1112_2.json,21_X005_C188_1112_2.jpg,종이류,음료수곽,종이류/음료수곽,1920,1440,1920,1440,True,실외,주간,1,1,1,True,0,063933570a8fdb548f79c798816ba40097e70f28,True,
Training,Training/images/종이류/음료수곽/21_X007_C705_1214/21_X007_C705_1214_2.jpg,Training/labels/종이류/음료수곽/21_X007_C705_1214/21_X007_C705_1214_2.json,21_X007_C705_1214_2.jpg,종이류,음료수곽,종이류/음료수곽,1920,1920,1920,1920,True,실외,주간,1,1,1,True,0,b6600e18f77486456a6319ef785450674cffdc60,True,
Training,Training/images/종이류/음료수곽/21_X008_C164_1013/21_X008_C164_1013_3.jpg,Training/labels/종이류/음료수곽/21_X008_C164_1013/21_X008_C164_1013_3.json,21_X008_C164_1013_3.jpg,종이류,음료수곽,종이류/음료수곽,1920,1440,1920,1440,True,실외,주간,1,1,1,True,0,34e2d241a28f3050808f6bb4f97367841965b9be,True,
Training,Training/images/종이류/음료수곽/21_X008_C184_0923/21_X008_C184_0923_0.jpg,Training/labels/종이류/음료수곽/21_X008_C184_0923/21_X008_C184_0923_0.json,21_X008_C184_0923_0.jpg,종이류,음료수곽,종이류/음료수곽,1920,1080,1920,1080,True,실외,주간,1,1,1,True,0,00f3b77f569fb278b53ea2e35e49885b075d370f,True,
Training,Training/images/종이류/음료수곽/21_X010_C320_1111_6/21_X010_C320_1111_6_3.jpg,Training/labels/종이류/음료수곽/21_X010_C320_1111_6/21_X010_C320_1111_6_3.json,21_X010_C320_1111_6_3.jpg,종이류,음료수곽,종이류/음료수곽,1920,1080,1920,1080,True,실외,주간,1,1,1,True,0,e7a50a20b48a2773328647b2af216ae7c8b30816,True,
Training,Training/images/종이류/음료수곽/21_X014_C042_1019/21_X014_C042_1019_4.jpg,Training/labels/종이류/음료수곽/21_X014_C042_1019/21_X014_C042_1019_4.json,21_X014_C042_1019_4.jpg,종이류,음료수곽,종이류/음료수곽,1920,1440,1920,1440,True,실외,주간,1,1,1,True,0,e57f810fb40016c195706d8353526ec51e460435,True,
Training,Training/images/종이류/음료수곽/21_X057_C206_1209/21_X057_C206_1209_2.jpg,Training/labels/종이류/음료수곽/21_X057_C206_1209/21_X057_C206_1209_2.json,21_X057_C206_1209_2.jpg,종이류,음료수곽,종이류/음료수곽,1920,1080,1920,1080,True,실외,주간,1,1,1,True,0,a1e25ad778eaf31c6ae027bba2916460873199b8,True,
Training,Training/images/종이류/종이봉투/21_X002_C024_1005/21_X002_C024_1005_2.jpg,Training/labels/종이류/종이봉투/21_X002_C024_1005/21_X002_C024_1005_2.json,21_X002_C024_1005_2.jpg,종이류,종이봉투,종이류/종이봉투,1920,1440,1920,1440,True,실외,주간,1,1,1,True,0,4723ee54bbf6be437223ac9af00b19f87f4cc672,True,
Training,Training/images/종이류/종이봉투/21_X002_C211_1112/21_X002_C211_1112_1.jpg,Training/labels/종이류/종이봉투/21_X002_C211_1112/21_X002_C211_1112_1.json,21_X002_C211_1112_1.jpg,종이류,종이봉투,종이류/종이봉투,1921,1440,1921,1440,True,실외,주간,1,1,1,True,0,86cfa152409b0e5111480401ea659d9fa5d5b588,True,
Training,Training/images/종이류/종이봉투/21_X002_C333_1113/21_X002_C333_1113_2.jpg,Training/labels/종이류/종이봉투/21_X002_C333_1113/21_X002_C333_1113_2.json,21_X002_C333_1113_2.jpg,종이류,종이봉투,종이류/종이봉투,2282,1080,2282,1080,True,실외,주간,1,1,1,True,0,e89b2bc197208a20f5f84fca46d9ee168dcdc1ff,True,
Training,Training/images/종이류/종이봉투/21_X006_C052_1111/21_X006_C052_1111_3.jpg,Training/labels/종이류/종이봉투/21_X006_C052_1111/21_X006_C052_1111_3.json,21_X006_C052_1111_3.jpg,종이류,종이봉투,종이류/종이봉투,1920,1440,1920,1440,True,실외,주간,1,1,1,True,0,4063eebd528fa493a9cd8b981ea8797ebb31bddc,True,
Training,Training/images/종이류/종이봉투/21_X007_C166_1020/21_X007_C166_1020_3.jpg,Training/labels/종이류/종이봉투/21_X007_C166_1020/21_X007_C166_1020_3.json,21_X007_C166_1020_3.jpg,종이류,종이봉투,종이류/종이봉투,1920,1920,1920,1920,True,실외,주간,1,1,1,True,0,0faee7ac660923a06e08cb16132e5792110abc1e,True,
Training,Training/images/종이류/종이봉투/21_X021_C205_1015/21_X021_C205_1015_2.jpg,Training/labels/종이류/종이봉투/21_X021_C205_1015/21_X021_C205_1015_2.json,21_X021_C205_1015_2.jpg,종이류,종이봉투,종이류/종이봉투,1920,1080,1920,1080,True,실외,주간,1,1,1,True,0,d518f1e02d9bc4f64072aca5e3a91d24880e6868,True,
Training,Training/images/종이류/종이봉투/21_X025_C193_1113/21_X025_C193_1113_4.jpg,Training/labels/종이류/종이봉투/21_X025_C193_1113/21_X025_C193_1113_4.json,21_X025_C193_1113_4.jpg,종이류,종이봉투,종이류/종이봉투,1920,1440,1920,1440,True,실외,주간,1,1,1,True,0,80a0e8b624db3858afd749010d0fdc12763c8490,True,
Training,Training/images/종이류/종이봉투/21_X025_C206_1013/21_X025_C206_1013_0.jpg,Training/labels/종이류/종이봉투/21_X025_C206_1013/21_X025_C206_1013_0.json,21_X025_C206_1013_0.jpg,종이류,종이봉투,종이류/종이봉투,1920,1080,1920,1080,True,실외,주간,1,1,1,True,0,99d7d9a017f4bf632b04c2428f0e088d60bb3717,True,
Training,Training/images/종이류/종이봉투/21_X050_C705_1210/21_X050_C705_1210_1.jpg,Training/labels/종이류/종이봉투/21_X050_C705_1210/21_X050_C705_1210_1.json,21_X050_C705_1210_1.jpg,종이류,종이봉투,종이류/종이봉투,1920,1440,1920,1440,True,실외,주간,1,1,1,True,0,d3e30e24804bab9944cfdcf8769532a2bc348043,True,
Training,Training/images/종이류/책자/21_X007_C509_0317/21_X007_C509_0317_0.jpg,Training/labels/종이류/책자/21_X007_C509_0317/21_X007_C509_0317_0.json,21_X007_C509_0317_0.jpg,종이류,책자,종이류/책자,1440,1921,1440,1921,True,실내,주간,1,1,1,True,0,ede54e1405584090ee9eb0241759aba0e4346ead,True,
Training,Training/images/종이류/책자/21_X031_C509_0318/21_X031_C509_0318_0.jpg,Training/labels/종이류/책자/21_X031_C509_0318/21_X031_C509_0318_0.json,21_X031_C509_0318_0.jpg,종이류,책자,종이류/책자,1440,1921,1440,1921,True,실내,주간,1,1,1,True,0,8bfeb1bc60939c42e623f62fd003f56a914d6d0e,True,
Training,Training/images/종이류/책자/21_X084_C509_0318/21_X084_C509_0318_2.jpg,Training/labels/종이류/책자/21_X084_C509_0318/21_X084_C509_0318_2.json,21_X084_C509_0318_2.jpg,종이류,책자,종이류/책자,1440,1921,1440,1921,True,실내,주간,1,1,1,True,0,35a4b916de110c56b984d2969a23faec1adc8887,True,
Training,Training/images/종이류/책자/21_X090_C977_0319/21_X090_C977_0319_1.jpg,Training/labels/종이류/책자/21_X090_C977_0319/21_X090_C977_0319_1.json,21_X090_C977_0319_1.jpg,종이류,책자,종이류/책자,1440,1921,1440,1921,True,실외,주간,1,1,1,True,0,362c9107e552d1a83485b609829e6f7c0274c8db,True,
Training,Training/images/종이류/책자/21_X145_C015_0131/21_X145_C015_0131_3.jpg,Training/labels/종이류/책자/21_X145_C015_0131/21_X145_C015_0131_3.json,21_X145_C015_0131_3.jpg,종이류,책자,종이류/책자,1921,1080,1921,1080,True,실외,주간,2,2,2,True,0,896304adf7e9c904e9da563e83916abd63af7e93,True,
Training,Training/images/종이류/책자/21_X164_C972_0319/21_X164_C972_0319_3.jpg,Training/labels/종이류/책자/21_X164_C972_0319/21_X164_C972_0319_3.json,21_X164_C972_0319_3.jpg,종이류,책자,종이류/책자,1921,1440,1921,1440,True,실내,주간,1,1,1,True,0,e1fcd524f2abdfda0155e64b6beffee84d5f22ae,True,
Training,Training/images/종이류/책자/21_X179_C972_0319/21_X179_C972_0319_3.jpg,Training/labels/종이류/책자/21_X179_C972_0319/21_X179_C972_0319_3.json,21_X179_C972_0319_3.jpg,종이류,책자,종이류/책자,1921,1440,1921,1440,True,실내,주간,1,1,1,True,0,c7d2090b3e2798891d026b329146c3514b30ad84,True,
Training,Training/images/종이류/책자/21_X222_C977_0319/21_X222_C977_0319_1.jpg,Training/labels/종이류/책자/21_X222_C977_0319/21_X222_C977_0319_1.json,21_X222_C977_0319_1.jpg,종이류,책자,종이류/책자,1921,1440,1921,1440,True,실내,주간,1,1,1,True,0,0073b94c7db2f68f2d71fc9d008010e1edbf5473,True,
Training,Training/images/종이류/책자/21_X228_C509_0318/21_X228_C509_0318_0.jpg,Training/labels/종이류/책자/21_X228_C509_0318/21_X228_C509_0318_0.json,21_X228_C509_0318_0.jpg,종이류,책자,종이류/책자,1440,1921,1440,1921,True,실내,주간,1,1,1,True,0,a555d974ad43b8a8d8a409ee412caf2f8050d573,True,
Training,Training/images/종이류/포장상자/21_X004_C171_1007/21_X004_C171_1007_0.jpg,Training/labels/종이류/포장상자/21_X004_C171_1007/21_X004_C171_1007_0.json,21_X004_C171_1007_0.jpg,종이류,포장상자,종이류/포장상자,1920,1440,1920,1440,True,실외,주간,1,1,1,True,0,c5040cb30d589d847405d5eb04d020b4475726ac,True,
Training,Training/images/종이류/포장상자/21_X005_C184_1012/21_X005_C184_1012_1.jpg,Training/labels/종이류/포장상자/21_X005_C184_1012/21_X005_C184_1012_1.json,21_X005_C184_1012_1.jpg,종이류,포장상자,종이류/포장상자,2221,1080,2221,1080,True,실외,주간,1,1,1,True,0,ad87215242c80c6aec10b8150d87057e9bb43340,True,
Training,Training/images/종이류/포장상자/21_X007_C061_0128/21_X007_C061_0128_4.jpg,Training/labels/종이류/포장상자/21_X007_C061_0128/21_X007_C061_0128_4.json,21_X007_C061_0128_4.jpg,종이류,포장상자,종이류/포장상자,1920,1080,1920,1080,True,실외,주간,2,2,2,True,0,be9964fb671fd40876433647fbac7bc29c161bdb,True,
Training,Training/images/종이류/포장상자/21_X019_C172_1007/21_X019_C172_1007_2.jpg,Training/labels/종이류/포장상자/21_X019_C172_1007/21_X019_C172_1007_2.json,21_X019_C172_1007_2.jpg,종이류,포장상자,종이류/포장상자,1920,1440,1920,1440,True,실외,주간,1,1,1,True,0,40f4fcc7fb8ebe5f88d6f5be8da92e4b6f10d121,True,
Training,Training/images/종이류/포장상자/21_X020_C701_1229/21_X020_C701_1229_1.jpg,Training/labels/종이류/포장상자/21_X020_C701_1229/21_X020_C701_1229_1.json,21_X020_C701_1229_1.jpg,종이류,포장상자,종이류/포장상자,1920,1080,1920,1080,True,실외,주간,1,1,1,True,0,c3c9b9d1d511270e05749df5c4e8c347d263d69f,True,
Training,Training/images/종이류/포장상자/21_X028_C206_1013/21_X028_C206_1013_2.jpg,Training/labels/종이류/포장상자/21_X028_C206_1013/21_X028_C206_1013_2.json,21_X028_C206_1013_2.jpg,종이류,포장상자,종이류/포장상자,1920,1080,1920,1080,True,실외,주간,1,1,1,True,0,b5b7fee75c0a54cd05613ce114bf6783bc8d0fa8,True,
Training,Training/images/종이류/포장상자/21_X035_C203_1012/21_X035_C203_1012_3.jpg,Training/labels/종이류/포장상자/21_X035_C203_1012/21_X035_C203_1012_3.json,21_X035_C203_1012_3.jpg,종이류,포장상자,종이류/포장상자,1920,1440,1920,1440,True,실외,주간,1,1,1,True,0,40cbc9ef74b47580af42c83ebc26ce20cfc17031,True,
Training,Training/images/종이류/포장상자/21_X051_C012_1111/21_X051_C012_1111_0.jpg,Training/labels/종이류/포장상자/21_X051_C012_1111/21_X051_C012_1111_0.json,21_X051_C012_1111_0.jpg,종이류,포장상자,종이류/포장상자,1920,1440,1920,1440,True,실외,주간,1,1,1,True,0,b3f786c90e2c330dbb2e6c40e46e7e4a132e7a6d,True,
Training,Training/images/종이류/포장상자/21_X064_C705_1210/21_X064_C705_1210_2.jpg,Training/labels/종이류/포장상자/21_X064_C705_1210/21_X064_C705_1210_2.json,21_X064_C705_1210_2.jpg,종이류,포장상자,종이류/포장상자,1920,1920,1920,1920,True,실외,주간,1,1,1,True,0,e88c1578f3b70a70b8135f28c653b8f028bab692,True,
Training,Training/images/캔류/기타/22_X010_C045_1105/22_X010_C045_1105_0.jpg,Training/labels/캔류/기타/22_X010_C045_1105/22_X010_C045_1105_0.json,22_X010_C045_1105_0.jpg,캔류,기타,캔류/기타,3264,1836,3264,1836,True,실외,주간,1,1,1,True,0,98f50cc3cb016aa5256904149f492decfd6e9eff,True,
Training,Training/images/캔류/기타/22_X010_C045_1105/22_X010_C045_1105_1.jpg,Training/labels/캔류/기타/22_X010_C045_1105/22_X010_C045_1105_1.json,22_X010_C045_1105_1.jpg,캔류,기타,캔류/기타,3264,1836,3264,1836,True,실외,주간,1,1,1,True,0,2a7369c969b53b0ba2949bd770d57f0d61692e86,True,
Training,Training/images/캔류/기타/22_X010_C045_1105/22_X010_C045_1105_2.jpg,Training/labels/캔류/기타/22_X010_C045_1105/22_X010_C045_1105_2.json,22_X010_C045_1105_2.jpg,캔류,기타,캔류/기타,3264,1836,3264,1836,True,실외,주간,1,1,1,True,0,1fb8a50d57229cb94a86d6f6e4bf29405a98e71e,True,
Training,Training/images/캔류/기타/22_X010_C045_1105/22_X010_C045_1105_3.jpg,Training/labels/캔류/기타/22_X010_C045_1105/22_X010_C045_1105_3.json,22_X010_C045_1105_3.jpg,캔류,기타,캔류/기타,3264,1836,3264,1836,True,실외,주간,1,1,1,True,0,378c21aa11d4ceb5e246bf920737f2157cd93686,True,
Training,Training/images/캔류/기타/22_X010_C045_1105/22_X010_C045_1105_4.jpg,Training/labels/캔류/기타/22_X010_C045_1105/22_X010_C045_1105_4.json,22_X010_C045_1105_4.jpg,캔류,기타,캔류/기타,3264,1836,3264,1836,True,실외,주간,1,1,1,True,0,6815b1721fa4c68cfc410287532f222465d00ea4,True,
Training,Training/images/캔류/맥주캔/22_X001_C329_1106/22_X001_C329_1106_2.jpg,Training/labels/캔류/맥주캔/22_X001_C329_1106/22_X001_C329_1106_2.json,22_X001_C329_1106_2.jpg,캔류,맥주캔,캔류/맥주캔,1920,1920,1920,1920,True,실외,주간,1,1,1,True,0,5bcaabf239e33a11a564bf78f9d3f32bd2e1ef9e,True,
Training,Training/images/캔류/맥주캔/22_X003_C025_1012/22_X003_C025_1012_3.jpg,Training/labels/캔류/맥주캔/22_X003_C025_1012/22_X003_C025_1012_3.json,22_X003_C025_1012_3.jpg,캔류,맥주캔,캔류/맥주캔,1921,1440,1921,1440,True,실외,주간,1,1,1,True,0,6f97d9afd823e76b8b7f5fb78ef7d6fb27e2fe8e,True,
Training,Training/images/캔류/맥주캔/22_X016_C509_0125/22_X016_C509_0125_2.jpg,Training/labels/캔류/맥주캔/22_X016_C509_0125/22_X016_C509_0125_2.json,22_X016_C509_0125_2.jpg,캔류,맥주캔,캔류/맥주캔,1922,1081,1922,1081,True,실외,주간,1,1,1,True,0,efb6f2e2fbbd5ddee3ce489c3f708242214a8f2a,True,
Training,Training/images/캔류/맥주캔/22_X019_C509_0406/22_X019_C509_0406_3.jpg,Training/labels/캔류/맥주캔/22_X019_C509_0406/22_X019_C509_0406_3.json,22_X019_C509_0406_3.jpg,캔류,맥주캔,캔류/맥주캔,1440,1921,1440,1921,True,실내,주간,1,1,1,True,0,f0b949e353c0aa917f62c5a29f4c2c2d0c8784c6,True,
Training,Training/images/캔류/맥주캔/22_X055_C053_1104/22_X055_C053_1104_4.jpg,Training/labels/캔류/맥주캔/22_X055_C053_1104/22_X055_C053_1104_4.json,22_X055_C053_1104_4.jpg,캔류,맥주캔,캔류/맥주캔,1920,1080,1920,1080,True,실외,주간,1,1,1,True,0,5668684c904b8366a56c55368656f93014e62a53,True,
Training,Training/images/캔류/맥주캔/22_X065_C053_1104/22_X065_C053_1104_4.jpg,Training/labels/캔류/맥주캔/22_X065_C053_1104/22_X065_C053_1104_4.json,22_X065_C053_1104_4.jpg,캔류,맥주캔,캔류/맥주캔,1920,1080,1920,1080,True,실외,주간,1,1,1,True,0,f4c4e3cfba03af9c198f3a64d662f581621622e1,True,
Training,Training/images/캔류/맥주캔/22_X210_C001_0321/22_X210_C001_0321_4.jpg,Training/labels/캔류/맥주캔/22_X210_C001_0321/22_X210_C001_0321_4.json,22_X210_C001_0321_4.jpg,캔류,맥주캔,캔류/맥주캔,1921,1080,1921,1080,True,실내,주간,1,1,1,True,0,d7ee3ccc064cbbdd5a97752954566be4ed1dd48d,True,
Training,Training/images/캔류/맥주캔/22_X262_C001_0321/22_X262_C001_0321_0.jpg,Training/labels/캔류/맥주캔/22_X262_C001_0321/22_X262_C001_0321_0.json,22_X262_C001_0321_0.jpg,캔류,맥주캔,캔류/맥주캔,1921,1080,1921,1080,True,실내,주간,1,1,1,True,0,c935e7b3c64a8e0f5ea141dc0638ccf6b5ed28ca,True,
Training,Training/images/캔류/맥주캔/22_X495_C509_0406/22_X495_C509_0406_2.jpg,Training/labels/캔류/맥주캔/22_X495_C509_0406/22_X495_C509_0406_2.json,22_X495_C509_0406_2.jpg,캔류,맥주캔,캔류/맥주캔,1921,1440,1921,1440,True,실외,주간,1,1,1,True,0,48b634c54fd9ad035e6aacb01acda26f5159a7eb,True,
Training,Training/images/캔류/스팸류/22_X001_C057_1008/22_X001_C057_1008_3.jpg,Training/labels/캔류/스팸류/22_X001_C057_1008/22_X001_C057_1008_3.json,22_X001_C057_1008_3.jpg,캔류,스팸류,캔류/스팸류,1920,1080,1920,1080,True,실외,주간,1,1,1,True,0,d12c2902d0182d5105f4296204737c53a8bd5017,True,
Training,Training/images/캔류/스팸류/22_X001_C194_1106/22_X001_C194_1106_1.jpg,Training/labels/캔류/스팸류/22_X001_C194_1106/22_X001_C194_1106_1.json,22_X001_C194_1106_1.jpg,캔류,스팸류,캔류/스팸류,1920,1080,1920,1080,True,실외,주간,1,1,1,True,0,ff0e2be07a934e88451e7e7f4ce5075d0b1439e1,True,
Training,Training/images/캔류/스팸류/22_X002_C026_1014/22_X002_C026_1014_3.jpg,Training/labels/캔류/스팸류/22_X002_C026_1014/22_X002_C026_1014_3.json,22_X002_C026_1014_3.jpg,캔류,스팸류,캔류/스팸류,1920,1440,1920,1440,True,실외,주간,1,1,1,True,0,31a0f255c457f06ba931cfd5f35446d1550678d3,True,
Training,Training/images/캔류/스팸류/22_X002_C106_0321/22_X002_C106_0321_1.jpg,Training/labels/캔류/스팸류/22_X002_C106_0321/22_X002_C106_0321_1.json,22_X002_C106_0321_1.jpg,캔류,스팸류,캔류/스팸류,1921,1080,1921,1080,True,실내,주간,1,1,1,True,0,48ca028092636197d0ea583467887c7256a72e9a,True,
Training,Training/images/캔류/스팸류/22_X004_C187_1021/22_X004_C187_1021_4.jpg,Training/labels/캔류/스팸류/22_X004_C187_1021/22_X004_C187_1021_4.json,22_X004_C187_1021_4.jpg,캔류,스팸류,캔류/스팸류,1920,1440,1920,1440,True,실외,주간,1,1,1,True,0,096ef0b584fe27a28da6ab08f37cbcdf3b40a41f,True,
Training,Training/images/캔류/스팸류/22_X007_C026_1012/22_X007_C026_1012_4.jpg,Training/labels/캔류/스팸류/22_X007_C026_1012/22_X007_C026_1012_4.json,22_X007_C026_1012_4.jpg,캔류,스팸류,캔류/스팸류,1920,1440,1920,1440,True,실외,주간,1,1,1,True,0,02a44c715b487a4da36e892ac0e3d1bc0a5a36cf,True,
Training,Training/images/캔류/스팸류/22_X007_C320_1106/22_X007_C320_1106_0.jpg,Training/labels/캔류/스팸류/22_X007_C320_1106/22_X007_C320_1106_0.json,22_X007_C320_1106_0.jpg,캔류,스팸류,캔류/스팸류,1920,1080,1920,1080,True,실외,주간,1,1,1,True,0,f5034d8d75fa6f90600f01fb3f84f1ce29aac3d3,True,
Training,Training/images/캔류/스팸류/22_X009_C052_1103/22_X009_C052_1103_1.jpg,Training/labels/캔류/스팸류/22_X009_C052_1103/22_X009_C052_1103_1.json,22_X009_C052_1103_1.jpg,캔류,스팸류,캔류/스팸류,1920,1440,1920,1440,True,실외,주간,1,1,1,True,0,39e8ce899ae87df4b61fbc9cb21bdd4e609927e9,True,
Training,Training/images/캔류/스팸류/22_X040_C090_0321/22_X040_C090_0321_3.jpg,Training/labels/캔류/스팸류/22_X040_C090_0321/22_X040_C090_0321_3.json,22_X040_C090_0321_3.jpg,캔류,스팸류,캔류/스팸류,1921,1080,1921,1080,True,실외,주간,1,1,1,True,0,607fffc87ec3d493b012e8f0c0c9d690506974a4,True,
Training,Training/images/캔류/음료수캔/22_X004_C326_1104/22_X004_C326_1104_0.jpg,Training/labels/캔류/음료수캔/22_X004_C326_1104/22_X004_C326_1104_0.json,22_X004_C326_1104_0.jpg,캔류,음료수캔,캔류/음료수캔,1920,1080,1920,1080,True,실외,주간,1,1,1,True,0,09ed94a6127dbd9482c8c0887f153ad7c7381f87,True,
Training,Training/images/캔류/음료수캔/22_X007_C023_1106/22_X007_C023_1106_3.jpg,Training/labels/캔류/음료수캔/22_X007_C023_1106/22_X007_C023_1106_3.json,22_X007_C023_1106_3.jpg,캔류,음료수캔,캔류/음료수캔,1920,1080,1920,1080,True,실외,주간,1,1,1,True,0,33c133d3573656e2e43ed4a64d4c1464e3ceaac3,True,
Training,Training/images/캔류/음료수캔/22_X011_C024_1012/22_X011_C024_1012_3.jpg,Training/labels/캔류/음료수캔/22_X011_C024_1012/22_X011_C024_1012_3.json,22_X011_C024_1012_3.jpg,캔류,음료수캔,캔류/음료수캔,1920,1440,1920,1440,True,실외,주간,1,1,1,True,0,243e7d522e1b203987a4aadbc596eb0d0f4986dd,True,
Training,Training/images/캔류/음료수캔/22_X011_C043_1023/22_X011_C043_1023_2.jpg,Training/labels/캔류/음료수캔/22_X011_C043_1023/22_X011_C043_1023_2.json,22_X011_C043_1023_2.jpg,캔류,음료수캔,캔류/음료수캔,2221,1080,2221,1080,True,실외,주간,1,1,1,True,0,ec91403797328f4adb7eb1902b5d68975e9da292,True,
Training,Training/images/캔류/음료수캔/22_X012_C053_1007/22_X012_C053_1007_0.jpg,Training/labels/캔류/음료수캔/22_X012_C053_1007/22_X012_C053_1007_0.json,22_X012_C053_1007_0.jpg,캔류,음료수캔,캔류/음료수캔,1920,1440,1920,1440,True,실외,주간,1,1,1,True,0,ec4ba51bf2dd4f264d2a958533de360ee1919c27,True,
Training,Training/images/캔류/음료수캔/22_X017_C509_0512/22_X017_C509_0512_0.jpg,Training/labels/캔류/음료수캔/22_X017_C509_0512/22_X017_C509_0512_0.json,22_X017_C509_0512_0.jpg,캔류,음료수캔,캔류/음료수캔,1440,1921,1921,1440,False,실내,주간,1,1,1,True,0,ab0ff0ee927517862f474a76b38bedded5c43fbd,True,
Training,Training/images/캔류/음료수캔/22_X030_C804_0219/22_X030_C804_0219_1.jpg,Training/labels/캔류/음료수캔/22_X030_C804_0219/22_X030_C804_0219_1.json,22_X030_C804_0219_1.jpg,캔류,음료수캔,캔류/음료수캔,1921,1440,1921,1440,True,실외,주간,1,1,1,True,0,5ebf10aeb6106b8c9d470d54dd1a7f4b157be767,True,
Training,Training/images/캔류/음료수캔/22_X047_C999_0420/22_X047_C999_0420_2.jpg,Training/labels/캔류/음료수캔/22_X047_C999_0420/22_X047_C999_0420_2.json,22_X047_C999_0420_2.jpg,캔류,음료수캔,캔류/음료수캔,1921,1080,1921,1080,True,실내,주간,1,1,1,True,0,e489cd9c7c6770a03a4028a5ded369639660ef5d,True,
Training,Training/images/캔류/음료수캔/22_X393_C999_0320/22_X393_C999_0320_1.jpg,Training/labels/캔류/음료수캔/22_X393_C999_0320/22_X393_C999_0320_1.json,22_X393_C999_0320_1.jpg,캔류,음료수캔,캔류/음료수캔,1921,1080,1921,1080,True,실내,주간,1,1,1,True,0,135df0d11a8944d06ed0714b0eade18375042c28,True,
Training,Training/images/캔류/참기름캔/22_X001_C205_1105/22_X001_C205_1105_2.jpg,Training/labels/캔류/참기름캔/22_X001_C205_1105/22_X001_C205_1105_2.json,22_X001_C205_1105_2.jpg,캔류,참기름캔,캔류/참기름캔,1920,1080,1920,1080,True,실외,주간,1,1,1,True,0,c1230caee5b93143fe806926ed0bfb958afd822b,True,
Training,Training/images/캔류/참기름캔/22_X002_C023_1104/22_X002_C023_1104_2.jpg,Training/labels/캔류/참기름캔/22_X002_C023_1104/22_X002_C023_1104_2.json,22_X002_C023_1104_2.jpg,캔류,참기름캔,캔류/참기름캔,1920,1080,1920,1080,True,실외,주간,1,1,1,True,0,bd1637b000a1e60466727d8ce4f95d5cb40c47b0,True,
Training,Training/images/캔류/참기름캔/22_X002_C187_1103/22_X002_C187_1103_0.jpg,Training/labels/캔류/참기름캔/22_X002_C187_1103/22_X002_C187_1103_0.json,22_X002_C187_1103_0.jpg,캔류,참기름캔,캔류/참기름캔,1920,1440,1920,1440,True,실외,주간,1,1,1,True,0,14ee9a1ca71ee6dc8f4eb8c0a673fa620417f4b1,True,
Training,Training/images/캔류/참기름캔/22_X002_C329_1109/22_X002_C329_1109_2.jpg,Training/labels/캔류/참기름캔/22_X002_C329_1109/22_X002_C329_1109_2.json,22_X002_C329_1109_2.jpg,캔류,참기름캔,캔류/참기름캔,1920,1920,1920,1920,True,실외,주간,1,1,1,True,0,f23a9b8ed740b9ba329f5428ccf709ea1b40161b,True,
Training,Training/images/캔류/참기름캔/22_X003_C187_1021/22_X003_C187_1021_3.jpg,Training/labels/캔류/참기름캔/22_X003_C187_1021/22_X003_C187_1021_3.json,22_X003_C187_1021_3.jpg,캔류,참기름캔,캔류/참기름캔,1920,1440,1920,1440,True,실외,주간,1,1,1,True,0,a76af34ace59e6aa9ab271cfa65714e93ec223f8,True,
Training,Training/images/캔류/참기름캔/22_X006_C187_1021/22_X006_C187_1021_2.jpg,Training/labels/캔류/참기름캔/22_X006_C187_1021/22_X006_C187_1021_2.json,22_X006_C187_1021_2.jpg,캔류,참기름캔,캔류/참기름캔,1920,1440,1920,1440,True,실외,주간,1,1,1,True,0,439f012d30add30341b9b63398a69077a175ff12,True,
Training,Training/images/캔류/참기름캔/22_X007_C330_1102/22_X007_C330_1102_3.jpg,Training/labels/캔류/참기름캔/22_X007_C330_1102/22_X007_C330_1102_3.json,22_X007_C330_1102_3.jpg,캔류,참기름캔,캔류/참기름캔,1920,1080,1920,1080,True,실외,주간,1,1,1,True,0,d5deeefeb2ce4f833d0738391f89425fcbe1ecaf,True,
Training,Training/images/캔류/참기름캔/22_X089_C900_1104/22_X089_C900_1104_3.jpg,Training/labels/캔류/참기름캔/22_X089_C900_1104/22_X089_C900_1104_3.json,22_X089_C900_1104_3.jpg,캔류,참기름캔,캔류/참기름캔,1920,1440,1920,1440,True,실외,주간,1,1,1,True,0,845a38afe2c4b21e8e0939435ee5a9a60e157d07,True,
Training,Training/images/캔류/참기름캔/22_X140_C900_1104/22_X140_C900_1104_0.jpg,Training/labels/캔류/참기름캔/22_X140_C900_1104/22_X140_C900_1104_0.json,22_X140_C900_1104_0.jpg,캔류,참기름캔,캔류/참기름캔,1920,1080,1920,1080,True,실외,주간,1,1,1,True,0,9db5720de0bd059a4d23e844da5fa644c368652f,True,
Training,Training/images/캔류/커피캔/22_X001_C057_1006/22_X001_C057_1006_3.jpg,Training/labels/캔류/커피캔/22_X001_C057_1006/22_X001_C057_1006_3.json,22_X001_C057_1006_3.jpg,캔류,커피캔,캔류/커피캔,1920,1080,1920,1080,True,실외,주간,2,2,2,True,0,f6dc0e3c30ece3fbbae1890ae0e793cc805023d4,True,
Training,Training/images/캔류/커피캔/22_X001_C164_1006/22_X001_C164_1006_3.jpg,Training/labels/캔류/커피캔/22_X001_C164_1006/22_X001_C164_1006_3.json,22_X001_C164_1006_3.jpg,캔류,커피캔,캔류/커피캔,1920,1440,1920,1440,True,실외,주간,1,1,1,True,0,5bcebcd6419f9b770ffc9562de718bfbd9525e47,True,
Training,Training/images/캔류/커피캔/22_X004_C024_1105/22_X004_C024_1105_0.jpg,Training/labels/캔류/커피캔/22_X004_C024_1105/22_X004_C024_1105_0.json,22_X004_C024_1105_0.jpg,캔류,커피캔,캔류/커피캔,1920,1080,1920,1080,True,실외,주간,1,1,1,True,0,6f0b070b1ed4d0e09a83e0913f011de6dee93020,True,
Training,Training/images/캔류/커피캔/22_X004_C207_1027/22_X004_C207_1027_4.jpg,Training/labels/캔류/커피캔/22_X004_C207_1027/22_X004_C207_1027_4.json,22_X004_C207_1027_4.jpg,캔류,커피캔,캔류/커피캔,1920,1440,1920,1440,True,실외,주간,1,1,1,True,0,df6a398c26c078913eaacb5a121da12a8dfad382,True,
Training,Training/images/캔류/커피캔/22_X006_C012_1109/22_X006_C012_1109_0.jpg,Training/labels/캔류/커피캔/22_X006_C012_1109/22_X006_C012_1109_0.json,22_X006_C012_1109_0.jpg,캔류,커피캔,캔류/커피캔,1920,1440,1920,1440,True,실외,주간,1,1,1,True,0,27859ed475ff3a063db091bb7c28f236b2de9328,True,
Training,Training/images/캔류/커피캔/22_X006_C034_1102/22_X006_C034_1102_2.jpg,Training/labels/캔류/커피캔/22_X006_C034_1102/22_X006_C034_1102_2.json,22_X006_C034_1102_2.jpg,캔류,커피캔,캔류/커피캔,1920,1440,1920,1440,True,실외,주간,1,1,1,True,0,0cd9438c7ccc5f004fa4b2edcb303058c7d83609,True,
Training,Training/images/캔류/커피캔/22_X015_C023_1029/22_X015_C023_1029_0.jpg,Training/labels/캔류/커피캔/22_X015_C023_1029/22_X015_C023_1029_0.json,22_X015_C023_1029_0.jpg,캔류,커피캔,캔류/커피캔,1920,1440,1920,1440,True,실외,주간,1,1,1,True,0,dad3947297a69aaf8ffae4a9704607260064bfcb,True,
Training,Training/images/캔류/커피캔/22_X040_C101_0321/22_X040_C101_0321_1.jpg,Training/labels/캔류/커피캔/22_X040_C101_0321/22_X040_C101_0321_1.json,22_X040_C101_0321_1.jpg,캔류,커피캔,캔류/커피캔,1921,1080,1921,1080,True,실외,주간,1,1,1,True,0,e43e8a1d729b8a423fdf1194fe5e3d9c86752945,True,
Training,Training/images/캔류/커피캔/22_X141_C999_0420/22_X141_C999_0420_4.jpg,Training/labels/캔류/커피캔/22_X141_C999_0420/22_X141_C999_0420_4.json,22_X141_C999_0420_4.jpg,캔류,커피캔,캔류/커피캔,1080,1921,1080,1921,True,실외,주간,1,1,1,True,0,c1834c97ba051083c4290e9710116d46d62530b4,True,
Training,Training/images/캔류/통조림캔/22_X002_C026_1020/22_X002_C026_1020_0.jpg,Training/labels/캔류/통조림캔/22_X002_C026_1020/22_X002_C026_1020_0.json,22_X002_C026_1020_0.jpg,캔류,통조림캔,캔류/통조림캔,1920,1440,1920,1440,True,실외,주간,1,1,1,True,0,63204568fd74f6f5cb431cbb162273adc83fc639,True,
Training,Training/images/캔류/통조림캔/22_X002_C509_0129/22_X002_C509_0129_0.jpg,Training/labels/캔류/통조림캔/22_X002_C509_0129/22_X002_C509_0129_0.json,22_X002_C509_0129_0.jpg,캔류,통조림캔,캔류/통조림캔,1921,1440,1921,1440,True,실외,주간,1,1,1,True,0,29a3294e805bbb48e42daeb70f8944eb72972442,True,
Training,Training/images/캔류/통조림캔/22_X009_C175_1013/22_X009_C175_1013_3.jpg,Training/labels/캔류/통조림캔/22_X009_C175_1013/22_X009_C175_1013_3.json,22_X009_C175_1013_3.jpg,캔류,통조림캔,캔류/통조림캔,1440,1920,1440,1920,True,실외,주간,1,1,1,True,0,0ee31622cd4de145e22e1142bbf5c8425f0cab5f,True,
Training,Training/images/캔류/통조림캔/22_X011_C166_1014/22_X011_C166_1014_3.jpg,Training/labels/캔류/통조림캔/22_X011_C166_1014/22_X011_C166_1014_3.json,22_X011_C166_1014_3.jpg,캔류,통조림캔,캔류/통조림캔,1920,1920,1920,1920,True,실외,주간,1,1,1,True,0,b1e88209adb49eecd671ea01dcdef158dd04d6bb,True,
Training,Training/images/캔류/통조림캔/22_X012_C024_1105/22_X012_C024_1105_3.jpg,Training/labels/캔류/통조림캔/22_X012_C024_1105/22_X012_C024_1105_3.json,22_X012_C024_1105_3.jpg,캔류,통조림캔,캔류/통조림캔,1920,1080,1920,1080,True,실외,주간,1,1,1,True,0,db43737a4d9786d246e0cbd96783aac6367b8e16,True,
Training,Training/images/캔류/통조림캔/22_X022_C026_1109/22_X022_C026_1109_0.jpg,Training/labels/캔류/통조림캔/22_X022_C026_1109/22_X022_C026_1109_0.json,22_X022_C026_1109_0.jpg,캔류,통조림캔,캔류/통조림캔,1920,1080,1920,1080,True,실외,주간,1,1,1,True,0,c6552bb72c1e4c8e55fe111c3fe0625b3e01edde,True,
Training,Training/images/캔류/통조림캔/22_X032_C204_1209/22_X032_C204_1209_4.jpg,Training/labels/캔류/통조림캔/22_X032_C204_1209/22_X032_C204_1209_4.json,22_X032_C204_1209_4.jpg,캔류,통조림캔,캔류/통조림캔,1920,1440,1920,1440,True,실외,주간,1,1,1,True,0,5106a299fcfed48a6cca3842dba235d8cdc6394c,True,
Training,Training/images/캔류/통조림캔/22_X045_C091_0321/22_X045_C091_0321_4.jpg,Training/labels/캔류/통조림캔/22_X045_C091_0321/22_X045_C091_0321_4.json,22_X045_C091_0321_4.jpg,캔류,통조림캔,캔류/통조림캔,1921,1080,1921,1080,True,실외,주간,1,1,1,True,0,056608667da756b09b08a9017116c2c32c658711,True,
Training,Training/images/캔류/통조림캔/22_X126_C900_1027/22_X126_C900_1027_0.jpg,Training/labels/캔류/통조림캔/22_X126_C900_1027/22_X126_C900_1027_0.json,22_X126_C900_1027_0.jpg,캔류,통조림캔,캔류/통조림캔,1920,1440,1920,1440,True,실외,주간,1,1,1,True,0,6d2c31009124be874246cc06eb48a7ea20d6de43,True,
Training,Training/images/페트병/기타/23_X004_C509_0511/23_X004_C509_0511_1.jpg,Training/labels/페트병/기타/23_X004_C509_0511/23_X004_C509_0511_1.json,23_X004_C509_0511_1.jpg,페트병,기타,페트병/기타,1440,1921,1921,1440,False,실외,주간,1,1,1,True,0,673683723b3b05efcb474283737a41410766b514,True,
Training,Training/images/페트병/기타/23_X011_C509_0511/23_X011_C509_0511_4.jpg,Training/labels/페트병/기타/23_X011_C509_0511/23_X011_C509_0511_4.json,23_X011_C509_0511_4.jpg,페트병,기타,페트병/기타,1080,1921,1080,1921,True,실외,주간,1,1,1,True,0,85a82e047e0e1ec6850d1528e83753ead43d9848,True,
Training,Training/images/페트병/기타/23_X013_C509_0511/23_X013_C509_0511_4.jpg,Training/labels/페트병/기타/23_X013_C509_0511/23_X013_C509_0511_4.json,23_X013_C509_0511_4.jpg,페트병,기타,페트병/기타,1440,1921,1921,1440,False,실외,주간,1,1,1,True,0,8ab2b655453655941786558cafa7cab237677428,True,
Training,Training/images/페트병/기타/23_X014_C061_1109/23_X014_C061_1109_3.jpg,Training/labels/페트병/기타/23_X014_C061_1109/23_X014_C061_1109_3.json,23_X014_C061_1109_3.jpg,페트병,기타,페트병/기타,1921,1081,1921,1081,True,실외,주간,1,1,1,True,0,71926a7c6cf7d67b4dfeb972d3f9390804496031,True,
Training,Training/images/페트병/기타/23_X015_C090_0321/23_X015_C090_0321_4.jpg,Training/labels/페트병/기타/23_X015_C090_0321/23_X015_C090_0321_4.json,23_X015_C090_0321_4.jpg,페트병,기타,페트병/기타,1921,1080,1921,1080,True,실내,주간,1,1,1,True,0,4a80c94691359f11cb25230c38e56028d0a5f28f,True,
Training,Training/images/페트병/기타/23_X019_C509_0511/23_X019_C509_0511_4.jpg,Training/labels/페트병/기타/23_X019_C509_0511/23_X019_C509_0511_4.json,23_X019_C509_0511_4.jpg,페트병,기타,페트병/기타,1080,1921,1080,1921,True,실외,주간,1,1,1,True,0,7b5442ff5c306c5b5b8cd80f522c3dd29140520e,True,
Training,Training/images/페트병/기타/23_X020_C509_0511/23_X020_C509_0511_0.jpg,Training/labels/페트병/기타/23_X020_C509_0511/23_X020_C509_0511_0.json,23_X020_C509_0511_0.jpg,페트병,기타,페트병/기타,1440,1921,1921,1440,False,실외,주간,1,1,1,True,0,9f7bf2c83823c3b90bdd64868d238bd94fc6be98,True,
Training,Training/images/페트병/기타/23_X042_C802_0221/23_X042_C802_0221_4.jpg,Training/labels/페트병/기타/23_X042_C802_0221/23_X042_C802_0221_4.json,23_X042_C802_0221_4.jpg,페트병,기타,페트병/기타,1921,1440,1921,1440,True,실외,주간,1,1,1,True,0,d4fd154e64d6bbff499fab5b4d7a57a6f38aa787,True,
Training,Training/images/페트병/기타/23_X109_C509_0326/23_X109_C509_0326_3.jpg,Training/labels/페트병/기타/23_X109_C509_0326/23_X109_C509_0326_3.json,23_X109_C509_0326_3.jpg,페트병,기타,페트병/기타,1440,1921,1440,1921,True,실외,주간,1,1,1,True,0,877752448dd5c4dac1c789bfc8680aa383ab06d6,True,
Training,Training/images/페트병/일회용음료수잔/23_X002_C021_1015/23_X002_C021_1015_4.jpg,Training/labels/페트병/일회용음료수잔/23_X002_C021_1015/23_X002_C021_1015_4.json,23_X002_C021_1015_4.jpg,페트병,일회용음료수잔,페트병/일회용음료수잔,2221,1080,2221,1080,True,실외,주간,1,1,1,True,0,b56a870ffe7ec1938be33286de2e8f97840a0015,True,
Training,Training/images/페트병/일회용음료수잔/23_X004_C162_1106/23_X004_C162_1106_3.jpg,Training/labels/페트병/일회용음료수잔/23_X004_C162_1106/23_X004_C162_1106_3.json,23_X004_C162_1106_3.jpg,페트병,일회용음료수잔,페트병/일회용음료수잔,1920,1440,1920,1440,True,실외,주간,1,1,1,True,0,e101ff82d5238691e092d35e81ca302282dac210,True,
Training,Training/images/페트병/일회용음료수잔/23_X004_C203_1110/23_X004_C203_1110_4.jpg,Training/labels/페트병/일회용음료수잔/23_X004_C203_1110/23_X004_C203_1110_4.json,23_X004_C203_1110_4.jpg,페트병,일회용음료수잔,페트병/일회용음료수잔,1920,1080,1920,1080,True,실외,주간,1,1,1,True,0,83d47b2716bb5edcf058e4a30e2e16af5c7d87f4,True,
Training,Training/images/페트병/일회용음료수잔/23_X007_C204_1015/23_X007_C204_1015_0.jpg,Training/labels/페트병/일회용음료수잔/23_X007_C204_1015/23_X007_C204_1015_0.json,23_X007_C204_1015_0.jpg,페트병,일회용음료수잔,페트병/일회용음료수잔,1921,1440,1921,1440,True,실외,주간,1,1,1,True,0,ea129ff5993f4022db02504a9aa3219a4cfd58d7,True,
Training,Training/images/페트병/일회용음료수잔/23_X010_C166_1016/23_X010_C166_1016_0.jpg,Training/labels/페트병/일회용음료수잔/23_X010_C166_1016/23_X010_C166_1016_0.json,23_X010_C166_1016_0.jpg,페트병,일회용음료수잔,페트병/일회용음료수잔,1920,1920,1920,1920,True,실외,주간,1,1,1,True,0,8cbe7e8113fcf0b6b27258029f526a8eb0255e1c,True,
Training,Training/images/페트병/일회용음료수잔/23_X010_C203_1016/23_X010_C203_1016_3.jpg,Training/labels/페트병/일회용음료수잔/23_X010_C203_1016/23_X010_C203_1016_3.json,23_X010_C203_1016_3.jpg,페트병,일회용음료수잔,페트병/일회용음료수잔,1920,1440,1920,1440,True,실외,주간,1,1,1,True,0,8510f77f90e0b8d27dc20ad440a6dd13ce075a05,True,
Training,Training/images/페트병/일회용음료수잔/23_X010_C319_1102/23_X010_C319_1102_2.jpg,Training/labels/페트병/일회용음료수잔/23_X010_C319_1102/23_X010_C319_1102_2.json,23_X010_C319_1102_2.jpg,페트병,일회용음료수잔,페트병/일회용음료수잔,1920,1440,1920,1440,True,실외,주간,1,1,1,True,0,a59e1a9211177c6fc9becb1dafa78e4c55108e14,True,
Training,Training/images/페트병/일회용음료수잔/23_X063_C499_0326/23_X063_C499_0326_3.jpg,Training/labels/페트병/일회용음료수잔/23_X063_C499_0326/23_X063_C499_0326_3.json,23_X063_C499_0326_3.jpg,페트병,일회용음료수잔,페트병/일회용음료수잔,1921,1440,1921,1440,True,실외,주간,1,1,1,True,0,250c887a86d79cd3daef9bd139eb20631c9912ae,True,
Training,Training/images/페트병/일회용음료수잔/23_X309_C509_0401/23_X309_C509_0401_3.jpg,Training/labels/페트병/일회용음료수잔/23_X309_C509_0401/23_X309_C509_0401_3.json,23_X309_C509_0401_3.jpg,페트병,일회용음료수잔,페트병/일회용음료수잔,1921,1440,1921,1440,True,실외,주간,1,1,1,True,0,6060262065644d3ac6ae8cee72c12a512faabc2d,True,
Training,Training/images/페트병/페트병/23_X002_C033_1013/23_X002_C033_1013_1.jpg,Training/labels/페트병/페트병/23_X002_C033_1013/23_X002_C033_1013_1.json,23_X002_C033_1013_1.jpg,페트병,페트병,페트병/페트병,1920,1440,1920,1440,True,실외,주간,1,1,1,True,0,332ed83d98ff6b7b568065199639a407bb7eff0f,True,
Training,Training/images/페트병/페트병/23_X002_C039_1211/23_X002_C039_1211_3.jpg,Training/labels/페트병/페트병/23_X002_C039_1211/23_X002_C039_1211_3.json,23_X002_C039_1211_3.jpg,페트병,페트병,페트병/페트병,1920,1080,1920,1080,True,실외,주간,2,2,2,True,0,140c89fc345ec15cc29d2af7213e602d86fe849e,True,
Training,Training/images/페트병/페트병/23_X003_C203_0929/23_X003_C203_0929_3.jpg,Training/labels/페트병/페트병/23_X003_C203_0929/23_X003_C203_0929_3.json,23_X003_C203_0929_3.jpg,페트병,페트병,페트병/페트병,1920,1440,1920,1440,True,실외,주간,1,1,1,True,0,606160bf5df1cac399a1f4076542ebd0b5b6478e,True,
Training,Training/images/페트병/페트병/23_X005_C323_1030/23_X005_C323_1030_3.jpg,Training/labels/페트병/페트병/23_X005_C323_1030/23_X005_C323_1030_3.json,23_X005_C323_1030_3.jpg,페트병,페트병,페트병/페트병,1920,1080,1920,1080,True,실외,주간,1,1,1,True,0,e6c80c9e3ae91ea8c500671441b09c6e0141a3fb,True,
Training,Training/images/페트병/페트병/23_X006_C211_1105/23_X006_C211_1105_0.jpg,Training/labels/페트병/페트병/23_X006_C211_1105/23_X006_C211_1105_0.json,23_X006_C211_1105_0.jpg,페트병,페트병,페트병/페트병,1920,1440,1920,1440,True,실외,주간,1,1,1,True,0,cdc672afcddadbd0268b09df5116ce5fa80c4914,True,
Training,Training/images/페트병/페트병/23_X016_C025_1015/23_X016_C025_1015_4.jpg,Training/labels/페트병/페트병/23_X016_C025_1015/23_X016_C025_1015_4.json,23_X016_C025_1015_4.jpg,페트병,페트병,페트병/페트병,1921,1440,1921,1440,True,실외,주간,1,1,1,True,0,1fead18aa305b0958880a1c0be6808897d4ca7f6,True,
Training,Training/images/페트병/페트병/23_X041_C013_1027/23_X041_C013_1027_0.jpg,Training/labels/페트병/페트병/23_X041_C013_1027/23_X041_C013_1027_0.json,23_X041_C013_1027_0.jpg,페트병,페트병,페트병/페트병,1920,1080,1920,1080,True,실외,주간,1,1,1,True,0,24f60076cf57d160ec3a2b43addbc26388a7e57c,True,
Training,Training/images/페트병/페트병/23_X061_C704_1211/23_X061_C704_1211_3.jpg,Training/labels/페트병/페트병/23_X061_C704_1211/23_X061_C704_1211_3.json,23_X061_C704_1211_3.jpg,페트병,페트병,페트병/페트병,1920,1440,1920,1440,True,실외,주간,1,1,1,True,0,2fc354b05a2701d0362c86554b9012a7ce160825,True,
Training,Training/images/페트병/페트병/23_X064_C499_0326/23_X064_C499_0326_4.jpg,Training/labels/페트병/페트병/23_X064_C499_0326/23_X064_C499_0326_4.json,23_X064_C499_0326_4.jpg,페트병,페트병,페트병/페트병,1440,1921,1440,1921,True,실외,주간,1,1,1,True,0,7d97aa9cbf6d4c4e6122259cc0666b5a4d102042,True,
Training,Training/images/플라스틱류/기타/24_X004_C333_0115/24_X004_C333_0115_3.jpg,Training/labels/플라스틱류/기타/24_X004_C333_0115/24_X004_C333_0115_3.json,24_X004_C333_0115_3.jpg,플라스틱류,기타,플라스틱류/기타,2284,1081,2284,1081,True,실외,주간,1,1,1,True,0,a9a23e121cc23f9b586ab97b5e1701302bbdb44a,True,
Training,Training/images/플라스틱류/기타/24_X006_C803_0218/24_X006_C803_0218_2.jpg,Training/labels/플라스틱류/기타/24_X006_C803_0218/24_X006_C803_0218_2.json,24_X006_C803_0218_2.jpg,플라스틱류,기타,플라스틱류/기타,1440,1921,1440,1921,True,실외,주간,1,1,1,True,0,cbbf28fba3018e457dc41bd12c1b76dad3958177,True,
Training,Training/images/플라스틱류/기타/24_X009_C509_0125/24_X009_C509_0125_4.jpg,Training/labels/플라스틱류/기타/24_X009_C509_0125/24_X009_C509_0125_4.json,24_X009_C509_0125_4.jpg,플라스틱류,기타,플라스틱류/기타,1921,1440,1921,1440,True,실외,주간,1,1,1,True,0,e2936e37fba3b0c96cbc50eb637909da0db19e9d,True,
Training,Training/images/플라스틱류/기타/24_X013_C172_1006/24_X013_C172_1006_2.jpg,Training/labels/플라스틱류/기타/24_X013_C172_1006/24_X013_C172_1006_2.json,24_X013_C172_1006_2.jpg,플라스틱류,기타,플라스틱류/기타,1921,1440,1921,1440,True,실외,주간,1,1,1,True,0,6c84df35925481f8bd2d3f2ffbfc8239423dade4,True,
Training,Training/images/플라스틱류/기타/24_X014_C176_0925/24_X014_C176_0925_1.jpg,Training/labels/플라스틱류/기타/24_X014_C176_0925/24_X014_C176_0925_1.json,24_X014_C176_0925_1.jpg,플라스틱류,기타,플라스틱류/기타,1921,1440,1921,1440,True,실외,주간,1,1,1,True,0,e994f3695bfa3e82ff770713faa41ac219da1c54,True,
Training,Training/images/플라스틱류/기타/24_X014_C195_1216/24_X014_C195_1216_0.jpg,Training/labels/플라스틱류/기타/24_X014_C195_1216/24_X014_C195_1216_0.json,24_X014_C195_1216_0.jpg,플라스틱류,기타,플라스틱류/기타,1921,1440,1921,1440,True,실외,주간,2,2,2,True,0,df4ba912eeec4c536945cd0b455490b8d723cd52,True,
Training,Training/images/플라스틱류/기타/24_X014_C211_1207/24_X014_C211_1207_0.jpg,Training/labels/플라스틱류/기타/24_X014_C211_1207/24_X014_C211_1207_0.json,24_X014_C211_1207_0.jpg,플라스틱류,기타,플라스틱류/기타,1921,1440,1921,1440,True,실외,주간,2,2,2,True,0,ec26ee18041c0d65e55082d2d66896b06a2a6b4d,True,
Training,Training/images/플라스틱류/기타/24_X041_C801_0220/24_X041_C801_0220_2.jpg,Training/labels/플라스틱류/기타/24_X041_C801_0220/24_X041_C801_0220_2.json,24_X041_C801_0220_2.jpg,플라스틱류,기타,플라스틱류/기타,1921,1440,1921,1440,True,실외,주간,1,1,1,True,0,8d67530e7a97ecf1197b47b8d7f4e1a3f639112d,True,
Training,Training/images/플라스틱류/기타/24_X049_C803_0218/24_X049_C803_0218_3.jpg,Training/labels/플라스틱류/기타/24_X049_C803_0218/24_X049_C803_0218_3.json,24_X049_C803_0218_3.jpg,플라스틱류,기타,플라스틱류/기타,1440,1921,1440,1921,True,실외,주간,1,1,1,True,0,666ce8d64429c61a2bbf9a22a1db6099edd3b984,True,
Training,Training/images/플라스틱류/대용량플라스틱통/24_X001_C203_1210/24_X001_C203_1210_3.jpg,Training/labels/플라스틱류/대용량플라스틱통/24_X001_C203_1210/24_X001_C203_1210_3.json,24_X001_C203_1210_3.jpg,플라스틱류,대용량플라스틱통,플라스틱류/대용량플라스틱통,1920,1440,1920,1440,True,실외,주간,2,2,2,True,0,bab89e5fd01c051c5828f207e32d71d3cefefdef,True,
Training,Training/images/플라스틱류/대용량플라스틱통/24_X002_C320_1210/24_X002_C320_1210_1.jpg,Training/labels/플라스틱류/대용량플라스틱통/24_X002_C320_1210/24_X002_C320_1210_1.json,24_X002_C320_1210_1.jpg,플라스틱류,대용량플라스틱통,플라스틱류/대용량플라스틱통,1920,1080,1920,1080,True,실외,주간,2,2,2,True,0,610ec4ee6210a241e431b8c61c96355b61f292f4,True,
Training,Training/images/플라스틱류/대용량플라스틱통/24_X005_C044_1216/24_X005_C044_1216_2.jpg,Training/labels/플라스틱류/대용량플라스틱통/24_X005_C044_1216/24_X005_C044_1216_2.json,24_X005_C044_1216_2.jpg,플라스틱류,대용량플라스틱통,플라스틱류/대용량플라스틱통,1921,1440,1921,1440,True,실외,주간,3,3,3,True,0,8bffaa207427e0721815eb6034d26391c99026cb,True,
Training,Training/images/플라스틱류/대용량플라스틱통/24_X008_C187_1210/24_X008_C187_1210_0.jpg,Training/labels/플라스틱류/대용량플라스틱통/24_X008_C187_1210/24_X008_C187_1210_0.json,24_X008_C187_1210_0.jpg,플라스틱류,대용량플라스틱통,플라스틱류/대용량플라스틱통,1440,1920,1440,1920,True,실외,주간,2,2,2,True,0,bfc5aaece15979003ddebe3aa41298f30b612e1b,True,
Training,Training/images/플라스틱류/대용량플라스틱통/24_X009_C061_1111_7/24_X009_C061_1111_7_1.jpg,Training/labels/플라스틱류/대용량플라스틱통/24_X009_C061_1111_7/24_X009_C061_1111_7_1.json,24_X009_C061_1111_7_1.jpg,플라스틱류,대용량플라스틱통,플라스틱류/대용량플라스틱통,1920,1080,1920,1080,True,실외,주간,1,1,1,True,0,e47466115f87fcbb3135f1413d434c72472b4eb1,True,
Training,Training/images/플라스틱류/대용량플라스틱통/24_X009_C196_1113/24_X009_C196_1113_3.jpg,Training/labels/플라스틱류/대용량플라스틱통/24_X009_C196_1113/24_X009_C196_1113_3.json,24_X009_C196_1113_3.jpg,플라스틱류,대용량플라스틱통,플라스틱류/대용량플라스틱통,1920,1080,1920,1080,True,실외,주간,1,1,1,True,0,97235ab643c0e09499a0ecccde0399953aa8ec7b,True,
Training,Training/images/플라스틱류/대용량플라스틱통/24_X014_C027_1019/24_X014_C027_1019_1.jpg,Training/labels/플라스틱류/대용량플라스틱통/24_X014_C027_1019/24_X014_C027_1019_1.json,24_X014_C027_1019_1.jpg,플라스틱류,대용량플라스틱통,플라스틱류/대용량플라스틱통,1440,1920,1440,1920,True,실외,주간,1,1,1,True,0,1216133a07023552fd2fd383c57eeb9da331c7c1,True,
Training,Training/images/플라스틱류/대용량플라스틱통/24_X021_C211_1204/24_X021_C211_1204_4.jpg,Training/labels/플라스틱류/대용량플라스틱통/24_X021_C211_1204/24_X021_C211_1204_4.json,24_X021_C211_1204_4.jpg,플라스틱류,대용량플라스틱통,플라스틱류/대용량플라스틱통,1920,1440,1920,1440,True,실외,주간,2,2,2,True,0,c57b029d23a39be450cfa819054cf0e2b4909d5c,True,
Training,Training/images/플라스틱류/대용량플라스틱통/24_X037_C803_0219/24_X037_C803_0219_3.jpg,Training/labels/플라스틱류/대용량플라스틱통/24_X037_C803_0219/24_X037_C803_0219_3.json,24_X037_C803_0219_3.jpg,플라스틱류,대용량플라스틱통,플라스틱류/대용량플라스틱통,1921,1440,1921,1440,True,실외,주간,1,1,1,True,0,aef97f8464686860f8a8a9cf6c0a35c92bb10d79,True,
Training,Training/images/플라스틱류/밀폐용기/24_X003_C193_1216/24_X003_C193_1216_0.jpg,Training/labels/플라스틱류/밀폐용기/24_X003_C193_1216/24_X003_C193_1216_0.json,24_X003_C193_1216_0.jpg,플라스틱류,밀폐용기,플라스틱류/밀폐용기,1920,1440,1920,1440,True,실외,주간,2,2,2,True,0,b37894c03c7d9ef592d2a9afd8ed667ba6b5cf92,True,
Training,Training/images/플라스틱류/밀폐용기/24_X005_C169_1211/24_X005_C169_1211_2.jpg,Training/labels/플라스틱류/밀폐용기/24_X005_C169_1211/24_X005_C169_1211_2.json,24_X005_C169_1211_2.jpg,플라스틱류,밀폐용기,플라스틱류/밀폐용기,1921,1080,1921,1080,True,실외,주간,2,2,2,True,0,8d47cf980405335d8e575a6a6755b9ea131afbf4,True,
Training,Training/images/플라스틱류/밀폐용기/24_X006_C710_1215/24_X006_C710_1215_0.jpg,Training/labels/플라스틱류/밀폐용기/24_X006_C710_1215/24_X006_C710_1215_0.json,24_X006_C710_1215_0.jpg,플라스틱류,밀폐용기,플라스틱류/밀폐용기,1920,1440,1920,1440,True,실외,주간,1,1,1,True,0,910dadad622a3c8396a2a6671366a01b3900f2a6,True,
Training,Training/images/플라스틱류/밀폐용기/24_X010_C188_1111/24_X010_C188_1111_4.jpg,Training/labels/플라스틱류/밀폐용기/24_X010_C188_1111/24_X010_C188_1111_4.json,24_X010_C188_1111_4.jpg,플라스틱류,밀폐용기,플라스틱류/밀폐용기,1920,1440,1920,1440,True,실외,주간,1,1,1,True,0,9ab71d1b6004d800dadac397c76ed3de8680f027,True,
Training,Training/images/플라스틱류/밀폐용기/24_X011_C169_1203/24_X011_C169_1203_1.jpg,Training/labels/플라스틱류/밀폐용기/24_X011_C169_1203/24_X011_C169_1203_1.json,24_X011_C169_1203_1.jpg,플라스틱류,밀폐용기,플라스틱류/밀폐용기,1920,1080,1920,1080,True,실외,주간,2,2,2,True,0,4dc677a34e1f547935b047bf6d6f4d05c49d79b0,True,
Training,Training/images/플라스틱류/밀폐용기/24_X014_C045_1210/24_X014_C045_1210_2.jpg,Training/labels/플라스틱류/밀폐용기/24_X014_C045_1210/24_X014_C045_1210_2.json,24_X014_C045_1210_2.jpg,플라스틱류,밀폐용기,플라스틱류/밀폐용기,1920,1080,1920,1080,True,실외,주간,2,2,2,True,0,7e2eb756160b9c3e9499ba8bf5b75c93197dbca7,True,
Training,Training/images/플라스틱류/밀폐용기/24_X030_C705_1210/24_X030_C705_1210_3.jpg,Training/labels/플라스틱류/밀폐용기/24_X030_C705_1210/24_X030_C705_1210_3.json,24_X030_C705_1210_3.jpg,플라스틱류,밀폐용기,플라스틱류/밀폐용기,1920,1440,1920,1440,True,실외,주간,1,1,1,True,0,4102d3a5061de91e957ba44cbe3b1769fd9e5a28,True,
Training,Training/images/플라스틱류/밀폐용기/24_X247_C107_0322/24_X247_C107_0322_0.jpg,Training/labels/플라스틱류/밀폐용기/24_X247_C107_0322/24_X247_C107_0322_0.json,24_X247_C107_0322_0.jpg,플라스틱류,밀폐용기,플라스틱류/밀폐용기,1921,1080,1921,1080,True,실내,주간,1,1,1,True,0,cad1e35be23d629bd55e4df1b756237db353e1cd,True,
Training,Training/images/플라스틱류/밀폐용기/24_X432_C501_0329/24_X432_C501_0329_3.jpg,Training/labels/플라스틱류/밀폐용기/24_X432_C501_0329/24_X432_C501_0329_3.json,24_X432_C501_0329_3.jpg,플라스틱류,밀폐용기,플라스틱류/밀폐용기,1921,1440,1921,1440,True,실외,주간,1,1,1,True,0,38f0b89202fa4702d5e2a76f188cecc96288e499,True,
Training,Training/images/플라스틱류/바구니/24_X001_C027_1023/24_X001_C027_1023_0.jpg,Training/labels/플라스틱류/바구니/24_X001_C027_1023/24_X001_C027_1023_0.json,24_X001_C027_1023_0.jpg,플라스틱류,바구니,플라스틱류/바구니,1920,1440,1920,1440,True,실외,주간,1,1,1,True,0,9eb65aee8ccfabf1275850d45eda7ab7f8bdca12,True,
Training,Training/images/플라스틱류/바구니/24_X001_C211_1210/24_X001_C211_1210_2.jpg,Training/labels/플라스틱류/바구니/24_X001_C211_1210/24_X001_C211_1210_2.json,24_X001_C211_1210_2.jpg,플라스틱류,바구니,플라스틱류/바구니,1920,1440,1920,1440,True,실외,주간,2,2,2,True,0,656f87e218495dd0d8f23d1f5c17282fe672db43,True,
Training,Training/images/플라스틱류/바구니/24_X003_C320_1218/24_X003_C320_1218_2.jpg,Training/labels/플라스틱류/바구니/24_X003_C320_1218/24_X003_C320_1218_2.json,24_X003_C320_1218_2.jpg,플라스틱류,바구니,플라스틱류/바구니,1920,1080,1920,1080,True,실외,주간,2,2,2,True,0,be5f3f84fef2d201ef6937efa0acbccc9660f6c6,True,
Training,Training/images/플라스틱류/바구니/24_X006_C024_1211/24_X006_C024_1211_4.jpg,Training/labels/플라스틱류/바구니/24_X006_C024_1211/24_X006_C024_1211_4.json,24_X006_C024_1211_4.jpg,플라스틱류,바구니,플라스틱류/바구니,1920,1080,1920,1080,True,실외,주간,2,2,2,True,0,5f5a2c87f66f00aefc53e98047213367e56cc303,True,
Training,Training/images/플라스틱류/바구니/24_X010_C805_0925/24_X010_C805_0925_1.jpg,Training/labels/플라스틱류/바구니/24_X010_C805_0925/24_X010_C805_0925_1.json,24_X010_C805_0925_1.jpg,플라스틱류,바구니,플라스틱류/바구니,2221,1080,2221,1080,True,실외,주간,1,1,1,True,0,c53fdbdcab18442f3a5ad778e31ac77abe0abef4,True,
Training,Training/images/플라스틱류/바구니/24_X012_C023_1016/24_X012_C023_1016_0.jpg,Training/labels/플라스틱류/바구니/24_X012_C023_1016/24_X012_C023_1016_0.json,24_X012_C023_1016_0.jpg,플라스틱류,바구니,플라스틱류/바구니,1920,1440,1920,1440,True,실외,주간,1,1,1,True,0,ef5603ecba948e9e1b4bb6113d1b8c0edafb8d33,True,
Training,Training/images/플라스틱류/바구니/24_X016_C509_1001/24_X016_C509_1001_3.jpg,Training/labels/플라스틱류/바구니/24_X016_C509_1001/24_X016_C509_1001_3.json,24_X016_C509_1001_3.jpg,플라스틱류,바구니,플라스틱류/바구니,1440,1921,1440,1921,True,실외,주간,1,1,1,True,0,029e61ede7faea92cf3e1f4a5df254f8617f983c,True,
Training,Training/images/플라스틱류/바구니/24_X017_C169_1204/24_X017_C169_1204_0.jpg,Training/labels/플라스틱류/바구니/24_X017_C169_1204/24_X017_C169_1204_0.json,24_X017_C169_1204_0.jpg,플라스틱류,바구니,플라스틱류/바구니,1921,1080,1921,1080,True,실외,주간,2,2,2,True,0,103d63fcf3366a4e0eaf369aeb0b86014cfc76e0,True,
Training,Training/images/플라스틱류/바구니/24_X071_C802_0217/24_X071_C802_0217_3.jpg,Training/labels/플라스틱류/바구니/24_X071_C802_0217/24_X071_C802_0217_3.json,24_X071_C802_0217_3.jpg,플라스틱류,바구니,플라스틱류/바구니,1921,1080,1921,1080,True,실외,주간,2,2,2,True,0,137bf7ed5197f5fb8b8f409ba91123185c3b5343,True,
Training,Training/images/플라스틱류/욕실용품/24_X001_C329_1106/24_X001_C329_1106_4.jpg,Training/labels/플라스틱류/욕실용품/24_X001_C329_1106/24_X001_C329_1106_4.json,24_X001_C329_1106_4.jpg,플라스틱류,욕실용품,플라스틱류/욕실용품,1920,1920,1920,1920,True,실외,주간,1,1,1,True,0,4695dfb26c759fcced9a3eaa20c8d0c4f2f20fa8,True,
Training,Training/images/플라스틱류/욕실용품/24_X002_C045_1217/24_X002_C045_1217_1.jpg,Training/labels/플라스틱류/욕실용품/24_X002_C045_1217/24_X002_C045_1217_1.json,24_X002_C045_1217_1.jpg,플라스틱류,욕실용품,플라스틱류/욕실용품,1920,1080,1920,1080,True,실외,주간,2,2,2,True,0,6599b6b85902173c76d57fadb1e567e17728b46c,True,
Training,Training/images/플라스틱류/욕실용품/24_X002_C189_1111/24_X002_C189_1111_0.jpg,Training/labels/플라스틱류/욕실용품/24_X002_C189_1111/24_X002_C189_1111_0.json,24_X002_C189_1111_0.jpg,플라스틱류,욕실용품,플라스틱류/욕실용품,1920,1920,1920,1920,True,실외,주간,1,1,1,True,0,faf637ad9b97441b3736ac0d6f518db5c562a73b,True,
Training,Training/images/플라스틱류/욕실용품/24_X005_C198_1217/24_X005_C198_1217_5.jpg,Training/labels/플라스틱류/욕실용품/24_X005_C198_1217/24_X005_C198_1217_5.json,24_X005_C198_1217_5.jpg,플라스틱류,욕실용품,플라스틱류/욕실용품,1920,1440,1920,1440,True,실외,주간,2,2,2,True,0,8d4ede571bb4bdb9c62ce69506a008ffef5e0b5c,True,
Training,Training/images/플라스틱류/욕실용품/24_X012_C190_1216/24_X012_C190_1216_1.jpg,Training/labels/플라스틱류/욕실용품/24_X012_C190_1216/24_X012_C190_1216_1.json,24_X012_C190_1216_1.jpg,플라스틱류,욕실용품,플라스틱류/욕실용품,1921,1440,1921,1440,True,실외,주간,2,2,2,True,0,7b2da86af69e606e7f24462be01ccdc864860ab7,True,
Training,Training/images/플라스틱류/욕실용품/24_X016_C039_1215/24_X016_C039_1215_3.jpg,Training/labels/플라스틱류/욕실용품/24_X016_C039_1215/24_X016_C039_1215_3.json,24_X016_C039_1215_3.jpg,플라스틱류,욕실용품,플라스틱류/욕실용품,1920,1080,1920,1080,True,실외,주간,2,2,2,True,0,a3a040f75a65aa61ec335d2c2a8dd13fb4b5e710,True,
Training,Training/images/플라스틱류/욕실용품/24_X036_C211_0107/24_X036_C211_0107_0.jpg,Training/labels/플라스틱류/욕실용품/24_X036_C211_0107/24_X036_C211_0107_0.json,24_X036_C211_0107_0.jpg,플라스틱류,욕실용품,플라스틱류/욕실용품,1921,1440,1921,1440,True,실외,주간,2,2,2,True,0,161b8d7a2244bfce495d525ab11bad2d0a553eb6,True,
Training,Training/images/플라스틱류/욕실용품/24_X369_C501_0329/24_X369_C501_0329_1.jpg,Training/labels/플라스틱류/욕실용품/24_X369_C501_0329/24_X369_C501_0329_1.json,24_X369_C501_0329_1.jpg,플라스틱류,욕실용품,플라스틱류/욕실용품,1921,1440,1921,1440,True,실외,주간,1,1,1,True,0,fedd8d9aa8c66eb3acecbb4c6da31cb04785b0a0,True,
Training,Training/images/플라스틱류/욕실용품/24_X649_C501_0329/24_X649_C501_0329_4.jpg,Training/labels/플라스틱류/욕실용품/24_X649_C501_0329/24_X649_C501_0329_4.json,24_X649_C501_0329_4.jpg,플라스틱류,욕실용품,플라스틱류/욕실용품,1921,1440,1921,1440,True,실외,주간,1,1,1,True,0,ccdf61f98642c48c834845cea6f3fe3404e534ed,True,
Training,Training/images/플라스틱류/장남감/24_X004_C052_1012/24_X004_C052_1012_0.jpg,Training/labels/플라스틱류/장남감/24_X004_C052_1012/24_X004_C052_1012_0.json,24_X004_C052_1012_0.jpg,플라스틱류,장남감,플라스틱류/장남감,1921,1440,1921,1440,True,실외,주간,1,1,1,True,0,4130746552cc4fb824c91d16b5e3d6d052168c7f,True,
Training,Training/images/플라스틱류/장남감/24_X015_C173_1211/24_X015_C173_1211_3.jpg,Training/labels/플라스틱류/장남감/24_X015_C173_1211/24_X015_C173_1211_3.json,24_X015_C173_1211_3.jpg,플라스틱류,장남감,플라스틱류/장남감,1920,1440,1920,1440,True,실외,주간,3,3,3,True,0,6345fa238707075068179130e920b870ade3fc04,True,
Training,Training/images/플라스틱류/장남감/24_X085_C501_0329/24_X085_C501_0329_0.jpg,Training/labels/플라스틱류/장남감/24_X085_C501_0329/24_X085_C501_0329_0.json,24_X085_C501_0329_0.jpg,플라스틱류,장남감,플라스틱류/장남감,1921,1440,1921,1440,True,실외,주간,1,1,1,True,0,607815eab6cb76517f0e421c2b8fce8cfbd45384,True,
Training,Training/images/플라스틱류/장남감/24_X132_C099_0321/24_X132_C099_0321_4.jpg,Training/labels/플라스틱류/장남감/24_X132_C099_0321/24_X132_C099_0321_4.json,24_X132_C099_0321_4.jpg,플라스틱류,장남감,플라스틱류/장남감,1921,1081,1921,1081,True,실내,주간,1,1,1,True,0,740c2696862144da1f7429232f6ed1eca977c2ba,True,
Training,Training/images/플라스틱류/장남감/24_X171_C509_0320/24_X171_C509_0320_0.jpg,Training/labels/플라스틱류/장남감/24_X171_C509_0320/24_X171_C509_0320_0.json,24_X171_C509_0320_0.jpg,플라스틱류,장남감,플라스틱류/장남감,1921,1081,1921,1081,True,실내,주간,1,1,1,True,0,d4d9e5c91e98a4386621a0443251cf3da0711908,True,
Training,Training/images/플라스틱류/장남감/24_X269_C509_0329/24_X269_C509_0329_1.jpg,Training/labels/플라스틱류/장남감/24_X269_C509_0329/24_X269_C509_0329_1.json,24_X269_C509_0329_1.jpg,플라스틱류,장남감,플라스틱류/장남감,1080,1921,1080,1921,True,실내,주간,1,1,1,True,0,1bcd670304261fc338311d238aa5b35737914b06,True,
Training,Training/images/플라스틱류/장남감/24_X355_C509_0329/24_X355_C509_0329_3.jpg,Training/labels/플라스틱류/장남감/24_X355_C509_0329/24_X355_C509_0329_3.json,24_X355_C509_0329_3.jpg,플라스틱류,장남감,플라스틱류/장남감,1080,1921,1080,1921,True,실외,주간,1,1,1,True,0,6c4d8e3327653521295ed947368e98994831b31d,True,
Training,Training/images/플라스틱류/장남감/24_X525_C509_0329/24_X525_C509_0329_4.jpg,Training/labels/플라스틱류/장남감/24_X525_C509_0329/24_X525_C509_0329_4.json,24_X525_C509_0329_4.jpg,플라스틱류,장남감,플라스틱류/장남감,1921,1440,1921,1440,True,실내,주간,1,1,1,True,0,3c6ba8b2f737fb8fe2110ece5c95e8bfdb970a9f,True,
Training,Training/images/플라스틱류/장남감/24_X544_C999_0328/24_X544_C999_0328_2.jpg,Training/labels/플라스틱류/장남감/24_X544_C999_0328/24_X544_C999_0328_2.json,24_X544_C999_0328_2.jpg,플라스틱류,장남감,플라스틱류/장남감,1080,1921,1080,1921,True,실외,주간,1,1,1,True,0,6235862150d4fd013a6aa29d65268f26b1c348f3,True,
Training,Training/images/형광등/LED전구/25_X002_C024_1105/25_X002_C024_1105_5.jpg,Training/labels/형광등/LED전구/25_X002_C024_1105/25_X002_C024_1105_5.json,25_X002_C024_1105_5.jpg,형광등,LED전구,형광등/LED전구,1920,1080,1920,1080,True,실외,주간,1,1,1,True,0,80081c61702567092c70c4ce0f165f7f7b4d3559,True,
Training,Training/images/형광등/LED전구/25_X003_C012_1026/25_X003_C012_1026_1.jpg,Training/labels/형광등/LED전구/25_X003_C012_1026/25_X003_C012_1026_1.json,25_X003_C012_1026_1.jpg,형광등,LED전구,형광등/LED전구,1920,1440,1920,1440,True,실외,주간,1,1,1,True,0,eb8bac8d697b4e2917d80b479c70f9660dc19952,True,
Training,Training/images/형광등/LED전구/25_X004_C198_1126/25_X004_C198_1126_1.jpg,Training/labels/형광등/LED전구/25_X004_C198_1126/25_X004_C198_1126_1.json,25_X004_C198_1126_1.jpg,형광등,LED전구,형광등/LED전구,1920,1440,1920,1440,True,실외,주간,1,1,1,True,0,ae6db6f0e01ab24ed77e244d652f8248e454681c,True,
Training,Training/images/형광등/LED전구/25_X009_C198_1201/25_X009_C198_1201_1.jpg,Training/labels/형광등/LED전구/25_X009_C198_1201/25_X009_C198_1201_1.json,25_X009_C198_1201_1.jpg,형광등,LED전구,형광등/LED전구,1920,1440,1920,1440,True,실외,주간,1,1,1,True,0,690b6d72a614797fe219545f0619488fced8f5a6,True,
Training,Training/images/형광등/LED전구/25_X011_C318_1214/25_X011_C318_1214_3.jpg,Training/labels/형광등/LED전구/25_X011_C318_1214/25_X011_C318_1214_3.json,25_X011_C318_1214_3.jpg,형광등,LED전구,형광등/LED전구,1920,1440,1920,1440,True,실외,주간,1,1,1,True,0,1e2043e6209cc40e3c18c0f773b1cfdc240cd2ff,True,
Training,Training/images/형광등/LED전구/25_X015_C193_1201/25_X015_C193_1201_1.jpg,Training/labels/형광등/LED전구/25_X015_C193_1201/25_X015_C193_1201_1.json,25_X015_C193_1201_1.jpg,형광등,LED전구,형광등/LED전구,1920,1440,1920,1440,True,실외,주간,1,1,1,True,0,5de59d1b29f3d9260426a159f6db38053f485df5,True,
Training,Training/images/형광등/LED전구/25_X018_C015_1116/25_X018_C015_1116_0.jpg,Training/labels/형광등/LED전구/25_X018_C015_1116/25_X018_C015_1116_0.json,25_X018_C015_1116_0.jpg,형광등,LED전구,형광등/LED전구,1920,1080,1920,1080,True,실외,주간,1,1,1,True,0,b0386bc8ff2007981e061247d74a86aaf85d6e4d,True,
Training,Training/images/형광등/LED전구/25_X020_C192_1201/25_X020_C192_1201_4.jpg,Training/labels/형광등/LED전구/25_X020_C192_1201/25_X020_C192_1201_4.json,25_X020_C192_1201_4.jpg,형광등,LED전구,형광등/LED전구,1920,1440,1920,1440,True,실외,주간,1,1,1,True,0,5070d2f9ad8d823c54390d85359fab4356602b2f,True,
Training,Training/images/형광등/LED전구/25_X027_C193_1201/25_X027_C193_1201_2.jpg,Training/labels/형광등/LED전구/25_X027_C193_1201/25_X027_C193_1201_2.json,25_X027_C193_1201_2.jpg,형광등,LED전구,형광등/LED전구,1920,1440,1920,1440,True,실외,주간,1,1,1,True,0,0665e4948e01dba606b42e7410ef8cad0faeccca,True,
Training,Training/images/형광등/기타/25_X005_C204_1209/25_X005_C204_1209_0.jpg,Training/labels/형광등/기타/25_X005_C204_1209/25_X005_C204_1209_0.json,25_X005_C204_1209_0.jpg,형광등,기타,형광등/기타,1439,1921,1439,1921,True,실외,주간,1,1,1,True,0,aae91ff27c43b70403562c8cd48641c608646233,True,
Training,Training/images/형광등/기타/25_X005_C204_1209/25_X005_C204_1209_2.jpg,Training/labels/형광등/기타/25_X005_C204_1209/25_X005_C204_1209_2.json,25_X005_C204_1209_2.jpg,형광등,기타,형광등/기타,1921,1439,1921,1439,True,실외,주간,1,1,1,True,0,db1b38a58940e52d32eeecda2bc997d9a2c68534,True,
Training,Training/images/형광등/기타/25_X005_C204_1209/25_X005_C204_1209_3.jpg,Training/labels/형광등/기타/25_X005_C204_1209/25_X005_C204_1209_3.json,25_X005_C204_1209_3.jpg,형광등,기타,형광등/기타,1921,1439,1921,1439,True,실외,주간,1,1,1,True,0,29cb806ecd0d04e5c06d0c6c550ded0e73b7b404,True,
Training,Training/images/형광등/기타/25_X005_C204_1209/25_X005_C204_1209_4.jpg,Training/labels/형광등/기타/25_X005_C204_1209/25_X005_C204_1209_4.json,25_X005_C204_1209_4.jpg,형광등,기타,형광등/기타,1921,1439,1921,1439,True,실외,주간,1,1,1,True,0,82fe093df72cdaa747d707d274f9730ac2aa7db9,True,
Training,Training/images/형광등/기타/25_X009_C198_1208/25_X009_C198_1208_1.jpg,Training/labels/형광등/기타/25_X009_C198_1208/25_X009_C198_1208_1.json,25_X009_C198_1208_1.jpg,형광등,기타,형광등/기타,1920,1440,1920,1440,True,실외,주간,2,2,2,True,0,ae410232e5f656d2201d7aa8e7e14e67d7a2083d,True,
Training,Training/images/형광등/기타/25_X009_C198_1208/25_X009_C198_1208_2.jpg,Training/labels/형광등/기타/25_X009_C198_1208/25_X009_C198_1208_2.json,25_X009_C198_1208_2.jpg,형광등,기타,형광등/기타,1920,1440,1920,1440,True,실외,주간,2,2,2,True,0,fa731e1499fe3eedd5a9b708d0becd4f2cf26cf3,True,
Training,Training/images/형광등/기타/25_X009_C198_1208/25_X009_C198_1208_3.jpg,Training/labels/형광등/기타/25_X009_C198_1208/25_X009_C198_1208_3.json,25_X009_C198_1208_3.jpg,형광등,기타,형광등/기타,1920,1440,1920,1440,True,실외,주간,2,2,2,True,0,2834eccc04df753d3b4b2070a5217b6301446b77,True,
Training,Training/images/형광등/기타/25_X009_C198_1208/25_X009_C198_1208_4.jpg,Training/labels/형광등/기타/25_X009_C198_1208/25_X009_C198_1208_4.json,25_X009_C198_1208_4.jpg,형광등,기타,형광등/기타,1920,1440,1920,1440,True,실외,주간,2,2,2,True,0,4c0f3803f11b9a25a07a45cbff5a30b612836e28,True,
Training,Training/images/형광등/기타/25_X009_C198_1208/25_X009_C198_1208_5.jpg,Training/labels/형광등/기타/25_X009_C198_1208/25_X009_C198_1208_5.json,25_X009_C198_1208_5.jpg,형광등,기타,형광등/기타,1920,1440,1920,1440,True,실외,주간,2,2,2,True,0,94ad5e17e985d187a388acc3a93c82277ddaa677,True,
Training,Training/images/형광등/백열전구/25_X001_C169_1201/25_X001_C169_1201_0.jpg,Training/labels/형광등/백열전구/25_X001_C169_1201/25_X001_C169_1201_0.json,25_X001_C169_1201_0.jpg,형광등,백열전구,형광등/백열전구,1920,1080,1920,1080,True,실외,주간,1,1,1,True,0,635fdf79e1f7f751ac0884d09d775a1574742b20,True,
Training,Training/images/형광등/백열전구/25_X003_C055_1105/25_X003_C055_1105_0.jpg,Training/labels/형광등/백열전구/25_X003_C055_1105/25_X003_C055_1105_0.json,25_X003_C055_1105_0.jpg,형광등,백열전구,형광등/백열전구,1920,1080,1920,1080,True,실외,주간,1,1,1,True,0,c327ba6444f5bd3b626c1cf554e9485dd772f655,True,
Training,Training/images/형광등/백열전구/25_X005_C163_1120/25_X005_C163_1120_2.jpg,Training/labels/형광등/백열전구/25_X005_C163_1120/25_X005_C163_1120_2.json,25_X005_C163_1120_2.jpg,형광등,백열전구,형광등/백열전구,1920,1080,1920,1080,True,실외,주간,1,1,1,True,0,5464ab676d353d077b0843d505507f1ad4346cb8,True,
Training,Training/images/형광등/백열전구/25_X005_C169_1211/25_X005_C169_1211_4.jpg,Training/labels/형광등/백열전구/25_X005_C169_1211/25_X005_C169_1211_4.json,25_X005_C169_1211_4.jpg,형광등,백열전구,형광등/백열전구,1920,1080,1920,1080,True,실외,주간,1,1,1,True,0,ae7f7312706abf6188cbd85318827e261eac1a20,True,
Training,Training/images/형광등/백열전구/25_X008_C323_1202/25_X008_C323_1202_1.jpg,Training/labels/형광등/백열전구/25_X008_C323_1202/25_X008_C323_1202_1.json,25_X008_C323_1202_1.jpg,형광등,백열전구,형광등/백열전구,1920,1080,1920,1080,True,실외,주간,1,1,1,True,0,7952cb718ec3d15ae02354076c0eba7a1c0b708a,True,
Training,Training/images/형광등/백열전구/25_X017_C324_1118/25_X017_C324_1118_0.jpg,Training/labels/형광등/백열전구/25_X017_C324_1118/25_X017_C324_1118_0.json,25_X017_C324_1118_0.jpg,형광등,백열전구,형광등/백열전구,1920,1440,1920,1440,True,실외,주간,1,1,1,True,0,b42c4c326cd37dadc47731499c58a476c50c8ed9,True,
Training,Training/images/형광등/백열전구/25_X020_C038_1203/25_X020_C038_1203_3.jpg,Training/labels/형광등/백열전구/25_X020_C038_1203/25_X020_C038_1203_3.json,25_X020_C038_1203_3.jpg,형광등,백열전구,형광등/백열전구,1920,1080,1920,1080,True,실외,주간,1,1,1,True,0,0cd1962b074dc2abff2d6ebaeb5eb445e713af25,True,
Training,Training/images/형광등/백열전구/25_X129_C900_1210/25_X129_C900_1210_3.jpg,Training/labels/형광등/백열전구/25_X129_C900_1210/25_X129_C900_1210_3.json,25_X129_C900_1210_3.jpg,형광등,백열전구,형광등/백열전구,1920,1440,1920,1440,True,실외,주간,1,1,1,True,0,26370ba41f91eed0aab61bfe738df678ec371b7e,True,
Training,Training/images/형광등/백열전구/25_X442_C900_1109/25_X442_C900_1109_0.jpg,Training/labels/형광등/백열전구/25_X442_C900_1109/25_X442_C900_1109_0.json,25_X442_C900_1109_0.jpg,형광등,백열전구,형광등/백열전구,1920,1440,1920,1440,True,실외,주간,1,1,1,True,0,013ec8cc5c37fcc1056dd86fdac6600948c4a323,True,
Training,Training/images/형광등/안정기내장형/25_X002_C173_1118/25_X002_C173_1118_3.jpg,Training/labels/형광등/안정기내장형/25_X002_C173_1118/25_X002_C173_1118_3.json,25_X002_C173_1118_3.jpg,형광등,안정기내장형,형광등/안정기내장형,1920,1440,1920,1440,True,실외,주간,1,1,1,True,0,b12e1abab7260fe722991cc8d0946365b77f63be,True,
Training,Training/images/형광등/안정기내장형/25_X004_C038_1210/25_X004_C038_1210_4.jpg,Training/labels/형광등/안정기내장형/25_X004_C038_1210/25_X004_C038_1210_4.json,25_X004_C038_1210_4.jpg,형광등,안정기내장형,형광등/안정기내장형,1920,1080,1920,1080,True,실외,주간,1,1,1,True,0,9118f9ea4485052e6c7d1f747046bc86a0953096,True,
Training,Training/images/형광등/안정기내장형/25_X005_C188_1111/25_X005_C188_1111_4.jpg,Training/labels/형광등/안정기내장형/25_X005_C188_1111/25_X005_C188_1111_4.json,25_X005_C188_1111_4.jpg,형광등,안정기내장형,형광등/안정기내장형,1920,1440,1920,1440,True,실외,주간,1,1,1,True,0,8711e8e0263366a544af73042738f52e2277e2d7,True,
Training,Training/images/형광등/안정기내장형/25_X006_C024_1111/25_X006_C024_1111_0.jpg,Training/labels/형광등/안정기내장형/25_X006_C024_1111/25_X006_C024_1111_0.json,25_X006_C024_1111_0.jpg,형광등,안정기내장형,형광등/안정기내장형,1920,1080,1920,1080,True,실외,주간,1,1,1,True,0,b3d16ad2c26968f381c8308f1d2a00052a470a31,True,
Training,Training/images/형광등/안정기내장형/25_X007_C196-1120/25_X007_C196-1120_0.jpg,Training/labels/형광등/안정기내장형/25_X007_C196-1120/25_X007_C196-1120_0.json,25_X007_C196-1120_0.jpg,형광등,안정기내장형,형광등/안정기내장형,1920,1080,1920,1080,True,실외,주간,1,1,1,True,0,16c92d351d6825db27c835d8c831e0a5e4d63968,True,
Training,Training/images/형광등/안정기내장형/25_X014_C196_1201/25_X014_C196_1201_2.jpg,Training/labels/형광등/안정기내장형/25_X014_C196_1201/25_X014_C196_1201_2.json,25_X014_C196_1201_2.jpg,형광등,안정기내장형,형광등/안정기내장형,1920,1080,1920,1080,True,실외,주간,1,1,1,True,0,5cf545c008cb2087094e4e0fde5ad3c6d41a0711,True,
Training,Training/images/형광등/안정기내장형/25_X015_C195_1125/25_X015_C195_1125_0.jpg,Training/labels/형광등/안정기내장형/25_X015_C195_1125/25_X015_C195_1125_0.json,25_X015_C195_1125_0.jpg,형광등,안정기내장형,형광등/안정기내장형,1920,1440,1920,1440,True,실외,주간,1,1,1,True,0,620187607f1b389377541c43626bc43fe32b3e71,True,
Training,Training/images/형광등/안정기내장형/25_X073_C900_1225/25_X073_C900_1225_0.jpg,Training/labels/형광등/안정기내장형/25_X073_C900_1225/25_X073_C900_1225_0.json,25_X073_C900_1225_0.jpg,형광등,안정기내장형,형광등/안정기내장형,1920,1080,1920,1080,True,실외,주간,1,1,1,True,0,230ab3b4ebc12564326e590eb4d78832f9c31d0c,True,
Training,Training/images/형광등/안정기내장형/25_X145_C900_1225/25_X145_C900_1225_3.jpg,Training/labels/형광등/안정기내장형/25_X145_C900_1225/25_X145_C900_1225_3.json,25_X145_C900_1225_3.jpg,형광등,안정기내장형,형광등/안정기내장형,1920,1080,1920,1080,True,실외,주간,1,1,1,True,0,83b9b4ec8ccee81c3b12529f75e27085e2ece48e,True,
Training,Training/images/형광등/직관형/25_X001_C015_1102/25_X001_C015_1102_1.jpg,Training/labels/형광등/직관형/25_X001_C015_1102/25_X001_C015_1102_1.json,25_X001_C015_1102_1.jpg,형광등,직관형,형광등/직관형,1920,1080,1920,1080,True,실외,주간,1,1,1,True,0,b6adeaa13bc2187b1f70cf62cbdac856c8328f7d,True,
Training,Training/images/형광등/직관형/25_X001_C163_1110/25_X001_C163_1110_0.jpg,Training/labels/형광등/직관형/25_X001_C163_1110/25_X001_C163_1110_0.json,25_X001_C163_1110_0.jpg,형광등,직관형,형광등/직관형,1920,1080,1920,1080,True,실외,주간,1,1,1,True,0,9264229c18ffc388fb624e6d623697863c055afb,True,
Training,Training/images/형광등/직관형/25_X001_C209_1105/25_X001_C209_1105_1.jpg,Training/labels/형광등/직관형/25_X001_C209_1105/25_X001_C209_1105_1.json,25_X001_C209_1105_1.jpg,형광등,직관형,형광등/직관형,1920,1440,1920,1440,True,실외,주간,1,1,1,True,0,edb234ff571e6e8e338062325ef847b6b42ee4ea,True,
Training,Training/images/형광등/직관형/25_X001_C332_1211/25_X001_C332_1211_3.jpg,Training/labels/형광등/직관형/25_X001_C332_1211/25_X001_C332_1211_3.json,25_X001_C332_1211_3.jpg,형광등,직관형,형광등/직관형,2160,1080,2160,1080,True,실외,주간,1,1,1,True,0,f408c455916ef6973b2cbc00600540c75116d552,True,
Training,Training/images/형광등/직관형/25_X011_C189_1124/25_X011_C189_1124_4.jpg,Training/labels/형광등/직관형/25_X011_C189_1124/25_X011_C189_1124_4.json,25_X011_C189_1124_4.jpg,형광등,직관형,형광등/직관형,1920,1920,1920,1920,True,실외,주간,1,1,1,True,0,2583ea87d92954bcd562007e50e279912141bfbf,True,
Training,Training/images/형광등/직관형/25_X329_C900_1104/25_X329_C900_1104_4.jpg,Training/labels/형광등/직관형/25_X329_C900_1104/25_X329_C900_1104_4.json,25_X329_C900_1104_4.jpg,형광등,직관형,형광등/직관형,1920,1440,1920,1440,True,실외,주간,1,1,1,True,0,f47686ff9cc71edac4b220dc53d6786ed3199a8c,True,
Training,Training/images/형광등/직관형/25_X350_C900_1210/25_X350_C900_1210_1.jpg,Training/labels/형광등/직관형/25_X350_C900_1210/25_X350_C900_1210_1.json,25_X350_C900_1210_1.jpg,형광등,직관형,형광등/직관형,1920,1440,1920,1440,True,실외,주간,1,1,1,True,0,c037ce9f0bdf69d74bdfa0ea7ec78b7104f8432c,True,
Training,Training/images/형광등/직관형/25_X351_C900_1104/25_X351_C900_1104_2.jpg,Training/labels/형광등/직관형/25_X351_C900_1104/25_X351_C900_1104_2.json,25_X351_C900_1104_2.jpg,형광등,직관형,형광등/직관형,1920,1440,1920,1440,True,실외,주간,1,1,1,True,0,c42086e72688606670cd4a78d5add1e9e5d0f366,True,
Training,Training/images/형광등/직관형/25_X597_C900_1210/25_X597_C900_1210_0.jpg,Training/labels/형광등/직관형/25_X597_C900_1210/25_X597_C900_1210_0.json,25_X597_C900_1210_0.jpg,형광등,직관형,형광등/직관형,1920,1920,1920,1920,True,실외,주간,1,1,1,True,0,c2c8640bbec25ddadfbf48e8bc13a8e67a978e8e,True,
Training,Training/images/형광등/콤팩트형/25_X001_C026_1109/25_X001_C026_1109_3.jpg,Training/labels/형광등/콤팩트형/25_X001_C026_1109/25_X001_C026_1109_3.json,25_X001_C026_1109_3.jpg,형광등,콤팩트형,형광등/콤팩트형,1920,1080,1920,1080,True,실외,주간,1,1,1,True,0,b9d4a01c2c5bd0bcd970551e0897985317f0c91f,True,
Training,Training/images/형광등/콤팩트형/25_X002_C039_1210/25_X002_C039_1210_3.jpg,Training/labels/형광등/콤팩트형/25_X002_C039_1210/25_X002_C039_1210_3.json,25_X002_C039_1210_3.jpg,형광등,콤팩트형,형광등/콤팩트형,1920,1080,1920,1080,True,실외,주간,1,1,1,True,0,1b9b7d78b1cd3dd9d186f96fc1d3c92e3ccaf103,True,
Training,Training/images/형광등/콤팩트형/25_X004_C053_1112/25_X004_C053_1112_1.jpg,Training/labels/형광등/콤팩트형/25_X004_C053_1112/25_X004_C053_1112_1.json,25_X004_C053_1112_1.jpg,형광등,콤팩트형,형광등/콤팩트형,1920,1080,1920,1080,True,실외,주간,1,1,1,True,0,c613288e69d92163f1314bab15b5940000cb4525,True,
Training,Training/images/형광등/콤팩트형/25_X007_C323_1202/25_X007_C323_1202_0.jpg,Training/labels/형광등/콤팩트형/25_X007_C323_1202/25_X007_C323_1202_0.json,25_X007_C323_1202_0.jpg,형광등,콤팩트형,형광등/콤팩트형,1920,1080,1920,1080,True,실외,주간,2,2,2,True,0,97924e7c154c484cb54bca276a5aea4a94a00fee,True,
Training,Training/images/형광등/콤팩트형/25_X012_C320_1217/25_X012_C320_1217_3.jpg,Training/labels/형광등/콤팩트형/25_X012_C320_1217/25_X012_C320_1217_3.json,25_X012_C320_1217_3.jpg,형광등,콤팩트형,형광등/콤팩트형,1920,1080,1920,1080,True,실외,주간,1,1,1,True,0,7c03818f9df100b9d30c3ea4aaf80a0cbfeea046,True,
Training,Training/images/형광등/콤팩트형/25_X018_C187_1208/25_X018_C187_1208_4.jpg,Training/labels/형광등/콤팩트형/25_X018_C187_1208/25_X018_C187_1208_4.json,25_X018_C187_1208_4.jpg,형광등,콤팩트형,형광등/콤팩트형,1920,1440,1920,1440,True,실외,주간,2,2,2,True,0,a2f282077a8a06386b80971f76fc9a682af62a81,True,
Training,Training/images/형광등/콤팩트형/25_X211_C900_1225/25_X211_C900_1225_3.jpg,Training/labels/형광등/콤팩트형/25_X211_C900_1225/25_X211_C900_1225_3.json,25_X211_C900_1225_3.jpg,형광등,콤팩트형,형광등/콤팩트형,1920,1080,1920,1080,True,실외,주간,1,1,1,True,0,061a1d8859b2914bf9aec8cd9337edd31f6b1d3b,True,
Training,Training/images/형광등/콤팩트형/25_X239_C900_1210/25_X239_C900_1210_2.jpg,Training/labels/형광등/콤팩트형/25_X239_C900_1210/25_X239_C900_1210_2.json,25_X239_C900_1210_2.jpg,형광등,콤팩트형,형광등/콤팩트형,1920,1440,1920,1440,True,실외,주간,1,1,1,True,0,e9f317ef0d84655e80925a7a1e95c70a2ef1f517,True,
Training,Training/images/형광등/콤팩트형/25_X333_C900_1225/25_X333_C900_1225_0.jpg,Training/labels/형광등/콤팩트형/25_X333_C900_1225/25_X333_C900_1225_0.json,25_X333_C900_1225_0.jpg,형광등,콤팩트형,형광등/콤팩트형,1920,1080,1920,1080,True,실외,주간,1,1,1,True,0,43c47e1570936bff21bf8138b4ab2a9ec122cc8b,True,
Training,Training/images/형광등/환형/25_X002_C324_1208/25_X002_C324_1208_0.jpg,Training/labels/형광등/환형/25_X002_C324_1208/25_X002_C324_1208_0.json,25_X002_C324_1208_0.jpg,형광등,환형,형광등/환형,1440,1920,1440,1920,True,실외,주간,1,1,1,True,0,f7f28d11f3e385e964002093575b61f9daad8d11,True,
Training,Training/images/형광등/환형/25_X005_C024_1104/25_X005_C024_1104_2.jpg,Training/labels/형광등/환형/25_X005_C024_1104/25_X005_C024_1104_2.json,25_X005_C024_1104_2.jpg,형광등,환형,형광등/환형,1920,1080,1920,1080,True,실외,주간,1,1,1,True,0,5bae995b1404fff791cb64af9e1916f65b8d1ae8,True,
Training,Training/images/형광등/환형/25_X006_C203_1202/25_X006_C203_1202_3.jpg,Training/labels/형광등/환형/25_X006_C203_1202/25_X006_C203_1202_3.json,25_X006_C203_1202_3.jpg,형광등,환형,형광등/환형,1920,1440,1920,1440,True,실외,주간,1,1,1,True,0,48287106d5f4548242bb6e321c3c79be081fe393,True,
Training,Training/images/형광등/환형/25_X007_C023_1211/25_X007_C023_1211_3.jpg,Training/labels/형광등/환형/25_X007_C023_1211/25_X007_C023_1211_3.json,25_X007_C023_1211_3.jpg,형광등,환형,형광등/환형,1920,1080,1920,1080,True,실외,주간,1,1,1,True,0,80e545b1ab2bd6e46eed679ce46b93e27751b56a,True,
Training,Training/images/형광등/환형/25_X007_C045_1202/25_X007_C045_1202_3.jpg,Training/labels/형광등/환형/25_X007_C045_1202/25_X007_C045_1202_3.json,25_X007_C045_1202_3.jpg,형광등,환형,형광등/환형,1920,1440,1920,1440,True,실외,주간,1,1,1,True,0,42ac72b81c81462d8e92dca09cb40c5e8388bc5d,True,
Training,Training/images/형광등/환형/25_X015_C039_1204/25_X015_C039_1204_1.jpg,Training/labels/형광등/환형/25_X015_C039_1204/25_X015_C039_1204_1.json,25_X015_C039_1204_1.jpg,형광등,환형,형광등/환형,1920,1080,1920,1080,True,실외,주간,1,1,1,True,0,e2e4b331d5a0cb6bb385856cb2d0b36d9825b3f8,True,
Training,Training/images/형광등/환형/25_X017_C900_1209/25_X017_C900_1209_0.jpg,Training/labels/형광등/환형/25_X017_C900_1209/25_X017_C900_1209_0.json,25_X017_C900_1209_0.jpg,형광등,환형,형광등/환형,1920,1080,1920,1080,True,실외,주간,2,2,2,True,0,472d63dd3bb1325d1514be60b34d07d4a4b2204c,True,
Training,Training/images/형광등/환형/25_X024_C163_1208/25_X024_C163_1208_2.jpg,Training/labels/형광등/환형/25_X024_C163_1208/25_X024_C163_1208_2.json,25_X024_C163_1208_2.jpg,형광등,환형,형광등/환형,1920,1440,1920,1440,True,실외,주간,1,1,1,True,0,ee1d690cffc09e8ac4e51ced25a965f18be070ae,True,
Training,Training/images/형광등/환형/25_X043_C332_1204/25_X043_C332_1204_0.jpg,Training/labels/형광등/환형/25_X043_C332_1204/25_X043_C332_1204_0.json,25_X043_C332_1204_0.jpg,형광등,환형,형광등/환형,2160,1080,2160,1080,True,실외,주간,1,1,1,True,0,5b6aa98c759782502d1a1d6b2fa05dbac61ee2fc,True,
Validation,Validation/images/고철류/고철/12_X001_C015_0131/12_X001_C015_0131_2.jpg,Validation/labels/고철류/고철/12_X001_C015_0131/12_X001_C015_0131_2.json,12_X001_C015_0131_2.jpg,고철류,고철,고철류/고철,1921,1080,1921,1080,True,실외,주간,1,1,1,True,0,5378cc133a5386048b7cf74ac7f58f20ebf966f6,True,
Validation,Validation/images/고철류/고철/12_X054_C509_0407/12_X054_C509_0407_0.jpg,Validation/labels/고철류/고철/12_X054_C509_0407/12_X054_C509_0407_0.json,12_X054_C509_0407_0.jpg,고철류,고철,고철류/고철,1440,1921,1440,1921,True,실외,주간,1,1,1,True,0,ec0d2449bb55c811841c35226656eb911fe8a1ed,True,
Validation,Validation/images/고철류/골프채/12_X002_C973_0319/12_X002_C973_0319_3.jpg,Validation/labels/고철류/골프채/12_X002_C973_0319/12_X002_C973_0319_3.json,12_X002_C973_0319_3.jpg,고철류,골프채,고철류/골프채,1440,1921,1440,1921,True,실외,주간,1,1,1,True,0,ebee209573d40d459c5dd8a3cdcbf3e22ed77abf,True,
Validation,Validation/images/고철류/골프채/12_X003_C509_0319/12_X003_C509_0319_3.jpg,Validation/labels/고철류/골프채/12_X003_C509_0319/12_X003_C509_0319_3.json,12_X003_C509_0319_3.jpg,고철류,골프채,고철류/골프채,1440,1921,1440,1921,True,실외,주간,1,1,1,True,0,377442648621ec163410d2374797ded95628fb9a,True,
Validation,Validation/images/고철류/기타/12_X001_C045_0201/12_X001_C045_0201_2.jpg,Validation/labels/고철류/기타/12_X001_C045_0201/12_X001_C045_0201_2.json,12_X001_C045_0201_2.jpg,고철류,기타,고철류/기타,1921,1440,1921,1440,True,실외,주간,1,1,1,True,0,2ea0ed05f84aaf0c07b0b920f3d1098931f85c79,True,
Validation,Validation/images/고철류/기타/12_X012_C045_0130/12_X012_C045_0130_4.jpg,Validation/labels/고철류/기타/12_X012_C045_0130/12_X012_C045_0130_4.json,12_X012_C045_0130_4.jpg,고철류,기타,고철류/기타,1921,1440,1921,1440,True,실외,주간,1,1,1,True,0,4ea65b8683197692bc75017f03a14666d56808fe,True,
Validation,Validation/images/고철류/비철금속/12_X002_C187_1109/12_X002_C187_1109_0.jpg,Validation/labels/고철류/비철금속/12_X002_C187_1109/12_X002_C187_1109_0.json,12_X002_C187_1109_0.jpg,고철류,비철금속,고철류/비철금속,1920,1440,1920,1440,True,실외,주간,1,1,1,True,0,ca043674a747e31220ce2e18d1d755f5d91241b9,True,
Validation,Validation/images/고철류/비철금속/12_X005_C024_1102/12_X005_C024_1102_3.jpg,Validation/labels/고철류/비철금속/12_X005_C024_1102/12_X005_C024_1102_3.json,12_X005_C024_1102_3.jpg,고철류,비철금속,고철류/비철금속,1920,1440,1920,1440,True,실외,주간,1,1,1,True,0,df8bfb08fb55af5b1a383a6ad0c015d701baa672,True,
Validation,Validation/images/고철류/전기프라이팬/12_X004_C045_1125/12_X004_C045_1125_2.jpg,Validation/labels/고철류/전기프라이팬/12_X004_C045_1125/12_X004_C045_1125_2.json,12_X004_C045_1125_2.jpg,고철류,전기프라이팬,고철류/전기프라이팬,1920,1080,1920,1080,True,실외,주간,1,1,1,True,0,913d00a095d774c8d631153049c4cf88e496b589,True,
Validation,Validation/images/고철류/전기프라이팬/12_X004_C188_1116/12_X004_C188_1116_4.jpg,Validation/labels/고철류/전기프라이팬/12_X004_C188_1116/12_X004_C188_1116_4.json,12_X004_C188_1116_4.jpg,고철류,전기프라이팬,고철류/전기프라이팬,1920,1440,1920,1440,True,실외,주간,1,1,1,True,0,95dcc7890de14876b0a5d8c404604e69c4205e9a,True,
Validation,Validation/images/고철류/주전자/12_X004_C193_1209/12_X004_C193_1209_0.jpg,Validation/labels/고철류/주전자/12_X004_C193_1209/12_X004_C193_1209_0.json,12_X004_C193_1209_0.jpg,고철류,주전자,고철류/주전자,1921,1440,1921,1440,True,실외,주간,2,2,2,True,0,45e15ae49075a6209650cb5cd4992a05ce377088,True,
Validation,Validation/images/고철류/주전자/12_X005_C702_1216/12_X005_C702_1216_3.jpg,Validation/labels/고철류/주전자/12_X005_C702_1216/12_X005_C702_1216_3.json,12_X005_C702_1216_3.jpg,고철류,주전자,고철류/주전자,1920,1080,1920,1080,True,실외,주간,1,1,1,True,0,ad504b357b63cb3b0a47d0e1011bfc8f5a6f491e,True,
Validation,Validation/images/고철류/철옷걸이/12_X001_C185_0929/12_X001_C185_0929_4.jpg,Validation/labels/고철류/철옷걸이/12_X001_C185_0929/12_X001_C185_0929_4.json,12_X001_C185_0929_4.jpg,고철류,철옷걸이,고철류/철옷걸이,2341,1080,2341,1080,True,실외,주간,1,1,1,True,0,a7e3ea2133db8c2c8e6cc06de240d7af92b24b52,True,
Validation,Validation/images/고철류/철옷걸이/12_X006_C211_1124/12_X006_C211_1124_3.jpg,Validation/labels/고철류/철옷걸이/12_X006_C211_1124/12_X006_C211_1124_3.json,12_X006_C211_1124_3.jpg,고철류,철옷걸이,고철류/철옷걸이,1921,1440,1921,1440,True,실외,주간,1,1,1,True,0,bbe9a6d93143c78e5b11ab0fbdef357a8640eefb,True,
Validation,Validation/images/고철류/프라이팬/12_X005_C058_0207/12_X005_C058_0207_3.jpg,Validation/labels/고철류/프라이팬/12_X005_C058_0207/12_X005_C058_0207_3.json,12_X005_C058_0207_3.jpg,고철류,프라이팬,고철류/프라이팬,1921,1440,1921,1440,True,실외,주간,1,1,1,True,0,0d619f398a4cf41c589dbc8d5cf57b08ab72f3e9,True,
Validation,Validation/images/고철류/프라이팬/12_X022_C175_1207/12_X022_C175_1207_0.jpg,Validation/labels/고철류/프라이팬/12_X022_C175_1207/12_X022_C175_1207_0.json,12_X022_C175_1207_0.jpg,고철류,프라이팬,고철류/프라이팬,1921,1440,1921,1440,True,실외,주간,2,2,2,True,0,3e671de616b8c653f41ac22a532cab6b2f51c472,True,
Validation,Validation/images/나무/기타/13_X001_C038_1118/13_X001_C038_1118_3.jpg,Validation/labels/나무/기타/13_X001_C038_1118/13_X001_C038_1118_3.json,13_X001_C038_1118_3.jpg,나무,기타,나무/기타,1920,1080,1920,1080,True,실외,주간,1,1,1,True,0,402fa1a3d45fa53ebb6b7b0957980ea5dbb496e1,True,
Validation,Validation/images/나무/기타/13_X016_C058_0202/13_X016_C058_0202_1.jpg,Validation/labels/나무/기타/13_X016_C058_0202/13_X016_C058_0202_1.json,13_X016_C058_0202_1.jpg,나무,기타,나무/기타,1921,1440,1921,1440,True,실외,주간,1,1,1,True,0,f8d360e93f663cb100296652796b0e8e4b2cd382,True,
Validation,Validation/images/나무/나무행거/13_X002_C012_1014/13_X002_C012_1014_4.jpg,Validation/labels/나무/나무행거/13_X002_C012_1014/13_X002_C012_1014_4.json,13_X002_C012_1014_4.jpg,나무,나무행거,나무/나무행거,1920,1440,1920,1440,True,실외,주간,1,1,1,True,0,a288e224c3b9a69dedf411a7abf12bb9d1cae7c4,True,
Validation,Validation/images/나무/나무행거/13_X004_C061_0131/13_X004_C061_0131_3.jpg,Validation/labels/나무/나무행거/13_X004_C061_0131/13_X004_C061_0131_3.json,13_X004_C061_0131_3.jpg,나무,나무행거,나무/나무행거,1920,1080,1920,1080,True,실외,주간,1,1,1,True,0,066c5ed62693f1d60067cd4ace3d84188e9af1bf,True,
Validation,Validation/images/나무/도마/13_X001_C034_1030/13_X001_C034_1030_3.jpg,Validation/labels/나무/도마/13_X001_C034_1030/13_X001_C034_1030_3.json,13_X001_C034_1030_3.jpg,나무,도마,나무/도마,1920,1440,1920,1440,True,실외,주간,1,1,1,True,0,47471a544674772e1d101324f80870d944a70b1a,True,
Validation,Validation/images/나무/도마/13_X001_C036_1026/13_X001_C036_1026_3.jpg,Validation/labels/나무/도마/13_X001_C036_1026/13_X001_C036_1026_3.json,13_X001_C036_1026_3.jpg,나무,도마,나무/도마,1920,1920,1920,1920,True,실외,주간,1,1,1,True,0,1622f42d2f7ad1a4fb95936f78073011ce6d2eaa,True,
Validation,Validation/images/나무/액자/13_X002_C162_1126/13_X002_C162_1126_4.jpg,Validation/labels/나무/액자/13_X002_C162_1126/13_X002_C162_1126_4.json,13_X002_C162_1126_4.jpg,나무,액자,나무/액자,1920,1440,1920,1440,True,실외,주간,1,1,1,True,0,475d90ad53fc5fb176343d4568ccf04f9ff6fdde,True,
Validation,Validation/images/나무/액자/13_X003_C044_1030_6/13_X003_C044_1030_6_2.jpg,Validation/labels/나무/액자/13_X003_C044_1030_6/13_X003_C044_1030_6_2.json,13_X003_C044_1030_6_2.jpg,나무,액자,나무/액자,1920,1440,1920,1440,True,실외,주간,1,1,1,True,0,0afc8175275f142dae63e963acce1c5da8160921,True,
Validation,Validation/images/나무/장식품/13_X023_C803_0129/13_X023_C803_0129_0.jpg,Validation/labels/나무/장식품/13_X023_C803_0129/13_X023_C803_0129_0.json,13_X023_C803_0129_0.jpg,나무,장식품,나무/장식품,1921,1440,1921,1440,True,실외,주간,1,1,1,True,0,330d66603869cbf1a91c2b268d0073bb129d90e2,True,
Validation,Validation/images/나무/장식품/13_X085_C024_0225/13_X085_C024_0225_5.jpg,Validation/labels/나무/장식품/13_X085_C024_0225/13_X085_C024_0225_5.json,13_X085_C024_0225_5.jpg,나무,장식품,나무/장식품,1921,1080,1921,1080,True,실외,주간,2,2,2,True,0,2c7eaf4c0eab83f50e166e223452da4ec3924704,True,
Validation,Validation/images/나무/주걱/13_X057_C553_0122/13_X057_C553_0122_1.jpg,Validation/labels/나무/주걱/13_X057_C553_0122/13_X057_C553_0122_1.json,13_X057_C553_0122_1.jpg,나무,주걱,나무/주걱,1920,1440,1920,1440,True,실외,주간,1,1,1,True,0,118846c72bef5688aaf45443390383a04720b342,True,
Validation,Validation/images/나무/주걱/13_X215_C509_0314/13_X215_C509_0314_2.jpg,Validation/labels/나무/주걱/13_X215_C509_0314/13_X215_C509_0314_2.json,13_X215_C509_0314_2.jpg,나무,주걱,나무/주걱,1921,1440,1921,1440,True,실외,주간,1,1,1,True,0,cc50a085df960d9f7be8404d21a8611a9dafb4cc,True,
Validation,Validation/images/나무/주방용품/13_X015_C023_0306/13_X015_C023_0306_1.jpg,Validation/labels/나무/주방용품/13_X015_C023_0306/13_X015_C023_0306_1.json,13_X015_C023_0306_1.jpg,나무,주방용품,나무/주방용품,1921,1081,1921,1081,True,실외,주간,2,2,2,True,0,a3b55468f22c44af47fa898cda63ad5f62600651,True,
Validation,Validation/images/나무/주방용품/13_X287_C999_0317/13_X287_C999_0317_4.jpg,Validation/labels/나무/주방용품/13_X287_C999_0317/13_X287_C999_0317_4.json,13_X287_C999_0317_4.jpg,나무,주방용품,나무/주방용품,1921,1080,1921,1080,True,실외,주간,1,1,1,True,0,d33ae43ad4e9c49d6a2895e564752b81ccde96dd,True,
Validation,Validation/images/나무/포장재/13_X002_C055_0129/13_X002_C055_0129_4.jpg,Validation/labels/나무/포장재/13_X002_C055_0129/13_X002_C055_0129_4.json,13_X002_C055_0129_4.jpg,나무,포장재,나무/포장재,1921,1080,1921,1080,True,실외,주간,1,1,1,True,0,dcca526d49944a0857353ea87bbb405fe12f553c,True,
Validation,Validation/images/나무/포장재/13_X154_C050_0226/13_X154_C050_0226_2.jpg,Validation/labels/나무/포장재/13_X154_C050_0226/13_X154_C050_0226_2.json,13_X154_C050_0226_2.jpg,나무,포장재,나무/포장재,1921,1080,1921,1080,True,실외,주간,2,2,2,True,0,577a13d2de05b0620c22cb0004680f5c2882a3f7,True,
Validation,Validation/images/도기류/그릇류/14_X014_C055_1120/14_X014_C055_1120_3.jpg,Validation/labels/도기류/그릇류/14_X014_C055_1120/14_X014_C055_1120_3.json,14_X014_C055_1120_3.jpg,도기류,그릇류,도기류/그릇류,1920,1080,1920,1080,True,실외,주간,1,1,1,True,0,3406e56fcef3ebe1304a35c89592abe277dd0b4c,True,
Validation,Validation/images/도기류/그릇류/14_X014_C701_1229/14_X014_C701_1229_2.jpg,Validation/labels/도기류/그릇류/14_X014_C701_1229/14_X014_C701_1229_2.json,14_X014_C701_1229_2.jpg,도기류,그릇류,도기류/그릇류,1920,1080,1920,1080,True,실외,주간,1,1,1,True,0,90b485f6dc665c94370f54a037600a5e7d6dd503,True,
Validation,Validation/images/도기류/기타/14_X007_C508_0408/14_X007_C508_0408_1.jpg,Validation/labels/도기류/기타/14_X007_C508_0408/14_X007_C508_0408_1.json,14_X007_C508_0408_1.jpg,도기류,기타,도기류/기타,1921,1080,1921,1080,True,실내,주간,1,1,1,True,0,a40990f040714373f4901f154f502efbf1687a38,True,
Validation,Validation/images/도기류/기타/14_X022_C508_0408/14_X022_C508_0408_3.jpg,Validation/labels/도기류/기타/14_X022_C508_0408/14_X022_C508_0408_3.json,14_X022_C508_0408_3.jpg,도기류,기타,도기류/기타,1921,1440,1921,1440,True,실내,주간,1,1,1,True,0,9551daf07044a65ffe3463512ce3269498ddd248,True,
Validation,Validation/images/도기류/뚝배기/14_X001_C187_1112/14_X001_C187_1112_3.jpg,Validation/labels/도기류/뚝배기/14_X001_C187_1112/14_X001_C187_1112_3.json,14_X001_C187_1112_3.jpg,도기류,뚝배기,도기류/뚝배기,1920,1440,1920,1440,True,실외,주간,1,1,1,True,0,6fdc517cb83ea6123f66726d8280b8eb46fb2586,True,
Validation,Validation/images/도기류/뚝배기/14_X019_C323_0116/14_X019_C323_0116_0.jpg,Validation/labels/도기류/뚝배기/14_X019_C323_0116/14_X019_C323_0116_0.json,14_X019_C323_0116_0.jpg,도기류,뚝배기,도기류/뚝배기,1440,1920,1440,1920,True,실외,주간,1,1,1,True,0,37f97a24fc4e372d024ef10f9e4eb6e8764db51a,True,
Validation,Validation/images/도기류/받침/14_X094_C509_0414/14_X094_C509_0414_4.jpg,Validation/labels/도기류/받침/14_X094_C509_0414/14_X094_C509_0414_4.json,14_X094_C509_0414_4.jpg,도기류,받침,도기류/받침,2160,1080,2160,1080,True,실외,주간,2,2,2,True,0,72efc52b44bb17c3724213c16d6f389ebf0d6be2,True,
Validation,Validation/images/도기류/받침/14_X167_C900_0317/14_X167_C900_0317_2.jpg,Validation/labels/도기류/받침/14_X167_C900_0317/14_X167_C900_0317_2.json,14_X167_C900_0317_2.jpg,도기류,받침,도기류/받침,1921,1080,1921,1080,True,실내,주간,1,1,1,True,0,cda9a2aa321f8f983ce0ee0b6a0c4387bd210801,True,
Validation,Validation/images/도기류/병/14_X003_C324_1118/14_X003_C324_1118_0.jpg,Validation/labels/도기류/병/14_X003_C324_1118/14_X003_C324_1118_0.json,14_X003_C324_1118_0.jpg,도기류,병,도기류/병,1920,1440,1920,1440,True,실외,주간,1,1,1,True,0,dcc92afed47ef9c465fe94d4bd78fa0970269828,True,
Validation,Validation/images/도기류/병/14_X004_C163_1203/14_X004_C163_1203_4.jpg,Validation/labels/도기류/병/14_X004_C163_1203/14_X004_C163_1203_4.json,14_X004_C163_1203_4.jpg,도기류,병,도기류/병,1921,1440,1921,1440,True,실외,주간,1,1,1,False,0,5f1a74042967876a00c3fa40ad368876a92709b6,False,folder_target_not_in_json
Validation,Validation/images/도기류/장식품/14_X001_C015_1119/14_X001_C015_1119_3.jpg,Validation/labels/도기류/장식품/14_X001_C015_1119/14_X001_C015_1119_3.json,14_X001_C015_1119_3.jpg,도기류,장식품,도기류/장식품,1920,1080,1920,1080,True,실외,주간,1,1,1,True,0,f4e0f1af35b1ef3c3bc6ac33d9c1dae04d04b28a,True,
Validation,Validation/images/도기류/장식품/14_X011_C169_1203/14_X011_C169_1203_2.jpg,Validation/labels/도기류/장식품/14_X011_C169_1203/14_X011_C169_1203_2.json,14_X011_C169_1203_2.jpg,도기류,장식품,도기류/장식품,1920,1080,1920,1080,True,실외,주간,1,1,1,True,0,7fdadf4060d4efbbee31a1a8a9a1697cac11d1f1,True,
Validation,Validation/images/도기류/주전자/14_X002_C195_1109/14_X002_C195_1109_3.jpg,Validation/labels/도기류/주전자/14_X002_C195_1109/14_X002_C195_1109_3.json,14_X002_C195_1109_3.jpg,도기류,주전자,도기류/주전자,1920,1440,1920,1440,True,실외,주간,1,1,1,True,0,36f078d243c442b05f6c994014c1df436df90e1d,True,
Validation,Validation/images/도기류/주전자/14_X003_C192_1117/14_X003_C192_1117_1.jpg,Validation/labels/도기류/주전자/14_X003_C192_1117/14_X003_C192_1117_1.json,14_X003_C192_1117_1.jpg,도기류,주전자,도기류/주전자,1920,1440,1920,1440,True,실외,주간,1,1,1,True,0,84fab8cf849b8d6438af1a88b91d639dabc8f0ab,True,
Validation,Validation/images/도기류/컵/14_X001_C172_1006/14_X001_C172_1006_2.jpg,Validation/labels/도기류/컵/14_X001_C172_1006/14_X001_C172_1006_2.json,14_X001_C172_1006_2.jpg,도기류,컵,도기류/컵,1920,1440,1920,1440,True,실외,주간,1,1,1,True,0,5039bc249dbf203431c2b4c06519cffac4fc91b9,True,
Validation,Validation/images/도기류/컵/14_X027_C045_0128/14_X027_C045_0128_0.jpg,Validation/labels/도기류/컵/14_X027_C045_0128/14_X027_C045_0128_0.json,14_X027_C045_0128_0.jpg,도기류,컵,도기류/컵,1921,1440,1921,1440,True,실외,주간,1,1,1,True,0,26eb441fc2d08e6e58c9d56971a785d50a4bee9a,True,
Validation,Validation/images/도기류/항아리/14_X001_C016_1029/14_X001_C016_1029_3.jpg,Validation/labels/도기류/항아리/14_X001_C016_1029/14_X001_C016_1029_3.json,14_X001_C016_1029_3.jpg,도기류,항아리,도기류/항아리,1921,1440,1921,1440,True,실외,주간,1,1,1,True,0,d5182925c7ac39870e97de9b4e2aaaea4d174230,True,
Validation,Validation/images/도기류/항아리/14_X002_C024_1210/14_X002_C024_1210_0.jpg,Validation/labels/도기류/항아리/14_X002_C024_1210/14_X002_C024_1210_0.json,14_X002_C024_1210_0.jpg,도기류,항아리,도기류/항아리,1920,1080,1920,1080,True,실외,주간,1,1,1,True,0,99d646dfb1e22bfd83eb438cb76f282faa12acca,True,
Validation,Validation/images/도기류/화분/14_X005_C045_1118/14_X005_C045_1118_1.jpg,Validation/labels/도기류/화분/14_X005_C045_1118/14_X005_C045_1118_1.json,14_X005_C045_1118_1.jpg,도기류,화분,도기류/화분,1920,1080,1920,1080,True,실외,주간,1,1,1,True,0,6998bf1faf00b3a6a3533a1b4bb34cf89540def1,True,
Validation,Validation/images/도기류/화분/14_X005_C704_0106/14_X005_C704_0106_3.jpg,Validation/labels/도기류/화분/14_X005_C704_0106/14_X005_C704_0106_3.json,14_X005_C704_0106_3.jpg,도기류,화분,도기류/화분,1920,1440,1920,1440,True,실외,주간,1,1,1,True,0,9efd111bddce0d0268f032b5da2d8e9ad48c46fe,True,
Validation,Validation/images/비닐/과자봉지/15_X371_C889_0330/15_X371_C889_0330_4.jpg,Validation/labels/비닐/과자봉지/15_X371_C889_0330/15_X371_C889_0330_4.json,15_X371_C889_0330_4.jpg,비닐,과자봉지,비닐/과자봉지,1440,1921,1440,1921,True,실외,주간,1,1,1,True,0,8893c7181d72850cd211a63ac22e5561f8328470,True,
Validation,Validation/images/비닐/과자봉지/15_X396_C888_0330/15_X396_C888_0330_2.jpg,Validation/labels/비닐/과자봉지/15_X396_C888_0330/15_X396_C888_0330_2.json,15_X396_C888_0330_2.jpg,비닐,과자봉지,비닐/과자봉지,1921,1440,1921,1440,True,실외,주간,1,1,1,True,0,e5bc08d94d103a832eaced75dcf135fc7832ecef,True,
Validation,Validation/images/비닐/기타/15_X001_C807_0925/15_X001_C807_0925_1.jpg,Validation/labels/비닐/기타/15_X001_C807_0925/15_X001_C807_0925_1.json,15_X001_C807_0925_1.jpg,비닐,기타,비닐/기타,1921,1440,1921,1440,True,실외,주간,1,1,1,True,0,95bead8b6aff9cb441930c907a7e378fc3c09e10,True,
Validation,Validation/images/비닐/기타/15_X006_C205_1015/15_X006_C205_1015_0.jpg,Validation/labels/비닐/기타/15_X006_C205_1015/15_X006_C205_1015_0.json,15_X006_C205_1015_0.jpg,비닐,기타,비닐/기타,1920,1080,1920,1080,True,실외,주간,1,1,1,True,0,fd993afb4b540d897b16c92ecad501485b8efca7,True,
Validation,Validation/images/비닐/리필용기/15_X007_C164_1023/15_X007_C164_1023_2.jpg,Validation/labels/비닐/리필용기/15_X007_C164_1023/15_X007_C164_1023_2.json,15_X007_C164_1023_2.jpg,비닐,리필용기,비닐/리필용기,1920,1440,1920,1440,True,실외,주간,1,1,1,True,0,f685a5faf5bdc25bf80cdd4559167e9773529b58,True,
Validation,Validation/images/비닐/리필용기/15_X186_C886_0330/15_X186_C886_0330_2.jpg,Validation/labels/비닐/리필용기/15_X186_C886_0330/15_X186_C886_0330_2.json,15_X186_C886_0330_2.jpg,비닐,리필용기,비닐/리필용기,1440,1921,1440,1921,True,실외,주간,1,1,1,True,0,8e138f2daab7980f0f25d7fe713cf1cc504e5277,True,
Validation,Validation/images/비닐/봉투/15_X003_C014_1028/15_X003_C014_1028_2.jpg,Validation/labels/비닐/봉투/15_X003_C014_1028/15_X003_C014_1028_2.json,15_X003_C014_1028_2.jpg,비닐,봉투,비닐/봉투,1920,1080,1920,1080,True,실외,주간,1,1,1,True,0,b42558e4e8e78b694c0cfdf8a8a7ef198a58850f,True,
Validation,Validation/images/비닐/봉투/15_X056_C985_0319/15_X056_C985_0319_2.jpg,Validation/labels/비닐/봉투/15_X056_C985_0319/15_X056_C985_0319_2.json,15_X056_C985_0319_2.jpg,비닐,봉투,비닐/봉투,1921,1440,1921,1440,True,실외,주간,1,1,1,True,0,aa848832e2d09d66207bfd3f31667fe1fd725a1c,True,
Validation,Validation/images/비닐/에어캡/15_X064_C971_0318/15_X064_C971_0318_4.jpg,Validation/labels/비닐/에어캡/15_X064_C971_0318/15_X064_C971_0318_4.json,15_X064_C971_0318_4.jpg,비닐,에어캡,비닐/에어캡,1440,1921,1440,1921,True,실내,주간,1,1,1,True,0,361a0d6b6c92b5859f8a8de753b005cf0fb9e3ad,True,
Validation,Validation/images/비닐/에어캡/15_X093_C501_0318/15_X093_C501_0318_0.jpg,Validation/labels/비닐/에어캡/15_X093_C501_0318/15_X093_C501_0318_0.json,15_X093_C501_0318_0.jpg,비닐,에어캡,비닐/에어캡,1440,1921,1440,1921,True,실내,주간,1,1,1,True,0,4fdfece8b4da7fd955517e1e2c7b523554093950,True,
Validation,Validation/images/비닐/일회용덮개/15_X082_C502_1103_5/15_X082_C502_1103_5_4.jpg,Validation/labels/비닐/일회용덮개/15_X082_C502_1103_5/15_X082_C502_1103_5_4.json,15_X082_C502_1103_5_4.jpg,비닐,일회용덮개,비닐/일회용덮개,1440,1920,1440,1920,True,실외,주간,1,1,1,True,0,765427f1b785d229afd43ed5aa973d3ad8a3443d,True,
Validation,Validation/images/비닐/일회용덮개/15_X132_C501_0318/15_X132_C501_0318_2.jpg,Validation/labels/비닐/일회용덮개/15_X132_C501_0318/15_X132_C501_0318_2.json,15_X132_C501_0318_2.jpg,비닐,일회용덮개,비닐/일회용덮개,1921,1440,1921,1440,True,실내,주간,1,1,1,True,0,38c8b0b33b86b66cc052fa6f971d35939a021eb4,True,
Validation,Validation/images/비닐/포장제/15_X005_C163_1023/15_X005_C163_1023_2.jpg,Validation/labels/비닐/포장제/15_X005_C163_1023/15_X005_C163_1023_2.json,15_X005_C163_1023_2.jpg,비닐,포장제,비닐/포장제,1920,1440,1920,1440,True,실외,주간,1,1,1,True,0,a972e677f20b31fdcb60ef86ddb8f84e1ea6582b,True,
Validation,Validation/images/비닐/포장제/15_X938_C888_0330/15_X938_C888_0330_4.jpg,Validation/labels/비닐/포장제/15_X938_C888_0330/15_X938_C888_0330_4.json,15_X938_C888_0330_4.jpg,비닐,포장제,비닐/포장제,1921,1440,1921,1440,True,실외,주간,1,1,1,True,0,d57d880c8e80dd4cdff598099653d26bd4108901,True,
Validation,Validation/images/스티로폼/네모트레이/16_X106_C581_0116/16_X106_C581_0116_0.jpg,Validation/labels/스티로폼/네모트레이/16_X106_C581_0116/16_X106_C581_0116_0.json,16_X106_C581_0116_0.jpg,스티로폼,네모트레이,스티로폼/네모트레이,1920,1080,1920,1080,True,실외,주간,2,2,2,True,0,677f2a99c17ab0024725e2f29dc14d8bbaeb9f4e,True,
Validation,Validation/images/스티로폼/네모트레이/16_X368_C976_0325/16_X368_C976_0325_4.jpg,Validation/labels/스티로폼/네모트레이/16_X368_C976_0325/16_X368_C976_0325_4.json,16_X368_C976_0325_4.jpg,스티로폼,네모트레이,스티로폼/네모트레이,1440,1921,1440,1921,True,실내,주간,1,1,1,True,0,9cf564c91e4e927e39c5ede685bf8cb37545ee26,True,
Validation,Validation/images/스티로폼/보호재/16_X014_C090_0321/16_X014_C090_0321_2.jpg,Validation/labels/스티로폼/보호재/16_X014_C090_0321/16_X014_C090_0321_2.json,16_X014_C090_0321_2.jpg,스티로폼,보호재,스티로폼/보호재,1921,1080,1921,1080,True,실내,주간,1,1,1,True,0,7e73f58a8910c1e8b6ca7625d9c0ac151c881349,True,
Validation,Validation/images/스티로폼/보호재/16_X073_C102_0321/16_X073_C102_0321_0.jpg,Validation/labels/스티로폼/보호재/16_X073_C102_0321/16_X073_C102_0321_0.json,16_X073_C102_0321_0.jpg,스티로폼,보호재,스티로폼/보호재,1921,1080,1921,1080,True,실외,주간,1,1,1,True,0,36c5dcb78f6331487f145e4cc080fe076cf15042,True,
Validation,Validation/images/스티로폼/스티로폼/16_X015_C039_1130/16_X015_C039_1130_0.jpg,Validation/labels/스티로폼/스티로폼/16_X015_C039_1130/16_X015_C039_1130_0.json,16_X015_C039_1130_0.jpg,스티로폼,스티로폼,스티로폼/스티로폼,1920,1080,1920,1080,True,실외,주간,1,1,1,True,0,688dfcc7e89eb32528fa7c67f2b96babb5825b7f,True,
Validation,Validation/images/스티로폼/스티로폼/16_X015_C044_1209/16_X015_C044_1209_3.jpg,Validation/labels/스티로폼/스티로폼/16_X015_C044_1209/16_X015_C044_1209_3.json,16_X015_C044_1209_3.jpg,스티로폼,스티로폼,스티로폼/스티로폼,1920,1440,1920,1440,True,실외,주간,2,2,2,True,0,355aa108308a75612f5d1e73ca7a72e2c7e46519,True,
Validation,Validation/images/스티로폼/포장용기/16_X002_C192_0928/16_X002_C192_0928_3.jpg,Validation/labels/스티로폼/포장용기/16_X002_C192_0928/16_X002_C192_0928_3.json,16_X002_C192_0928_3.jpg,스티로폼,포장용기,스티로폼/포장용기,1920,1440,1920,1440,True,실외,주간,1,1,1,True,0,3b1ba4ee44c47aa6937a11cb50494862e8cc5ab0,True,
Validation,Validation/images/스티로폼/포장용기/16_X146_C554_0114/16_X146_C554_0114_3.jpg,Validation/labels/스티로폼/포장용기/16_X146_C554_0114/16_X146_C554_0114_3.json,16_X146_C554_0114_3.jpg,스티로폼,포장용기,스티로폼/포장용기,1920,1440,1920,1440,True,실외,주간,2,2,2,True,0,e93c81b204597a057bead8f21618929b8b1dad10,True,
Validation,Validation/images/유리병/기타/17_X018_C196_1123/17_X018_C196_1123_2.jpg,Validation/labels/유리병/기타/17_X018_C196_1123/17_X018_C196_1123_2.json,17_X018_C196_1123_2.jpg,유리병,기타,유리병/기타,1921,1081,1921,1081,True,실외,주간,1,1,1,True,0,8e2658882182a51993907f4326483c2bc212eba6,True,
Validation,Validation/images/유리병/기타/17_X354_C500_0331/17_X354_C500_0331_3.jpg,Validation/labels/유리병/기타/17_X354_C500_0331/17_X354_C500_0331_3.json,17_X354_C500_0331_3.jpg,유리병,기타,유리병/기타,1440,1921,1440,1921,True,실외,주간,1,1,1,True,0,680757f8444a7840f6af31ca9d0a9dbeb0d05e1f,True,
Validation,Validation/images/유리병/기타술병/17_X010_C172_1013/17_X010_C172_1013_4.jpg,Validation/labels/유리병/기타술병/17_X010_C172_1013/17_X010_C172_1013_4.json,17_X010_C172_1013_4.jpg,유리병,기타술병,유리병/기타술병,1920,1440,1920,1440,True,실외,주간,1,1,1,True,0,0e54c6eca5dfd1ab1a78893238a6554f36b75ca5,True,
Validation,Validation/images/유리병/기타술병/17_X013_C172_1113/17_X013_C172_1113_1.jpg,Validation/labels/유리병/기타술병/17_X013_C172_1113/17_X013_C172_1113_1.json,17_X013_C172_1113_1.jpg,유리병,기타술병,유리병/기타술병,1920,1440,1920,1440,True,실외,주간,1,1,1,True,0,cd752a246b31428df532974a8bc1217253803c5b,True,
Validation,Validation/images/유리병/맥주병/17_X002_C330_1102/17_X002_C330_1102_3.jpg,Validation/labels/유리병/맥주병/17_X002_C330_1102/17_X002_C330_1102_3.json,17_X002_C330_1102_3.jpg,유리병,맥주병,유리병/맥주병,1920,1080,1920,1080,True,실외,주간,1,1,1,True,0,5325c09614df1be7973065ab4a06cd3efd3154de,True,
Validation,Validation/images/유리병/맥주병/17_X034_C509_0129/17_X034_C509_0129_2.jpg,Validation/labels/유리병/맥주병/17_X034_C509_0129/17_X034_C509_0129_2.json,17_X034_C509_0129_2.jpg,유리병,맥주병,유리병/맥주병,1921,1921,1921,1921,True,실외,주간,1,1,1,True,0,04a6bd8b8fea3180f57a29126eeb5607c09dc2f7,True,
Validation,Validation/images/유리병/물병/17_X023_C329_1106/17_X023_C329_1106_4.jpg,Validation/labels/유리병/물병/17_X023_C329_1106/17_X023_C329_1106_4.json,17_X023_C329_1106_4.jpg,유리병,물병,유리병/물병,1920,1920,1920,1920,True,실외,주간,1,1,1,True,0,91d66ca86324113337c3d482ae8ada910bb172e1,True,
Validation,Validation/images/유리병/물병/17_X032_C193_1203/17_X032_C193_1203_4.jpg,Validation/labels/유리병/물병/17_X032_C193_1203/17_X032_C193_1203_4.json,17_X032_C193_1203_4.jpg,유리병,물병,유리병/물병,1920,1440,1920,1440,True,실외,주간,1,1,1,True,0,f411553cae452c631a61399b34706bb5cb8e28d9,True,
Validation,Validation/images/유리병/박카스병/17_X003_C188_1123/17_X003_C188_1123_0.jpg,Validation/labels/유리병/박카스병/17_X003_C188_1123/17_X003_C188_1123_0.json,17_X003_C188_1123_0.jpg,유리병,박카스병,유리병/박카스병,1920,1440,1920,1440,True,실외,주간,1,1,1,True,0,5c30495837cac5949755e7ad0444675b3561f33d,True,
Validation,Validation/images/유리병/박카스병/17_X020_C209_1117/17_X020_C209_1117_2.jpg,Validation/labels/유리병/박카스병/17_X020_C209_1117/17_X020_C209_1117_2.json,17_X020_C209_1117_2.jpg,유리병,박카스병,유리병/박카스병,1920,1440,1920,1440,True,실외,주간,1,1,1,True,0,71d1e330e91b1b29e594043f484e7463b578c803,True,
Validation,Validation/images/유리병/소주병/17_X091_C509_0129/17_X091_C509_0129_0.jpg,Validation/labels/유리병/소주병/17_X091_C509_0129/17_X091_C509_0129_0.json,17_X091_C509_0129_0.jpg,유리병,소주병,유리병/소주병,1921,1440,1921,1440,True,실외,주간,1,1,1,True,0,bce0f4a0a8f46bb88528e2a50a320f669de9f1bb,True,
Validation,Validation/images/유리병/소주병/17_X399_C777_0330/17_X399_C777_0330_3.jpg,Validation/labels/유리병/소주병/17_X399_C777_0330/17_X399_C777_0330_3.json,17_X399_C777_0330_3.jpg,유리병,소주병,유리병/소주병,1080,1921,1080,1921,True,실외,주간,1,1,1,True,0,c48791612bdf39d793dcdba66821f56eb020bc53,True,
Validation,Validation/images/유리병/음료수병/17_X005_C330_1029/17_X005_C330_1029_2.jpg,Validation/labels/유리병/음료수병/17_X005_C330_1029/17_X005_C330_1029_2.json,17_X005_C330_1029_2.jpg,유리병,음료수병,유리병/음료수병,1920,1440,1920,1440,True,실외,주간,1,1,1,True,0,c1d02cae0f1e93fcf3d82228cbb924ff89d4fa26,True,
Validation,Validation/images/유리병/음료수병/17_X005_C501_0331/17_X005_C501_0331_1.jpg,Validation/labels/유리병/음료수병/17_X005_C501_0331/17_X005_C501_0331_1.json,17_X005_C501_0331_1.jpg,유리병,음료수병,유리병/음료수병,1921,1440,1921,1440,True,실내,주간,1,1,1,True,0,41064dc4e887ef641f42f339e1f00064b63be216,True,
Validation,Validation/images/유리병/주방용기/17_X015_C209_1106/17_X015_C209_1106_2.jpg,Validation/labels/유리병/주방용기/17_X015_C209_1106/17_X015_C209_1106_2.json,17_X015_C209_1106_2.jpg,유리병,주방용기,유리병/주방용기,1920,1440,1920,1440,True,실외,주간,1,1,1,True,0,bdb8f1822e9057875cf3b0f193945187b13f1871,True,
Validation,Validation/images/유리병/주방용기/17_X170_C777_0330/17_X170_C777_0330_1.jpg,Validation/labels/유리병/주방용기/17_X170_C777_0330/17_X170_C777_0330_1.json,17_X170_C777_0330_1.jpg,유리병,주방용기,유리병/주방용기,1921,1080,1921,1080,True,실외,주간,1,1,1,True,0,3afce37b814dfb7db15f32e7c46e4089330a5ed8,True,
Validation,Validation/images/의류/기타의류/18_X001_C323_1203/18_X001_C323_1203_0.jpg,Validation/labels/의류/기타의류/18_X001_C323_1203/18_X001_C323_1203_0.json,18_X001_C323_1203_0.jpg,의류,기타의류,의류/기타의류,1920,1080,1920,1080,True,실외,주간,1,1,1,True,0,c5d4a43eabb1f5c63560a62fdba4754367c18ce9,True,
Validation,Validation/images/의류/기타의류/18_X120_C900_1030/18_X120_C900_1030_4.jpg,Validation/labels/의류/기타의류/18_X120_C900_1030/18_X120_C900_1030_4.json,18_X120_C900_1030_4.jpg,의류,기타의류,의류/기타의류,1920,1080,1920,1080,True,실외,주간,1,1,1,True,0,8ab3ad1de33607349ecde37fdc4028bec1fcc6a1,True,
Validation,Validation/images/의류/레깅스/18_X059_C193_1124/18_X059_C193_1124_1.jpg,Validation/labels/의류/레깅스/18_X059_C193_1124/18_X059_C193_1124_1.json,18_X059_C193_1124_1.jpg,의류,레깅스,의류/레깅스,1920,1440,1920,1440,True,실외,주간,1,1,1,True,0,7da1e5e3ac71a807a247fdd34628aba290322967,True,
Validation,Validation/images/의류/레깅스/18_X555_C900_1117/18_X555_C900_1117_4.jpg,Validation/labels/의류/레깅스/18_X555_C900_1117/18_X555_C900_1117_4.json,18_X555_C900_1117_4.jpg,의류,레깅스,의류/레깅스,1920,1440,1920,1440,True,실외,주간,1,1,1,True,0,52ae1ef52b9f113432e8d80fd52be22f6d8cffa1,True,
Validation,Validation/images/의류/면의류/18_X004_C014_0929/18_X004_C014_0929_2.jpg,Validation/labels/의류/면의류/18_X004_C014_0929/18_X004_C014_0929_2.json,18_X004_C014_0929_2.jpg,의류,면의류,의류/면의류,1920,1080,1920,1080,True,실외,주간,1,1,1,True,0,d4c0cd3ace642e098088f4ac82b4327b2c12c1e9,True,
Validation,Validation/images/의류/면의류/18_X032_C178_1120/18_X032_C178_1120_4.jpg,Validation/labels/의류/면의류/18_X032_C178_1120/18_X032_C178_1120_4.json,18_X032_C178_1120_4.jpg,의류,면의류,의류/면의류,1920,1440,1920,1440,True,실외,주간,1,1,1,True,0,a9664ae2a747707bf94cfe168e678e513d9f0c8b,True,
Validation,Validation/images/의류/상의/18_X087_C900_1209/18_X087_C900_1209_0.jpg,Validation/labels/의류/상의/18_X087_C900_1209/18_X087_C900_1209_0.json,18_X087_C900_1209_0.jpg,의류,상의,의류/상의,1920,1080,1920,1080,True,실외,주간,1,1,1,True,0,9574b5eee4bb480a12fe9bde9e4cca4daca9a4be,True,
Validation,Validation/images/의류/상의/18_X379_C900_1117/18_X379_C900_1117_3.jpg,Validation/labels/의류/상의/18_X379_C900_1117/18_X379_C900_1117_3.json,18_X379_C900_1117_3.jpg,의류,상의,의류/상의,1920,1440,1920,1440,True,실외,주간,1,1,1,True,0,f0283d91e9f9130a70306653363b15ef4868c9c0,True,
Validation,Validation/images/의류/외투/18_X013_C166_1125/18_X013_C166_1125_1.jpg,Validation/labels/의류/외투/18_X013_C166_1125/18_X013_C166_1125_1.json,18_X013_C166_1125_1.jpg,의류,외투,의류/외투,1920,1920,1920,1920,True,실외,주간,1,1,1,True,0,c793c90b2091f4fc7b6b53467f9301d86fe5fa97,True,
Validation,Validation/images/의류/외투/18_X028_C900_1112/18_X028_C900_1112_1.jpg,Validation/labels/의류/외투/18_X028_C900_1112/18_X028_C900_1112_1.json,18_X028_C900_1112_1.jpg,의류,외투,의류/외투,1920,1080,1920,1080,True,실외,주간,1,1,1,True,0,fd58f93904249da78555dc8edb8ffe9f62bd8b49,True,
Validation,Validation/images/의류/원피스/18_X007_C044_1113/18_X007_C044_1113_2.jpg,Validation/labels/의류/원피스/18_X007_C044_1113/18_X007_C044_1113_2.json,18_X007_C044_1113_2.jpg,의류,원피스,의류/원피스,1920,1440,1920,1440,True,실외,주간,1,1,1,True,0,e32f73e3994807c34d59cf5fc49eb263ac210798,True,
Validation,Validation/images/의류/원피스/18_X122_C900_1030/18_X122_C900_1030_4.jpg,Validation/labels/의류/원피스/18_X122_C900_1030/18_X122_C900_1030_4.json,18_X122_C900_1030_4.jpg,의류,원피스,의류/원피스,1920,1080,1920,1080,True,실외,주간,1,1,1,True,0,d3679fb9a0e32d9b201471f164bff772db1fc6fe,True,
Validation,Validation/images/의류/하의/18_X003_C178_1127/18_X003_C178_1127_4.jpg,Validation/labels/의류/하의/18_X003_C178_1127/18_X003_C178_1127_4.json,18_X003_C178_1127_4.jpg,의류,하의,의류/하의,1920,1440,1920,1440,True,실외,주간,1,1,1,True,0,4e7144c559b43e667169443e152ec32a2fb053ac,True,
Validation,Validation/images/의류/하의/18_X055_C023_1012/18_X055_C023_1012_0.jpg,Validation/labels/의류/하의/18_X055_C023_1012/18_X055_C023_1012_0.json,18_X055_C023_1012_0.jpg,의류,하의,의류/하의,1920,1440,1920,1440,True,실외,주간,1,1,1,True,0,78fce871943e49b5f5bb460e26b69cae1356ba2b,True,
Validation,Validation/images/의류/합성섬유/18_X001_C014_1127/18_X001_C014_1127_4.jpg,Validation/labels/의류/합성섬유/18_X001_C014_1127/18_X001_C014_1127_4.json,18_X001_C014_1127_4.jpg,의류,합성섬유,의류/합성섬유,2222,1080,2222,1080,True,실외,주간,1,1,1,True,0,bd5386cd1ba1c884b8d4f0819160ada59852d7dd,True,
Validation,Validation/images/의류/합성섬유/18_X002_C178_1111/18_X002_C178_1111_4.jpg,Validation/labels/의류/합성섬유/18_X002_C178_1111/18_X002_C178_1111_4.json,18_X002_C178_1111_4.jpg,의류,합성섬유,의류/합성섬유,1920,1440,1920,1440,True,실외,주간,1,1,1,True,0,a8fe27b4fa4b5740425934a578eedcf5f213ba0d,True,
Validation,Validation/images/종이류/기타/21_X023_C061_1113/21_X023_C061_1113_3.jpg,Validation/labels/종이류/기타/21_X023_C061_1113/21_X023_C061_1113_3.json,21_X023_C061_1113_3.jpg,종이류,기타,종이류/기타,1922,1081,1922,1081,True,실외,주간,1,1,1,True,0,307bce599c027617be2de8cd70668326bd2b7ce2,True,
Validation,Validation/images/종이류/기타/21_X048_C707_1229/21_X048_C707_1229_0.jpg,Validation/labels/종이류/기타/21_X048_C707_1229/21_X048_C707_1229_0.json,21_X048_C707_1229_0.jpg,종이류,기타,종이류/기타,1921,1440,1921,1440,True,실외,주간,1,1,1,True,0,65ef17e9d6c2c7667f46d814eec59a7e1e1579f6,True,
Validation,Validation/images/종이류/노트/21_X395_C015_0131/21_X395_C015_0131_3.jpg,Validation/labels/종이류/노트/21_X395_C015_0131/21_X395_C015_0131_3.json,21_X395_C015_0131_3.jpg,종이류,노트,종이류/노트,1921,1080,1921,1080,True,실외,주간,1,1,1,True,0,5ef1ccd6f7da9ff53a16baebaa0c91e11e59b5c3,True,
Validation,Validation/images/종이류/노트/21_X462_C015_0131/21_X462_C015_0131_0.jpg,Validation/labels/종이류/노트/21_X462_C015_0131/21_X462_C015_0131_0.json,21_X462_C015_0131_0.jpg,종이류,노트,종이류/노트,1921,1080,1921,1080,True,실외,주간,1,1,1,True,0,3686f57b28e2cce4af04025271f1313752bdb113,True,
Validation,Validation/images/종이류/상자류/21_X004_C055_0127/21_X004_C055_0127_2.jpg,Validation/labels/종이류/상자류/21_X004_C055_0127/21_X004_C055_0127_2.json,21_X004_C055_0127_2.jpg,종이류,상자류,종이류/상자류,1921,1080,1921,1080,True,실외,주간,2,2,2,True,0,84f72ffdc8888c23723c625ae95076d277e346a7,True,
Validation,Validation/images/종이류/상자류/21_X026_C701_1230/21_X026_C701_1230_4.jpg,Validation/labels/종이류/상자류/21_X026_C701_1230/21_X026_C701_1230_4.json,21_X026_C701_1230_4.jpg,종이류,상자류,종이류/상자류,1920,1080,1920,1080,True,실외,주간,1,1,1,True,0,f739207cc02990c2124fcc259ac1516cf3e6f664,True,
Validation,Validation/images/종이류/신문지/21_X011_C173_1005/21_X011_C173_1005_4.jpg,Validation/labels/종이류/신문지/21_X011_C173_1005/21_X011_C173_1005_4.json,21_X011_C173_1005_4.jpg,종이류,신문지,종이류/신문지,1920,1440,1920,1440,True,실외,주간,1,1,1,True,0,60112d454f7a78ea63dac2f4d3aeb9ec846f4e08,True,
Validation,Validation/images/종이류/신문지/21_X015_C203_1007/21_X015_C203_1007_3.jpg,Validation/labels/종이류/신문지/21_X015_C203_1007/21_X015_C203_1007_3.json,21_X015_C203_1007_3.jpg,종이류,신문지,종이류/신문지,1920,1440,1920,1440,True,실외,주간,1,1,1,True,0,a056196b18bd893769285184700f48f81bd6b480,True,
Validation,Validation/images/종이류/신발상자/21_X013_C027_1016/21_X013_C027_1016_2.jpg,Validation/labels/종이류/신발상자/21_X013_C027_1016/21_X013_C027_1016_2.json,21_X013_C027_1016_2.jpg,종이류,신발상자,종이류/신발상자,1920,1440,1920,1440,True,실외,주간,1,1,1,True,0,66d4361e9425dd3d95cadffdf7c38ce3baa700ad,True,
Validation,Validation/images/종이류/신발상자/21_X033_C205_0126/21_X033_C205_0126_0.jpg,Validation/labels/종이류/신발상자/21_X033_C205_0126/21_X033_C205_0126_0.json,21_X033_C205_0126_0.jpg,종이류,신발상자,종이류/신발상자,1080,1921,1080,1921,True,실외,주간,1,1,1,True,0,4ac80c47997ea190d001d456c37540fe8647cda8,True,
Validation,Validation/images/종이류/음료수곽/21_X002_C801_0220/21_X002_C801_0220_0.jpg,Validation/labels/종이류/음료수곽/21_X002_C801_0220/21_X002_C801_0220_0.json,21_X002_C801_0220_0.jpg,종이류,음료수곽,종이류/음료수곽,2221,1080,2221,1080,True,실외,주간,1,1,1,True,0,81ed432fcd62dbeb7e4b99fb7291462e2ef960e3,True,
Validation,Validation/images/종이류/음료수곽/21_X006_C172_0928/21_X006_C172_0928_4.jpg,Validation/labels/종이류/음료수곽/21_X006_C172_0928/21_X006_C172_0928_4.json,21_X006_C172_0928_4.jpg,종이류,음료수곽,종이류/음료수곽,1920,1440,1920,1440,True,실외,주간,1,1,1,True,0,47349f6a92223fe9bbc2d21893b299d38e1e693f,True,
Validation,Validation/images/종이류/종이봉투/21_X002_C052_1113/21_X002_C052_1113_4.jpg,Validation/labels/종이류/종이봉투/21_X002_C052_1113/21_X002_C052_1113_4.json,21_X002_C052_1113_4.jpg,종이류,종이봉투,종이류/종이봉투,1920,1440,1920,1440,True,실외,주간,1,1,1,True,0,7e094364b0ad59cdff38b8c15e65ccc4ec7ec904,True,
Validation,Validation/images/종이류/종이봉투/21_X009_C312_1112/21_X009_C312_1112_1.jpg,Validation/labels/종이류/종이봉투/21_X009_C312_1112/21_X009_C312_1112_1.json,21_X009_C312_1112_1.jpg,종이류,종이봉투,종이류/종이봉투,1921,1080,1921,1080,True,실외,주간,1,1,1,True,0,2ea120fa66d4f7d2984488c09b24b8b25b4a6ef1,True,
Validation,Validation/images/종이류/책자/21_X033_C501_0320/21_X033_C501_0320_2.jpg,Validation/labels/종이류/책자/21_X033_C501_0320/21_X033_C501_0320_2.json,21_X033_C501_0320_2.jpg,종이류,책자,종이류/책자,1921,1440,1921,1440,True,실내,주간,1,1,1,True,0,4cdd4cf7d1363cebae6f55fc491a064db11cce8a,True,
Validation,Validation/images/종이류/책자/21_X242_C499_0321/21_X242_C499_0321_0.jpg,Validation/labels/종이류/책자/21_X242_C499_0321/21_X242_C499_0321_0.json,21_X242_C499_0321_0.jpg,종이류,책자,종이류/책자,1080,1921,1080,1921,True,실내,주간,1,1,1,True,0,4bb91470097190d5d443d4fc3d95e37467de98e0,True,
Validation,Validation/images/종이류/포장상자/21_X009_C175_1113/21_X009_C175_1113_0.jpg,Validation/labels/종이류/포장상자/21_X009_C175_1113/21_X009_C175_1113_0.json,21_X009_C175_1113_0.jpg,종이류,포장상자,종이류/포장상자,1921,1440,1921,1440,True,실외,주간,1,1,1,True,0,2353d1423029d31706a951c40f816bfc5d0b61ef,True,
Validation,Validation/images/종이류/포장상자/21_X071_C172_0107/21_X071_C172_0107_2.jpg,Validation/labels/종이류/포장상자/21_X071_C172_0107/21_X071_C172_0107_2.json,21_X071_C172_0107_2.jpg,종이류,포장상자,종이류/포장상자,1920,1440,1920,1440,True,실외,주간,1,1,1,True,0,9aed3f3ec664cb03e259a44f8061789b7fc01a19,True,
Validation,Validation/images/캔류/맥주캔/22_X001_C058_1109_7/22_X001_C058_1109_7_4.jpg,Validation/labels/캔류/맥주캔/22_X001_C058_1109_7/22_X001_C058_1109_7_4.json,22_X001_C058_1109_7_4.jpg,캔류,맥주캔,캔류/맥주캔,1920,1440,1920,1440,True,실외,주간,1,1,1,True,0,2de8b585b0819155e1736d5ca2e384cdd1c3027d,True,
Validation,Validation/images/캔류/맥주캔/22_X001_C195_0927/22_X001_C195_0927_2.jpg,Validation/labels/캔류/맥주캔/22_X001_C195_0927/22_X001_C195_0927_2.json,22_X001_C195_0927_2.jpg,캔류,맥주캔,캔류/맥주캔,1920,1440,1920,1440,True,실외,주간,1,1,1,True,0,aed73da7842d6e4f579b665279475677ba671bfb,True,
Validation,Validation/images/캔류/스팸류/22_X001_C016_1013_5/22_X001_C016_1013_5_4.jpg,Validation/labels/캔류/스팸류/22_X001_C016_1013_5/22_X001_C016_1013_5_4.json,22_X001_C016_1013_5_4.jpg,캔류,스팸류,캔류/스팸류,1440,1920,1440,1920,True,실외,주간,1,1,1,True,0,a0c770467bd4b69c81d6f700f025e577c2363551,True,
Validation,Validation/images/캔류/스팸류/22_X001_C193_1111/22_X001_C193_1111_1.jpg,Validation/labels/캔류/스팸류/22_X001_C193_1111/22_X001_C193_1111_1.json,22_X001_C193_1111_1.jpg,캔류,스팸류,캔류/스팸류,1920,1440,1920,1440,True,실외,주간,1,1,1,True,0,48f80d101e0247d852359731e7e3d6d08bab4d9f,True,
Validation,Validation/images/캔류/음료수캔/22_X006_C163_1105/22_X006_C163_1105_1.jpg,Validation/labels/캔류/음료수캔/22_X006_C163_1105/22_X006_C163_1105_1.json,22_X006_C163_1105_1.jpg,캔류,음료수캔,캔류/음료수캔,1920,1080,1920,1080,True,실외,주간,1,1,1,True,0,0aaf663103cc044c83423158298b086fd9b607b3,True,
Validation,Validation/images/캔류/음료수캔/22_X010_C205_1106/22_X010_C205_1106_4.jpg,Validation/labels/캔류/음료수캔/22_X010_C205_1106/22_X010_C205_1106_4.json,22_X010_C205_1106_4.jpg,캔류,음료수캔,캔류/음료수캔,1920,1080,1920,1080,True,실외,주간,1,1,1,True,0,56fe59a30cec78a4947e6ac38aaf92359a8519dd,True,
Validation,Validation/images/캔류/참기름캔/22_X001_C318_1110_6/22_X001_C318_1110_6_4.jpg,Validation/labels/캔류/참기름캔/22_X001_C318_1110_6/22_X001_C318_1110_6_4.json,22_X001_C318_1110_6_4.jpg,캔류,참기름캔,캔류/참기름캔,1920,1440,1920,1440,True,실외,주간,1,1,1,True,0,fcd7077ffcceca22a2ebf47f08588e32c3d6df6e,True,
Validation,Validation/images/캔류/참기름캔/22_X002_C187_1112/22_X002_C187_1112_4.jpg,Validation/labels/캔류/참기름캔/22_X002_C187_1112/22_X002_C187_1112_4.json,22_X002_C187_1112_4.jpg,캔류,참기름캔,캔류/참기름캔,1920,1440,1920,1440,True,실외,주간,1,1,1,True,0,abcf6d8e883c3706a15f0547f3d4036c233eb3dd,True,
Validation,Validation/images/캔류/커피캔/22_X004_C014_1110/22_X004_C014_1110_3.jpg,Validation/labels/캔류/커피캔/22_X004_C014_1110/22_X004_C014_1110_3.json,22_X004_C014_1110_3.jpg,캔류,커피캔,캔류/커피캔,1920,1080,1920,1080,True,실외,주간,1,1,1,True,0,da5a4c0cfbf76038a59f2528cbaa62104b19bbca,True,
Validation,Validation/images/캔류/커피캔/22_X014_C038_1027/22_X014_C038_1027_0.jpg,Validation/labels/캔류/커피캔/22_X014_C038_1027/22_X014_C038_1027_0.json,22_X014_C038_1027_0.jpg,캔류,커피캔,캔류/커피캔,1920,1440,1920,1440,True,실외,주간,1,1,1,True,0,24736ef6dbbb0bc7f5c3edbceb0119a506938642,True,
Validation,Validation/images/캔류/통조림캔/22_X005_C026_1007/22_X005_C026_1007_1.jpg,Validation/labels/캔류/통조림캔/22_X005_C026_1007/22_X005_C026_1007_1.json,22_X005_C026_1007_1.jpg,캔류,통조림캔,캔류/통조림캔,1920,1440,1920,1440,True,실외,주간,1,1,1,True,0,9612ae99f975814d7f130265f94eb8cae299abc2,True,
Validation,Validation/images/캔류/통조림캔/22_X008_C509_0111/22_X008_C509_0111_3.jpg,Validation/labels/캔류/통조림캔/22_X008_C509_0111/22_X008_C509_0111_3.json,22_X008_C509_0111_3.jpg,캔류,통조림캔,캔류/통조림캔,1920,1440,1920,1440,True,실외,주간,1,1,1,True,0,80d24fb21427646a8cd6bdca54513ea878eb3991,True,
Validation,Validation/images/페트병/기타/23_X108_C509_0326/23_X108_C509_0326_4.jpg,Validation/labels/페트병/기타/23_X108_C509_0326/23_X108_C509_0326_4.json,23_X108_C509_0326_4.jpg,페트병,기타,페트병/기타,1440,1921,1440,1921,True,실외,주간,1,1,1,True,0,a04b383565c3d6404d9bfad1943b38403d3bdd33,True,
Validation,Validation/images/페트병/기타/23_X116_C499_0326/23_X116_C499_0326_0.jpg,Validation/labels/페트병/기타/23_X116_C499_0326/23_X116_C499_0326_0.json,23_X116_C499_0326_0.jpg,페트병,기타,페트병/기타,1440,1921,1440,1921,True,실외,주간,1,1,1,True,0,acf88265f86e6009f9c9d68e883ee1a2cba40770,True,
Validation,Validation/images/페트병/일회용음료수잔/23_X005_C166_0928/23_X005_C166_0928_2.jpg,Validation/labels/페트병/일회용음료수잔/23_X005_C166_0928/23_X005_C166_0928_2.json,23_X005_C166_0928_2.jpg,페트병,일회용음료수잔,페트병/일회용음료수잔,1921,1440,1921,1440,True,실외,주간,1,1,1,True,0,ea675a5e61e4dcfe2322a622fbc2b44708330cb2,True,
Validation,Validation/images/페트병/일회용음료수잔/23_X171_C510_0325/23_X171_C510_0325_2.jpg,Validation/labels/페트병/일회용음료수잔/23_X171_C510_0325/23_X171_C510_0325_2.json,23_X171_C510_0325_2.jpg,페트병,일회용음료수잔,페트병/일회용음료수잔,1440,1921,1440,1921,True,실외,주간,1,1,1,True,0,a829551684de95c281c655c588883034fb3e0c76,True,
Validation,Validation/images/페트병/페트병/23_X007_C184_1013/23_X007_C184_1013_0.jpg,Validation/labels/페트병/페트병/23_X007_C184_1013/23_X007_C184_1013_0.json,23_X007_C184_1013_0.jpg,페트병,페트병,페트병/페트병,2221,1080,2221,1080,True,실외,주간,1,1,1,True,0,a002cafa2d36682fb366ad3462e4ae63db5bb4ab,True,
Validation,Validation/images/페트병/페트병/23_X135_C509_0326/23_X135_C509_0326_4.jpg,Validation/labels/페트병/페트병/23_X135_C509_0326/23_X135_C509_0326_4.json,23_X135_C509_0326_4.jpg,페트병,페트병,페트병/페트병,1440,1921,1440,1921,True,실외,주간,1,1,1,True,0,f761b5787ca5b7e466aee79acc6b59410fc1bccf,True,
Validation,Validation/images/플라스틱류/기타/24_X007_C204_1007/24_X007_C204_1007_0.jpg,Validation/labels/플라스틱류/기타/24_X007_C204_1007/24_X007_C204_1007_0.json,24_X007_C204_1007_0.jpg,플라스틱류,기타,플라스틱류/기타,1921,1440,1921,1440,True,실외,주간,1,1,1,True,0,1c5c9d59016d2008028920b1adfcaaee6d9ff58c,True,
Validation,Validation/images/플라스틱류/기타/24_X024_C802_0221/24_X024_C802_0221_2.jpg,Validation/labels/플라스틱류/기타/24_X024_C802_0221/24_X024_C802_0221_2.json,24_X024_C802_0221_2.jpg,플라스틱류,기타,플라스틱류/기타,1921,1440,1921,1440,True,실외,주간,1,1,1,True,0,185e76bed21d170ebe3d8df1a9c5fe499bf94e6b,True,
Validation,Validation/images/플라스틱류/대용량플라스틱통/24_X006_C038_1112/24_X006_C038_1112_0.jpg,Validation/labels/플라스틱류/대용량플라스틱통/24_X006_C038_1112/24_X006_C038_1112_0.json,24_X006_C038_1112_0.jpg,플라스틱류,대용량플라스틱통,플라스틱류/대용량플라스틱통,1920,1080,1920,1080,True,실외,주간,1,1,1,True,0,e37469b6073fc0f6561380d914d8b80d5f323f7e,True,
Validation,Validation/images/플라스틱류/대용량플라스틱통/24_X018_C710_1215/24_X018_C710_1215_3.jpg,Validation/labels/플라스틱류/대용량플라스틱통/24_X018_C710_1215/24_X018_C710_1215_3.json,24_X018_C710_1215_3.jpg,플라스틱류,대용량플라스틱통,플라스틱류/대용량플라스틱통,1920,1440,1920,1440,True,실외,주간,1,1,1,True,0,e5fb760f93095d174089aa96179ff0e8942ee06a,True,
Validation,Validation/images/플라스틱류/밀폐용기/24_X056_C107_0322/24_X056_C107_0322_4.jpg,Validation/labels/플라스틱류/밀폐용기/24_X056_C107_0322/24_X056_C107_0322_4.json,24_X056_C107_0322_4.jpg,플라스틱류,밀폐용기,플라스틱류/밀폐용기,1921,1080,1921,1080,True,실내,주간,1,1,1,True,0,35b8d47a2198f29c16dd5e8b41b5a19faa1e754c,True,
Validation,Validation/images/플라스틱류/밀폐용기/24_X078_C107_0322/24_X078_C107_0322_3.jpg,Validation/labels/플라스틱류/밀폐용기/24_X078_C107_0322/24_X078_C107_0322_3.json,24_X078_C107_0322_3.jpg,플라스틱류,밀폐용기,플라스틱류/밀폐용기,1921,1080,1921,1080,True,실내,주간,1,1,1,True,0,e6fb2a98022f377f0c958266447544acf37c5edd,True,
Validation,Validation/images/플라스틱류/바구니/24_X005_C053_1216/24_X005_C053_1216_3.jpg,Validation/labels/플라스틱류/바구니/24_X005_C053_1216/24_X005_C053_1216_3.json,24_X005_C053_1216_3.jpg,플라스틱류,바구니,플라스틱류/바구니,1921,1080,1921,1080,True,실외,주간,2,2,2,True,0,b5be9229dac34226244e269c6f99ec75ef8588d8,True,
Validation,Validation/images/플라스틱류/바구니/24_X019_C504_1021/24_X019_C504_1021_4.jpg,Validation/labels/플라스틱류/바구니/24_X019_C504_1021/24_X019_C504_1021_4.json,24_X019_C504_1021_4.jpg,플라스틱류,바구니,플라스틱류/바구니,1440,1920,1440,1920,True,실외,주간,1,1,1,True,0,0c942855ef71d05af9db68e774a98fdf6eed327a,True,
Validation,Validation/images/플라스틱류/욕실용품/24_X023_C196_1203/24_X023_C196_1203_2.jpg,Validation/labels/플라스틱류/욕실용품/24_X023_C196_1203/24_X023_C196_1203_2.json,24_X023_C196_1203_2.jpg,플라스틱류,욕실용품,플라스틱류/욕실용품,1920,1080,1920,1080,True,실외,주간,2,2,2,True,0,8326aa18fbf7f78312c51c470786d734d500656d,True,
Validation,Validation/images/플라스틱류/욕실용품/24_X294_C501_0329/24_X294_C501_0329_3.jpg,Validation/labels/플라스틱류/욕실용품/24_X294_C501_0329/24_X294_C501_0329_3.json,24_X294_C501_0329_3.jpg,플라스틱류,욕실용품,플라스틱류/욕실용품,1921,1440,1921,1440,True,실내,주간,1,1,1,True,0,2a2c5125ef569c7d0277621f3ce4660d6305d902,True,
Validation,Validation/images/플라스틱류/장남감/24_X070_C509_0320/24_X070_C509_0320_1.jpg,Validation/labels/플라스틱류/장남감/24_X070_C509_0320/24_X070_C509_0320_1.json,24_X070_C509_0320_1.jpg,플라스틱류,장남감,플라스틱류/장남감,1921,1081,1921,1081,True,실내,주간,1,1,1,True,0,62c712b2068030b695ec63a2b390bb0e1aecb077,True,
Validation,Validation/images/플라스틱류/장남감/24_X499_C999_0328/24_X499_C999_0328_0.jpg,Validation/labels/플라스틱류/장남감/24_X499_C999_0328/24_X499_C999_0328_0.json,24_X499_C999_0328_0.jpg,플라스틱류,장남감,플라스틱류/장남감,1080,1921,1080,1921,True,실외,주간,1,1,1,True,0,489a4a457b7aaea5b577ef6b4f161c3ad44cda25,True,
Validation,Validation/images/형광등/LED전구/25_X002_C023_1203/25_X002_C023_1203_4.jpg,Validation/labels/형광등/LED전구/25_X002_C023_1203/25_X002_C023_1203_4.json,25_X002_C023_1203_4.jpg,형광등,LED전구,형광등/LED전구,1920,1080,1920,1080,True,실외,주간,2,2,2,True,0,d7a8b4b634921bc5d6e25c922afb0f4af8d74210,True,
Validation,Validation/images/형광등/LED전구/25_X005_C194_1201/25_X005_C194_1201_0.jpg,Validation/labels/형광등/LED전구/25_X005_C194_1201/25_X005_C194_1201_0.json,25_X005_C194_1201_0.jpg,형광등,LED전구,형광등/LED전구,1920,1080,1920,1080,True,실외,주간,1,1,1,True,0,e4bf9f525edb684e3a5e59e0070b7688df552dae,True,
Validation,Validation/images/형광등/백열전구/25_X008_C193_1208/25_X008_C193_1208_4.jpg,Validation/labels/형광등/백열전구/25_X008_C193_1208/25_X008_C193_1208_4.json,25_X008_C193_1208_4.jpg,형광등,백열전구,형광등/백열전구,1920,1440,1920,1440,True,실외,주간,1,1,1,True,0,37a4ea6293012097882ad03949e7779a2b4565c8,True,
Validation,Validation/images/형광등/백열전구/25_X038_C509_0111/25_X038_C509_0111_4.jpg,Validation/labels/형광등/백열전구/25_X038_C509_0111/25_X038_C509_0111_4.json,25_X038_C509_0111_4.jpg,형광등,백열전구,형광등/백열전구,1920,1920,1920,1920,True,실외,주간,1,1,1,True,0,c0509f4c3fdcdb82e39de891f360c1108844a307,True,
Validation,Validation/images/형광등/안정기내장형/25_X006_C061_1113/25_X006_C061_1113_2.jpg,Validation/labels/형광등/안정기내장형/25_X006_C061_1113/25_X006_C061_1113_2.json,25_X006_C061_1113_2.jpg,형광등,안정기내장형,형광등/안정기내장형,1920,1080,1920,1080,True,실외,주간,1,1,1,True,0,35707db13ee42d9c8866fcd9763fd9809c05f1f0,True,
Validation,Validation/images/형광등/안정기내장형/25_X052_C900_1225/25_X052_C900_1225_1.jpg,Validation/labels/형광등/안정기내장형/25_X052_C900_1225/25_X052_C900_1225_1.json,25_X052_C900_1225_1.jpg,형광등,안정기내장형,형광등/안정기내장형,1920,1080,1920,1080,True,실외,주간,1,1,1,True,0,d63161ff4ed5c98ca36cffa250337407397a4275,True,
Validation,Validation/images/형광등/직관형/25_X005_C038_1102/25_X005_C038_1102_3.jpg,Validation/labels/형광등/직관형/25_X005_C038_1102/25_X005_C038_1102_3.json,25_X005_C038_1102_3.jpg,형광등,직관형,형광등/직관형,1920,1440,1920,1440,True,실외,주간,1,1,1,True,0,afbeaf63a11d2b523597fb5b922029e971ec34f6,True,
Validation,Validation/images/형광등/직관형/25_X311_C900_1104/25_X311_C900_1104_3.jpg,Validation/labels/형광등/직관형/25_X311_C900_1104/25_X311_C900_1104_3.json,25_X311_C900_1104_3.jpg,형광등,직관형,형광등/직관형,1920,1440,1920,1440,True,실외,주간,1,1,1,True,0,9fc7287464e403849ac237ac7c7b19c41232c0c3,True,
Validation,Validation/images/형광등/콤팩트형/25_X003_C015_1030/25_X003_C015_1030_2.jpg,Validation/labels/형광등/콤팩트형/25_X003_C015_1030/25_X003_C015_1030_2.json,25_X003_C015_1030_2.jpg,형광등,콤팩트형,형광등/콤팩트형,1920,1080,1920,1080,True,실외,주간,1,1,1,True,0,31bb984e4717e2a67958a9a17e46506f56720f61,True,
Validation,Validation/images/형광등/콤팩트형/25_X092_C900_1110/25_X092_C900_1110_1.jpg,Validation/labels/형광등/콤팩트형/25_X092_C900_1110/25_X092_C900_1110_1.json,25_X092_C900_1110_1.jpg,형광등,콤팩트형,형광등/콤팩트형,1920,1080,1920,1080,True,실외,주간,1,1,1,True,0,8e0946da1ff2279281977ce420cbdb143c40676c,True,
Validation,Validation/images/형광등/환형/25_X006_C014_1201/25_X006_C014_1201_2.jpg,Validation/labels/형광등/환형/25_X006_C014_1201/25_X006_C014_1201_2.json,25_X006_C014_1201_2.jpg,형광등,환형,형광등/환형,2222,1080,2222,1080,True,실외,주간,1,1,1,True,0,06a3c4fd7537f2ababff724facc56e377c66ab4a,True,
Validation,Validation/images/형광등/환형/25_X010_C331_1102/25_X010_C331_1102_4.jpg,Validation/labels/형광등/환형/25_X010_C331_1102/25_X010_C331_1102_4.json,25_X010_C331_1102_4.jpg,형광등,환형,형광등/환형,1920,1440,1920,1440,True,실외,주간,1,1,1,True,0,645080874d1df3f16e7217434ac8741f0b50bbb0,True,
