split,image_member,json_member,object_index,folder_target_class,object_major,object_detail,object_class,is_target_object,is_known_training_class,source_geometry,x1,y1,x2,y2,bbox_width,bbox_height,bbox_area_ratio,bbox_aspect_ratio
Training,Training/images/고철류/고철/12_X001_C024_1123/12_X001_C024_1123_1.jpg,Training/labels/고철류/고철/12_X001_C024_1123/12_X001_C024_1123_1.json,0,고철류/고철,고철류,고철,고철류/고철,True,True,BOX,86.0,379.0,1798.0,771.0,1712.0,392.0,0.32364197530864197,4.36734693877551
Training,Training/images/고철류/고철/12_X002_C023_1211/12_X002_C023_1211_4.jpg,Training/labels/고철류/고철/12_X002_C023_1211/12_X002_C023_1211_4.json,0,고철류/고철,고철류,고철,고철류/고철,True,True,BOX,279.0,532.0,945.0,823.0,666.0,291.0,0.09346354166666666,2.288659793814433
Training,Training/images/고철류/고철/12_X002_C023_1211/12_X002_C023_1211_4.jpg,Training/labels/고철류/고철/12_X002_C023_1211/12_X002_C023_1211_4.json,1,고철류/고철,고철류,고철,고철류/고철,True,True,BOX,1027.0,401.0,1623.0,692.0,596.0,291.0,0.0836400462962963,2.0481099656357387
Training,Training/images/고철류/고철/12_X003_C044_1105/12_X003_C044_1105_0.jpg,Training/labels/고철류/고철/12_X003_C044_1105/12_X003_C044_1105_0.json,0,고철류/고철,고철류,고철,고철류/고철,True,True,POLYGON->BOX,339.0,734.0,3327.0,1964.0,2988.0,1230.0,0.3014278628117914,2.4292682926829268
Training,Training/images/고철류/고철/12_X004_C055_1027/12_X004_C055_1027_4.jpg,Training/labels/고철류/고철/12_X004_C055_1027/12_X004_C055_1027_4.json,0,고철류/고철,고철류,고철,고철류/고철,True,True,BOX,687.0,198.0,1452.0,867.0,765.0,669.0,0.185107421875,1.1434977578475336
Training,Training/images/고철류/고철/12_X006_C195_1117/12_X006_C195_1117_3.jpg,Training/labels/고철류/고철/12_X006_C195_1117/12_X006_C195_1117_3.json,0,고철류/고철,고철류,고철,고철류/고철,True,True,BOX,781.0,279.0,1258.0,1012.0,477.0,733.0,0.12646158854166667,0.6507503410641201
Training,Training/images/고철류/고철/12_X009_C024_1214/12_X009_C024_1214_5.jpg,Training/labels/고철류/고철/12_X009_C024_1214/12_X009_C024_1214_5.json,0,고철류/고철,고철류,고철,고철류/고철,True,True,BOX,767.0,197.0,1239.0,514.0,472.0,317.0,0.07215663580246913,1.4889589905362777
Training,Training/images/고철류/고철/12_X009_C024_1214/12_X009_C024_1214_5.jpg,Training/labels/고철류/고철/12_X009_C024_1214/12_X009_C024_1214_5.json,1,고철류/고철,고철류,고철,고철류/고철,True,True,BOX,748.0,591.0,1356.0,1002.0,608.0,411.0,0.12050925925925926,1.4793187347931873
Training,Training/images/고철류/고철/12_X010_C193_1208/12_X010_C193_1208_4.jpg,Training/labels/고철류/고철/12_X010_C193_1208/12_X010_C193_1208_4.json,0,고철류/고철,고철류,고철,고철류/고철,True,True,BOX,396.0,218.0,954.0,486.0,558.0,268.0,0.05408854166666666,2.082089552238806
Training,Training/images/고철류/고철/12_X010_C193_1208/12_X010_C193_1208_4.jpg,Training/labels/고철류/고철/12_X010_C193_1208/12_X010_C193_1208_4.json,1,고철류/고철,고철류,고철,고철류/고철,True,True,BOX,1065.0,268.0,1711.0,515.0,646.0,247.0,0.057711950231481485,2.6153846153846154
Training,Training/images/고철류/고철/12_X046_C900_1218/12_X046_C900_1218_0.jpg,Training/labels/고철류/고철/12_X046_C900_1218/12_X046_C900_1218_0.json,0,고철류/고철,고철류,고철,고철류/고철,True,True,POLYGON->BOX,614.0,980.0,775.0,1131.0,161.0,151.0,0.006594780815972222,1.0662251655629138
Training,Training/images/고철류/고철/12_X058_C803_0218/12_X058_C803_0218_2.jpg,Training/labels/고철류/고철/12_X058_C803_0218/12_X058_C803_0218_2.json,0,고철류/고철,고철류,고철,고철류/고철,True,True,BOX,709.0,250.0,1225.0,857.0,516.0,607.0,0.15075069235811833,0.8500823723228995
Training,Training/images/고철류/골프채/12_X011_C976_0319/12_X011_C976_0319_0.jpg,Training/labels/고철류/골프채/12_X011_C976_0319/12_X011_C976_0319_0.json,0,고철류/골프채,고철류,골프채,고철류/골프채,True,True,BOX,736.0,577.0,857.0,1705.0,121.0,1128.0,0.04934062120423391,0.10726950354609929
Training,Training/images/고철류/골프채/12_X011_C979_0319/12_X011_C979_0319_3.jpg,Training/labels/고철류/골프채/12_X011_C979_0319/12_X011_C979_0319_3.json,0,고철류/골프채,고철류,골프채,고철류/골프채,True,True,BOX,804.0,38.0,1138.0,981.0,334.0,943.0,0.1518123276842694,0.35418875927889715
Training,Training/images/고철류/골프채/12_X014_C500_0319/12_X014_C500_0319_4.jpg,Training/labels/고철류/골프채/12_X014_C500_0319/12_X014_C500_0319_4.json,0,고철류/골프채,고철류,골프채,고철류/골프채,True,True,BOX,70.0,467.0,1252.0,735.0,1182.0,268.0,0.11451500954364047,4.41044776119403
Training,Training/images/고철류/골프채/12_X024_C979_0318/12_X024_C979_0318_0.jpg,Training/labels/고철류/골프채/12_X024_C979_0318/12_X024_C979_0318_0.json,0,고철류/골프채,고철류,골프채,고철류/골프채,True,True,BOX,824.0,166.0,1072.0,761.0,248.0,595.0,0.07112422156669944,0.41680672268907565
Training,Training/images/고철류/골프채/12_X027_C509_0328/12_X027_C509_0328_0.jpg,Training/labels/고철류/골프채/12_X027_C509_0328/12_X027_C509_0328_0.json,0,고철류/골프채,고철류,골프채,고철류/골프채,True,True,BOX,166.0,742.0,1470.0,859.0,1304.0,117.0,0.05515356585111921,11.145299145299145
Training,Training/images/고철류/골프채/12_X029_C973_0319/12_X029_C973_0319_3.jpg,Training/labels/고철류/골프채/12_X029_C973_0319/12_X029_C973_0319_3.json,0,고철류/골프채,고철류,골프채,고철류/골프채,True,True,BOX,202.0,518.0,1432.0,1486.0,1230.0,968.0,0.4304181849731043,1.2706611570247934
Training,Training/images/고철류/골프채/12_X095_C973_0318/12_X095_C973_0318_3.jpg,Training/labels/고철류/골프채/12_X095_C973_0318/12_X095_C973_0318_3.json,0,고철류/골프채,고철류,골프채,고철류/골프채,True,True,BOX,239.0,110.0,1685.0,1361.0,1446.0,1251.0,0.6539367516918272,1.1558752997601918
Training,Training/images/고철류/골프채/12_X105_C500_0319/12_X105_C500_0319_4.jpg,Training/labels/고철류/골프채/12_X105_C500_0319/12_X105_C500_0319_4.json,0,고철류/골프채,고철류,골프채,고철류/골프채,True,True,BOX,41.0,542.0,1274.0,948.0,1233.0,406.0,0.18096694429984383,3.0369458128078817
Training,Training/images/고철류/골프채/12_X169_C500_0319/12_X169_C500_0319_0.jpg,Training/labels/고철류/골프채/12_X169_C500_0319/12_X169_C500_0319_0.json,0,고철류/골프채,고철류,골프채,고철류/골프채,True,True,BOX,555.0,305.0,669.0,952.0,114.0,647.0,0.026663630053791427,0.17619783616692428
Training,Training/images/고철류/기타/12_X001_C055_0131/12_X001_C055_0131_1.jpg,Training/labels/고철류/기타/12_X001_C055_0131/12_X001_C055_0131_1.json,0,고철류/기타,고철류,기타,고철류/기타,True,True,BOX,516.0,360.0,1208.0,853.0,692.0,493.0,0.1642002962917328,1.4036511156186613
Training,Training/images/고철류/기타/12_X005_C323_0201/12_X005_C323_0201_3.jpg,Training/labels/고철류/기타/12_X005_C323_0201/12_X005_C323_0201_3.json,0,고철류/기타,고철류,기타,고철류/기타,True,True,BOX,577.0,197.0,1392.0,814.0,815.0,617.0,0.24202693193664862,1.320907617504052
Training,Training/images/고철류/기타/12_X006_C055_0131/12_X006_C055_0131_3.jpg,Training/labels/고철류/기타/12_X006_C055_0131/12_X006_C055_0131_3.json,0,고철류/기타,고철류,기타,고철류/기타,True,True,BOX,510.0,52.0,1106.0,843.0,596.0,791.0,0.22690479101229158,0.7534766118836915
Training,Training/images/고철류/기타/12_X008_C058_0201/12_X008_C058_0201_2.jpg,Training/labels/고철류/기타/12_X008_C058_0201/12_X008_C058_0201_2.json,0,고철류/기타,고철류,기타,고철류/기타,True,True,BOX,713.0,383.0,1323.0,991.0,610.0,608.0,0.1340736884724391,1.0032894736842106
Training,Training/images/고철류/기타/12_X010_C055_0129/12_X010_C055_0129_4.jpg,Training/labels/고철류/기타/12_X010_C055_0129/12_X010_C055_0129_4.json,0,고철류/기타,고철류,기타,고철류/기타,True,True,BOX,636.0,47.0,1600.0,642.0,964.0,595.0,0.2760672711223373,1.6201680672268908
Training,Training/images/고철류/기타/12_X012_C058_0201/12_X012_C058_0201_0.jpg,Training/labels/고철류/기타/12_X012_C058_0201/12_X012_C058_0201_0.json,0,고철류/기타,고철류,기타,고철류/기타,True,True,BOX,967.0,171.0,1363.0,1232.0,396.0,1061.0,0.1518870380010411,0.37323279924599434
Training,Training/images/고철류/기타/12_X014_C058_0201/12_X014_C058_0201_4.jpg,Training/labels/고철류/기타/12_X014_C058_0201/12_X014_C058_0201_4.json,0,고철류/기타,고철류,기타,고철류/기타,True,True,BOX,1033.0,438.0,1279.0,676.0,246.0,238.0,0.02116519174041298,1.0336134453781514
Training,Training/images/고철류/기타/12_X019_C171_0129/12_X019_C171_0129_3.jpg,Training/labels/고철류/기타/12_X019_C171_0129/12_X019_C171_0129_3.json,0,고철류/기타,고철류,기타,고철류/기타,True,True,BOX,325.0,268.0,1547.0,1173.0,1222.0,905.0,0.39978816010179885,1.3502762430939226
Training,Training/images/고철류/기타/12_X022_C171_0129/12_X022_C171_0129_1.jpg,Training/labels/고철류/기타/12_X022_C171_0129/12_X022_C171_0129_1.json,0,고철류/기타,고철류,기타,고철류/기타,True,True,BOX,255.0,261.0,1609.0,1121.0,1354.0,860.0,0.420946844814622,1.5744186046511628
Training,Training/images/고철류/비철금속/12_X001_C022_0928/12_X001_C022_0928_0.jpg,Training/labels/고철류/비철금속/12_X001_C022_0928/12_X001_C022_0928_0.json,0,고철류/비철금속,고철류,비철금속,고철류/비철금속,True,True,BOX,391.0,385.0,1591.0,1342.0,1200.0,957.0,0.4153645833333333,1.2539184952978057
Training,Training/images/고철류/비철금속/12_X001_C162_1111/12_X001_C162_1111_2.jpg,Training/labels/고철류/비철금속/12_X001_C162_1111/12_X001_C162_1111_2.json,0,고철류/비철금속,고철류,비철금속,고철류/비철금속,True,True,BOX,824.0,361.0,1260.0,1178.0,436.0,817.0,0.12883825231481483,0.5336597307221542
Training,Training/images/고철류/비철금속/12_X001_C205_1005/12_X001_C205_1005_1.jpg,Training/labels/고철류/비철금속/12_X001_C205_1005/12_X001_C205_1005_1.json,0,고철류/비철금속,고철류,비철금속,고철류/비철금속,True,True,BOX,653.0,176.0,1320.0,800.0,667.0,624.0,0.2007175925925926,1.0689102564102564
Training,Training/images/고철류/비철금속/12_X004_C026_0924/12_X004_C026_0924_0.jpg,Training/labels/고철류/비철금속/12_X004_C026_0924/12_X004_C026_0924_0.json,0,고철류/비철금속,고철류,비철금속,고철류/비철금속,True,True,BOX,478.0,470.0,1503.0,1078.0,1025.0,608.0,0.2254050925925926,1.6858552631578947
Training,Training/images/고철류/비철금속/12_X006_C189_1112/12_X006_C189_1112_1.jpg,Training/labels/고철류/비철금속/12_X006_C189_1112/12_X006_C189_1112_1.json,0,고철류/비철금속,고철류,비철금속,고철류/비철금속,True,True,BOX,425.0,490.0,1202.0,984.0,777.0,494.0,0.10412272135416667,1.5728744939271255
Training,Training/images/고철류/비철금속/12_X008_C709_1215/12_X008_C709_1215_0.jpg,Training/labels/고철류/비철금속/12_X008_C709_1215/12_X008_C709_1215_0.json,0,고철류/비철금속,고철류,비철금속,고철류/비철금속,True,True,BOX,132.0,474.0,1824.0,834.0,1692.0,360.0,0.2203125,4.7
Training,Training/images/고철류/비철금속/12_X010_C324_1123/12_X010_C324_1123_3.jpg,Training/labels/고철류/비철금속/12_X010_C324_1123/12_X010_C324_1123_3.json,0,고철류/비철금속,고철류,비철금속,고철류/비철금속,True,True,BOX,388.0,603.0,1861.0,776.0,1473.0,173.0,0.09216905381944444,8.514450867052023
Training,Training/images/고철류/비철금속/12_X011_C187_1112/12_X011_C187_1112_2.jpg,Training/labels/고철류/비철금속/12_X011_C187_1112/12_X011_C187_1112_2.json,0,고철류/비철금속,고철류,비철금속,고철류/비철금속,True,True,BOX,553.0,131.0,1743.0,1287.0,1190.0,1156.0,0.49755497685185185,1.0294117647058822
Training,Training/images/고철류/비철금속/12_X024_C053_1111/12_X024_C053_1111_0.jpg,Training/labels/고철류/비철금속/12_X024_C053_1111/12_X024_C053_1111_0.json,0,고철류/비철금속,고철류,비철금속,고철류/비철금속,True,True,BOX,408.0,175.0,1526.0,933.0,1118.0,758.0,0.40868248456790124,1.474934036939314
Training,Training/images/고철류/전기프라이팬/12_X001_C058_0202/12_X001_C058_0202_2.jpg,Training/labels/고철류/전기프라이팬/12_X001_C058_0202/12_X001_C058_0202_2.json,0,고철류/전기프라이팬,고철류,전기프라이팬,고철류/전기프라이팬,True,True,BOX,435.0,168.0,1601.0,715.0,1166.0,547.0,0.23056640060153855,2.1316270566727606
Training,Training/images/고철류/전기프라이팬/12_X001_C058_0202/12_X001_C058_0202_2.jpg,Training/labels/고철류/전기프라이팬/12_X001_C058_0202/12_X001_C058_0202_2.json,1,고철류/전기프라이팬,나무,액자,나무/액자,False,True,BOX,873.0,949.0,1134.0,1155.0,261.0,206.0,0.01943649141072358,1.266990291262136
Training,Training/images/고철류/전기프라이팬/12_X001_C163_0108/12_X001_C163_0108_4.jpg,Training/labels/고철류/전기프라이팬/12_X001_C163_0108/12_X001_C163_0108_4.json,0,고철류/전기프라이팬,고철류,전기프라이팬,고철류/전기프라이팬,True,True,BOX,130.0,328.0,1664.0,872.0,1534.0,544.0,0.3016715830875123,2.8198529411764706
Training,Training/images/고철류/전기프라이팬/12_X001_C171_1007/12_X001_C171_1007_3.jpg,Training/labels/고철류/전기프라이팬/12_X001_C171_1007/12_X001_C171_1007_3.json,0,고철류/전기프라이팬,고철류,전기프라이팬,고철류/전기프라이팬,True,True,BOX,475.0,203.0,1288.0,1014.0,813.0,811.0,0.23847764756944445,1.002466091245376
Training,Training/images/고철류/전기프라이팬/12_X005_C187_1023/12_X005_C187_1023_1.jpg,Training/labels/고철류/전기프라이팬/12_X005_C187_1023/12_X005_C187_1023_1.json,0,고철류/전기프라이팬,고철류,전기프라이팬,고철류/전기프라이팬,True,True,BOX,115.0,307.0,1828.0,963.0,1713.0,656.0,0.4064409722222222,2.611280487804878
Training,Training/images/고철류/전기프라이팬/12_X009_C024_1112/12_X009_C024_1112_0.jpg,Training/labels/고철류/전기프라이팬/12_X009_C024_1112/12_X009_C024_1112_0.json,0,고철류/전기프라이팬,고철류,전기프라이팬,고철류/전기프라이팬,True,True,BOX,144.0,197.0,1825.0,898.0,1681.0,701.0,0.4262084056712963,2.398002853067047
Training,Training/images/고철류/전기프라이팬/12_X009_C193_1116/12_X009_C193_1116_0.jpg,Training/labels/고철류/전기프라이팬/12_X009_C193_1116/12_X009_C193_1116_0.json,0,고철류/전기프라이팬,고철류,전기프라이팬,고철류/전기프라이팬,True,True,BOX,387.0,272.0,1662.0,1041.0,1275.0,769.0,0.3546278211805556,1.6579973992197659
Training,Training/images/고철류/전기프라이팬/12_X012_C188_1127/12_X012_C188_1127_2.jpg,Training/labels/고철류/전기프라이팬/12_X012_C188_1127/12_X012_C188_1127_2.json,0,고철류/전기프라이팬,고철류,전기프라이팬,고철류/전기프라이팬,True,True,BOX,512.0,186.0,1437.0,1242.0,925.0,1056.0,0.3532986111111111,0.8759469696969697
Training,Training/images/고철류/전기프라이팬/12_X012_C331_1117/12_X012_C331_1117_1.jpg,Training/labels/고철류/전기프라이팬/12_X012_C331_1117/12_X012_C331_1117_1.json,0,고철류/전기프라이팬,고철류,전기프라이팬,고철류/전기프라이팬,True,True,BOX,278.0,491.0,1726.0,941.0,1448.0,450.0,0.2355543987506507,3.2177777777777776
Training,Training/images/고철류/전기프라이팬/12_X062_C709_1216/12_X062_C709_1216_2.jpg,Training/labels/고철류/전기프라이팬/12_X062_C709_1216/12_X062_C709_1216_2.json,0,고철류/전기프라이팬,고철류,전기프라이팬,고철류/전기프라이팬,True,True,BOX,296.0,437.0,1347.0,1243.0,1051.0,806.0,0.3063896122685185,1.303970223325062
Training,Training/images/고철류/주전자/12_X001_C331_1210/12_X001_C331_1210_4.jpg,Training/labels/고철류/주전자/12_X001_C331_1210/12_X001_C331_1210_4.json,0,고철류/주전자,고철류,주전자,고철류/주전자,True,True,BOX,143.0,348.0,813.0,879.0,670.0,531.0,0.12867838541666668,1.2617702448210923
Training,Training/images/고철류/주전자/12_X001_C331_1210/12_X001_C331_1210_4.jpg,Training/labels/고철류/주전자/12_X001_C331_1210/12_X001_C331_1210_4.json,1,고철류/주전자,고철류,고철,고철류/고철,False,True,BOX,995.0,629.0,1645.0,1168.0,650.0,539.0,0.12671802662037038,1.2059369202226344
Training,Training/images/고철류/주전자/12_X001_C333_1110/12_X001_C333_1110_2.jpg,Training/labels/고철류/주전자/12_X001_C333_1110/12_X001_C333_1110_2.json,0,고철류/주전자,고철류,주전자,고철류/주전자,True,True,BOX,570.0,109.0,1461.0,804.0,891.0,695.0,0.25114980289093297,1.2820143884892086
Training,Training/images/고철류/주전자/12_X002_C194_1023/12_X002_C194_1023_0.jpg,Training/labels/고철류/주전자/12_X002_C194_1023/12_X002_C194_1023_0.json,0,고철류/주전자,고철류,주전자,고철류/주전자,True,True,BOX,655.0,105.0,1178.0,777.0,523.0,672.0,0.16949074074074075,0.7782738095238095
Training,Training/images/고철류/주전자/12_X005_C189_1123/12_X005_C189_1123_0.jpg,Training/labels/고철류/주전자/12_X005_C189_1123/12_X005_C189_1123_0.json,0,고철류/주전자,고철류,주전자,고철류/주전자,True,True,BOX,917.0,161.0,1201.0,781.0,284.0,620.0,0.047764756944444445,0.45806451612903226
Training,Training/images/고철류/주전자/12_X006_C331_1118/12_X006_C331_1118_4.jpg,Training/labels/고철류/주전자/12_X006_C331_1118/12_X006_C331_1118_4.json,0,고철류/주전자,고철류,주전자,고철류/주전자,True,True,BOX,310.0,261.0,1371.0,1109.0,1061.0,848.0,0.3254224537037037,1.2511792452830188
Training,Training/images/고철류/주전자/12_X008_C058_1105/12_X008_C058_1105_1.jpg,Training/labels/고철류/주전자/12_X008_C058_1105/12_X008_C058_1105_1.json,0,고철류/주전자,고철류,주전자,고철류/주전자,True,True,BOX,682.0,240.0,1432.0,1203.0,750.0,963.0,0.26123046875,0.778816199376947
Training,Training/images/고철류/주전자/12_X009_C172_1127/12_X009_C172_1127_3.jpg,Training/labels/고철류/주전자/12_X009_C172_1127/12_X009_C172_1127_3.json,0,고철류/주전자,고철류,주전자,고철류/주전자,True,True,BOX,777.0,532.0,1248.0,977.0,471.0,445.0,0.07580837673611111,1.0584269662921348
Training,Training/images/고철류/주전자/12_X011_C178_1127/12_X011_C178_1127_4.jpg,Training/labels/고철류/주전자/12_X011_C178_1127/12_X011_C178_1127_4.json,0,고철류/주전자,고철류,주전자,고철류/주전자,True,True,BOX,594.0,217.0,1350.0,1094.0,756.0,877.0,0.23967985424258198,0.8620296465222349
Training,Training/images/고철류/주전자/12_X021_C172_0107/12_X021_C172_0107_2.jpg,Training/labels/고철류/주전자/12_X021_C172_0107/12_X021_C172_0107_2.json,0,고철류/주전자,고철류,주전자,고철류/주전자,True,True,BOX,685.0,312.0,1381.0,907.0,696.0,595.0,0.1497829861111111,1.169747899159664
Training,Training/images/고철류/철옷걸이/12_X001_C211_1208/12_X001_C211_1208_3.jpg,Training/labels/고철류/철옷걸이/12_X001_C211_1208/12_X001_C211_1208_3.json,0,고철류/철옷걸이,고철류,철옷걸이,고철류/철옷걸이,True,True,BOX,807.0,153.0,1088.0,477.0,281.0,324.0,0.0329296875,0.8672839506172839
Training,Training/images/고철류/철옷걸이/12_X001_C211_1208/12_X001_C211_1208_3.jpg,Training/labels/고철류/철옷걸이/12_X001_C211_1208/12_X001_C211_1208_3.json,1,고철류/철옷걸이,고철류,철옷걸이,고철류/철옷걸이,True,True,BOX,690.0,661.0,1164.0,1267.0,474.0,606.0,0.10389322916666667,0.7821782178217822
Training,Training/images/고철류/철옷걸이/12_X003_C163_1202/12_X003_C163_1202_2.jpg,Training/labels/고철류/철옷걸이/12_X003_C163_1202/12_X003_C163_1202_2.json,0,고철류/철옷걸이,고철류,철옷걸이,고철류/철옷걸이,True,True,BOX,1023.0,641.0,1742.0,975.0,719.0,334.0,0.08685836226851852,2.1526946107784433
Training,Training/images/고철류/철옷걸이/12_X003_C163_1202/12_X003_C163_1202_2.jpg,Training/labels/고철류/철옷걸이/12_X003_C163_1202/12_X003_C163_1202_2.json,1,고철류/철옷걸이,고철류,철옷걸이,고철류/철옷걸이,True,True,BOX,113.0,660.0,926.0,1023.0,813.0,363.0,0.10674153645833333,2.239669421487603
Training,Training/images/고철류/철옷걸이/12_X006_C163_1207/12_X006_C163_1207_0.jpg,Training/labels/고철류/철옷걸이/12_X006_C163_1207/12_X006_C163_1207_0.json,0,고철류/철옷걸이,고철류,철옷걸이,고철류/철옷걸이,True,True,BOX,276.0,349.0,637.0,1135.0,361.0,786.0,0.10262803819444444,0.4592875318066158
Training,Training/images/고철류/철옷걸이/12_X006_C163_1207/12_X006_C163_1207_0.jpg,Training/labels/고철류/철옷걸이/12_X006_C163_1207/12_X006_C163_1207_0.json,1,고철류/철옷걸이,고철류,철옷걸이,고철류/철옷걸이,True,True,BOX,1068.0,393.0,1341.0,1044.0,273.0,651.0,0.06428059895833334,0.41935483870967744
Training,Training/images/고철류/철옷걸이/12_X006_C169_1123/12_X006_C169_1123_4.jpg,Training/labels/고철류/철옷걸이/12_X006_C169_1123/12_X006_C169_1123_4.json,0,고철류/철옷걸이,고철류,철옷걸이,고철류/철옷걸이,True,True,BOX,550.0,95.0,1221.0,809.0,671.0,714.0,0.2307106661318183,0.9397759103641457
Training,Training/images/고철류/철옷걸이/12_X008_C052_1022/12_X008_C052_1022_2.jpg,Training/labels/고철류/철옷걸이/12_X008_C052_1022/12_X008_C052_1022_2.json,0,고철류/철옷걸이,고철류,철옷걸이,고철류/철옷걸이,True,True,BOX,208.0,470.0,1909.0,1128.0,1701.0,658.0,0.40482421875,2.5851063829787235
Training,Training/images/고철류/철옷걸이/12_X008_C169_1120/12_X008_C169_1120_1.jpg,Training/labels/고철류/철옷걸이/12_X008_C169_1120/12_X008_C169_1120_1.json,0,고철류/철옷걸이,고철류,철옷걸이,고철류/철옷걸이,True,True,BOX,390.0,241.0,1681.0,868.0,1291.0,627.0,0.29277235243055555,2.059011164274322
Training,Training/images/고철류/철옷걸이/12_X025_C193_1123/12_X025_C193_1123_1.jpg,Training/labels/고철류/철옷걸이/12_X025_C193_1123/12_X025_C193_1123_1.json,0,고철류/철옷걸이,고철류,철옷걸이,고철류/철옷걸이,True,True,BOX,533.0,228.0,1718.0,1088.0,1185.0,860.0,0.3685980902777778,1.377906976744186
Training,Training/images/고철류/철옷걸이/12_X062_C509_0409/12_X062_C509_0409_3.jpg,Training/labels/고철류/철옷걸이/12_X062_C509_0409/12_X062_C509_0409_3.json,0,고철류/철옷걸이,고철류,철옷걸이,고철류/철옷걸이,True,True,POLYGON->BOX,442.0,426.0,1478.0,1115.0,1036.0,689.0,0.258041240094858,1.5036284470246735
Training,Training/images/고철류/철옷걸이/12_X087_C058_0129/12_X087_C058_0129_0.jpg,Training/labels/고철류/철옷걸이/12_X087_C058_0129/12_X087_C058_0129_0.json,0,고철류/철옷걸이,고철류,철옷걸이,고철류/철옷걸이,True,True,BOX,461.0,305.0,1721.0,788.0,1260.0,483.0,0.22000260281103592,2.608695652173913
Training,Training/images/고철류/프라이팬/12_X001_C169_1102/12_X001_C169_1102_1.jpg,Training/labels/고철류/프라이팬/12_X001_C169_1102/12_X001_C169_1102_1.json,0,고철류/프라이팬,고철류,프라이팬,고철류/프라이팬,True,True,BOX,591.0,102.0,1297.0,1188.0,706.0,1086.0,0.27731336805555556,0.6500920810313076
Training,Training/images/고철류/프라이팬/12_X001_C190_1113/12_X001_C190_1113_3.jpg,Training/labels/고철류/프라이팬/12_X001_C190_1113/12_X001_C190_1113_3.json,0,고철류/프라이팬,고철류,프라이팬,고철류/프라이팬,True,True,BOX,285.0,352.0,1414.0,921.0,1129.0,569.0,0.23234989872685186,1.984182776801406
Training,Training/images/고철류/프라이팬/12_X002_C331_1127/12_X002_C331_1127_3.jpg,Training/labels/고철류/프라이팬/12_X002_C331_1127/12_X002_C331_1127_3.json,0,고철류/프라이팬,고철류,프라이팬,고철류/프라이팬,True,True,BOX,264.0,551.0,1675.0,1174.0,1411.0,623.0,0.3179445167824074,2.264847512038523
Training,Training/images/고철류/프라이팬/12_X005_C015_1119/12_X005_C015_1119_4.jpg,Training/labels/고철류/프라이팬/12_X005_C015_1119/12_X005_C015_1119_4.json,0,고철류/프라이팬,고철류,프라이팬,고철류/프라이팬,True,True,BOX,415.0,130.0,1284.0,930.0,869.0,800.0,0.33526234567901236,1.08625
Training,Training/images/고철류/프라이팬/12_X008_C331_1103/12_X008_C331_1103_1.jpg,Training/labels/고철류/프라이팬/12_X008_C331_1103/12_X008_C331_1103_1.json,0,고철류/프라이팬,고철류,프라이팬,고철류/프라이팬,True,True,BOX,103.0,472.0,1529.0,990.0,1426.0,518.0,0.2671686921296296,2.752895752895753
Training,Training/images/고철류/프라이팬/12_X013_C172_0127/12_X013_C172_0127_3.jpg,Training/labels/고철류/프라이팬/12_X013_C172_0127/12_X013_C172_0127_3.json,0,고철류/프라이팬,고철류,프라이팬,고철류/프라이팬,True,True,BOX,506.0,415.0,862.0,1025.0,356.0,610.0,0.0785036728555729,0.5836065573770491
Training,Training/images/고철류/프라이팬/12_X019_C058_1127/12_X019_C058_1127_0.jpg,Training/labels/고철류/프라이팬/12_X019_C058_1127/12_X019_C058_1127_0.json,0,고철류/프라이팬,고철류,프라이팬,고철류/프라이팬,True,True,BOX,151.0,224.0,1767.0,885.0,1616.0,661.0,0.38634837962962965,2.4447806354009076
Training,Training/images/고철류/프라이팬/12_X043_C520_0414/12_X043_C520_0414_1.jpg,Training/labels/고철류/프라이팬/12_X043_C520_0414/12_X043_C520_0414_1.json,0,고철류/프라이팬,고철류,프라이팬,고철류/프라이팬,True,True,POLYGON->BOX,462.0,147.0,1371.0,729.0,909.0,582.0,0.25513020833333333,1.5618556701030928
Training,Training/images/고철류/프라이팬/12_X049_C520_0414/12_X049_C520_0414_4.jpg,Training/labels/고철류/프라이팬/12_X049_C520_0414/12_X049_C520_0414_4.json,0,고철류/프라이팬,고철류,프라이팬,고철류/프라이팬,True,True,POLYGON->BOX,434.0,146.0,1517.0,1095.0,1083.0,949.0,0.3715393458268263,1.1412012644889358
Training,Training/images/나무/기타/13_X001_C187_1215/13_X001_C187_1215_2.jpg,Training/labels/나무/기타/13_X001_C187_1215/13_X001_C187_1215_2.json,0,나무/기타,나무,기타,나무/기타,True,True,BOX,656.0,278.0,1241.0,933.0,585.0,655.0,0.13859049479166666,0.8931297709923665
Training,Training/images/나무/기타/13_X001_C806_0925/13_X001_C806_0925_2.jpg,Training/labels/나무/기타/13_X001_C806_0925/13_X001_C806_0925_2.json,0,나무/기타,나무,기타,나무/기타,True,True,BOX,842.0,718.0,1122.0,1762.0,280.0,1044.0,0.10567412805830297,0.2681992337164751
Training,Training/images/나무/기타/13_X002_C323_1214/13_X002_C323_1214_2.jpg,Training/labels/나무/기타/13_X002_C323_1214/13_X002_C323_1214_2.json,0,나무/기타,나무,기타,나무/기타,True,True,BOX,568.0,496.0,1196.0,932.0,628.0,436.0,0.13204475308641975,1.4403669724770642
Training,Training/images/나무/기타/13_X002_C323_1214/13_X002_C323_1214_2.jpg,Training/labels/나무/기타/13_X002_C323_1214/13_X002_C323_1214_2.json,1,나무/기타,나무,기타,나무/기타,True,True,BOX,848.0,195.0,1181.0,415.0,333.0,220.0,0.03532986111111111,1.5136363636363637
Training,Training/images/나무/기타/13_X002_C509_0124/13_X002_C509_0124_4.jpg,Training/labels/나무/기타/13_X002_C509_0124/13_X002_C509_0124_4.json,0,나무/기타,나무,기타,나무/기타,True,True,BOX,885.0,600.0,1152.0,1096.0,267.0,496.0,0.047874370987332986,0.5383064516129032
Training,Training/images/나무/기타/13_X005_C801_0217/13_X005_C801_0217_2.jpg,Training/labels/나무/기타/13_X005_C801_0217/13_X005_C801_0217_2.json,0,나무/기타,나무,기타,나무/기타,True,True,BOX,481.0,207.0,1380.0,614.0,899.0,407.0,0.17619802744966415,2.208845208845209
Training,Training/images/나무/기타/13_X009_C055_1211/13_X009_C055_1211_3.jpg,Training/labels/나무/기타/13_X009_C055_1211/13_X009_C055_1211_3.json,0,나무/기타,나무,기타,나무/기타,True,True,BOX,140.0,217.0,637.0,576.0,497.0,359.0,0.0860450424382716,1.384401114206128
Training,Training/images/나무/기타/13_X009_C055_1211/13_X009_C055_1211_3.jpg,Training/labels/나무/기타/13_X009_C055_1211/13_X009_C055_1211_3.json,1,나무/기타,나무,기타,나무/기타,True,True,BOX,622.0,146.0,1656.0,939.0,1034.0,793.0,0.3954292052469136,1.3039092055485497
Training,Training/images/나무/기타/13_X015_C802_0221/13_X015_C802_0221_2.jpg,Training/labels/나무/기타/13_X015_C802_0221/13_X015_C802_0221_2.json,0,나무/기타,나무,기타,나무/기타,True,True,POLYGON->BOX,183.0,309.0,1920.0,1248.0,1737.0,939.0,0.5896245445080687,1.8498402555910542
Training,Training/images/나무/기타/13_X018_C710_1215/13_X018_C710_1215_0.jpg,Training/labels/나무/기타/13_X018_C710_1215/13_X018_C710_1215_0.json,0,나무/기타,나무,기타,나무/기타,True,True,BOX,207.0,450.0,1244.0,1697.0,1037.0,1247.0,0.4677152054398148,0.8315958299919808
Training,Training/images/나무/기타/13_X052_C024_0224/13_X052_C024_0224_1.jpg,Training/labels/나무/기타/13_X052_C024_0224/13_X052_C024_0224_1.json,0,나무/기타,나무,기타,나무/기타,True,True,BOX,346.0,211.0,1346.0,249.0,1000.0,38.0,0.01831607766016928,26.31578947368421
Training,Training/images/나무/기타/13_X052_C024_0224/13_X052_C024_0224_1.jpg,Training/labels/나무/기타/13_X052_C024_0224/13_X052_C024_0224_1.json,1,나무/기타,나무,기타,나무/기타,True,True,BOX,282.0,568.0,1476.0,688.0,1194.0,120.0,0.06906125281971195,9.95
Training,Training/images/나무/나무행거/13_X001_C033_1020/13_X001_C033_1020_1.jpg,Training/labels/나무/나무행거/13_X001_C033_1020/13_X001_C033_1020_1.json,0,나무/나무행거,나무,나무행거,나무/나무행거,True,True,BOX,130.0,344.0,1829.0,862.0,1699.0,518.0,0.31831669560185183,3.27992277992278
Training,Training/images/나무/나무행거/13_X001_C042_1014/13_X001_C042_1014_0.jpg,Training/labels/나무/나무행거/13_X001_C042_1014/13_X001_C042_1014_0.json,0,나무/나무행거,나무,나무행거,나무/나무행거,True,True,BOX,619.0,400.0,1150.0,960.0,531.0,560.0,0.10755208333333334,0.9482142857142857
Training,Training/images/나무/나무행거/13_X001_C323_0208/13_X001_C323_0208_0.jpg,Training/labels/나무/나무행거/13_X001_C323_0208/13_X001_C323_0208_0.json,0,나무/나무행거,나무,나무행거,나무/나무행거,True,True,BOX,728.0,362.0,1219.0,602.0,491.0,240.0,0.05671705294650481,2.0458333333333334
Training,Training/images/나무/나무행거/13_X001_C323_1202/13_X001_C323_1202_4.jpg,Training/labels/나무/나무행거/13_X001_C323_1202/13_X001_C323_1202_4.json,0,나무/나무행거,나무,나무행거,나무/나무행거,True,True,BOX,438.0,268.0,1528.0,794.0,1090.0,526.0,0.2764949845679012,2.0722433460076046
Training,Training/images/나무/나무행거/13_X002_C509_1229/13_X002_C509_1229_1.jpg,Training/labels/나무/나무행거/13_X002_C509_1229/13_X002_C509_1229_1.json,0,나무/나무행거,나무,나무행거,나무/나무행거,True,True,BOX,454.0,221.0,1301.0,1844.0,847.0,1623.0,0.37290608723958335,0.5218730745532963
Training,Training/images/나무/나무행거/13_X004_C704_1231/13_X004_C704_1231_4.jpg,Training/labels/나무/나무행거/13_X004_C704_1231/13_X004_C704_1231_4.json,0,나무/나무행거,나무,나무행거,나무/나무행거,True,True,BOX,395.0,103.0,1575.0,1284.0,1180.0,1181.0,0.5040436921296296,0.9991532599491956
Training,Training/images/나무/나무행거/13_X005_C331_1117/13_X005_C331_1117_1.jpg,Training/labels/나무/나무행거/13_X005_C331_1117/13_X005_C331_1117_1.json,0,나무/나무행거,나무,나무행거,나무/나무행거,True,True,BOX,383.0,516.0,1303.0,1027.0,920.0,511.0,0.16994910058418647,1.8003913894324852
Training,Training/images/나무/나무행거/13_X011_C187_1215/13_X011_C187_1215_2.jpg,Training/labels/나무/나무행거/13_X011_C187_1215/13_X011_C187_1215_2.json,0,나무/나무행거,나무,나무행거,나무/나무행거,True,True,BOX,711.0,188.0,1094.0,1024.0,383.0,836.0,0.11580873842592593,0.458133971291866
Training,Training/images/나무/나무행거/13_X031_C211_0108/13_X031_C211_0108_4.jpg,Training/labels/나무/나무행거/13_X031_C211_0108/13_X031_C211_0108_4.json,0,나무/나무행거,나무,나무행거,나무/나무행거,True,True,BOX,945.0,429.0,1135.0,851.0,190.0,422.0,0.029000289351851852,0.45023696682464454
Training,Training/images/나무/도마/13_X003_C332_1124/13_X003_C332_1124_2.jpg,Training/labels/나무/도마/13_X003_C332_1124/13_X003_C332_1124_2.json,0,나무/도마,나무,도마,나무/도마,True,True,BOX,434.0,237.0,1590.0,783.0,1156.0,546.0,0.2700654908045023,2.1172161172161172
Training,Training/images/나무/도마/13_X004_C052_1109/13_X004_C052_1109_2.jpg,Training/labels/나무/도마/13_X004_C052_1109/13_X004_C052_1109_2.json,0,나무/도마,나무,도마,나무/도마,True,True,BOX,465.0,51.0,1513.0,1232.0,1048.0,1181.0,0.44765914351851854,0.8873835732430144
Training,Training/images/나무/도마/13_X005_C193_1201/13_X005_C193_1201_2.jpg,Training/labels/나무/도마/13_X005_C193_1201/13_X005_C193_1201_2.json,0,나무/도마,나무,도마,나무/도마,True,True,BOX,342.0,189.0,1593.0,1317.0,1251.0,1128.0,0.5101249349297241,1.1090425531914894
Training,Training/images/나무/도마/13_X005_C329_1124_5/13_X005_C329_1124_5_4.jpg,Training/labels/나무/도마/13_X005_C329_1124_5/13_X005_C329_1124_5_4.json,0,나무/도마,나무,도마,나무/도마,True,True,BOX,678.0,558.0,1217.0,1362.0,539.0,804.0,0.11755533854166667,0.6703980099502488
Training,Training/images/나무/도마/13_X006_C554_0123/13_X006_C554_0123_0.jpg,Training/labels/나무/도마/13_X006_C554_0123/13_X006_C554_0123_0.json,0,나무/도마,나무,도마,나무/도마,True,True,BOX,747.0,624.0,1301.0,810.0,554.0,186.0,0.037269965277777775,2.978494623655914
Training,Training/images/나무/도마/13_X007_C509_0329/13_X007_C509_0329_0.jpg,Training/labels/나무/도마/13_X007_C509_0329/13_X007_C509_0329_0.json,0,나무/도마,나무,도마,나무/도마,True,True,BOX,453.0,668.0,1099.0,1411.0,646.0,743.0,0.17351278269419862,0.8694481830417228
Training,Training/images/나무/도마/13_X008_C331_1106/13_X008_C331_1106_1.jpg,Training/labels/나무/도마/13_X008_C331_1106/13_X008_C331_1106_1.json,0,나무/도마,나무,도마,나무/도마,True,True,BOX,518.0,659.0,1549.0,1066.0,1031.0,407.0,0.15177119502314815,2.533169533169533
Training,Training/images/나무/도마/13_X014_C187_1215/13_X014_C187_1215_0.jpg,Training/labels/나무/도마/13_X014_C187_1215/13_X014_C187_1215_0.json,0,나무/도마,나무,도마,나무/도마,True,True,BOX,424.0,342.0,1493.0,1080.0,1069.0,738.0,0.28534505208333333,1.448509485094851
Training,Training/images/나무/도마/13_X156_C050_0227/13_X156_C050_0227_0.jpg,Training/labels/나무/도마/13_X156_C050_0227/13_X156_C050_0227_0.json,0,나무/도마,나무,도마,나무/도마,True,True,BOX,541.0,292.0,1216.0,838.0,675.0,546.0,0.17764185320145756,1.2362637362637363
Training,Training/images/나무/액자/13_X001_C052_1026/13_X001_C052_1026_1.jpg,Training/labels/나무/액자/13_X001_C052_1026/13_X001_C052_1026_1.json,0,나무/액자,나무,액자,나무/액자,True,True,BOX,149.0,355.0,1856.0,993.0,1707.0,638.0,0.3939040798611111,2.675548589341693
Training,Training/images/나무/액자/13_X001_C187_1118/13_X001_C187_1118_1.jpg,Training/labels/나무/액자/13_X001_C187_1118/13_X001_C187_1118_1.json,0,나무/액자,나무,액자,나무/액자,True,True,BOX,370.0,154.0,1590.0,1104.0,1220.0,950.0,0.41919849537037035,1.2842105263157895
Training,Training/images/나무/액자/13_X002_C331_1211/13_X002_C331_1211_3.jpg,Training/labels/나무/액자/13_X002_C331_1211/13_X002_C331_1211_3.json,0,나무/액자,나무,액자,나무/액자,True,True,BOX,262.0,463.0,820.0,1071.0,558.0,608.0,0.12270833333333334,0.9177631578947368
Training,Training/images/나무/액자/13_X002_C331_1211/13_X002_C331_1211_3.jpg,Training/labels/나무/액자/13_X002_C331_1211/13_X002_C331_1211_3.json,1,나무/액자,나무,액자,나무/액자,True,True,BOX,1015.0,495.0,1571.0,1050.0,556.0,555.0,0.11161024305555556,1.0018018018018018
Training,Training/images/나무/액자/13_X006_C163_1118/13_X006_C163_1118_2.jpg,Training/labels/나무/액자/13_X006_C163_1118/13_X006_C163_1118_2.json,0,나무/액자,나무,액자,나무/액자,True,True,BOX,688.0,67.0,1187.0,991.0,499.0,924.0,0.22235532407407407,0.54004329004329
Training,Training/images/나무/액자/13_X025_C042_0225/13_X025_C042_0225_3.jpg,Training/labels/나무/액자/13_X025_C042_0225/13_X025_C042_0225_3.json,0,나무/액자,나무,액자,나무/액자,True,True,BOX,135.0,474.0,839.0,842.0,704.0,368.0,0.12487323346250988,1.9130434782608696
Training,Training/images/나무/액자/13_X025_C042_0225/13_X025_C042_0225_3.jpg,Training/labels/나무/액자/13_X025_C042_0225/13_X025_C042_0225_3.json,1,나무/액자,나무,액자,나무/액자,True,True,BOX,822.0,205.0,1108.0,391.0,286.0,186.0,0.025640580716062237,1.5376344086021505
Training,Training/images/나무/액자/13_X059_C500_0317/13_X059_C500_0317_4.jpg,Training/labels/나무/액자/13_X059_C500_0317/13_X059_C500_0317_4.json,0,나무/액자,나무,액자,나무/액자,True,True,BOX,755.0,140.0,1417.0,954.0,662.0,814.0,0.25973547727842367,0.8132678132678133
Training,Training/images/나무/액자/13_X194_C050_0224/13_X194_C050_0224_2.jpg,Training/labels/나무/액자/13_X194_C050_0224/13_X194_C050_0224_2.json,0,나무/액자,나무,액자,나무/액자,True,True,BOX,401.0,474.0,1059.0,973.0,658.0,499.0,0.1582615150288237,1.3186372745490982
Training,Training/images/나무/액자/13_X194_C050_0224/13_X194_C050_0224_2.jpg,Training/labels/나무/액자/13_X194_C050_0224/13_X194_C050_0224_2.json,1,나무/액자,나무,액자,나무/액자,True,True,BOX,384.0,120.0,876.0,382.0,492.0,262.0,0.0621319914396437,1.8778625954198473
Training,Training/images/나무/액자/13_X198_C509_0314/13_X198_C509_0314_3.jpg,Training/labels/나무/액자/13_X198_C509_0314/13_X198_C509_0314_3.json,0,나무/액자,나무,액자,나무/액자,True,True,BOX,553.0,439.0,1458.0,1271.0,905.0,832.0,0.272196194111863,1.0877403846153846
Training,Training/images/나무/액자/13_X268_C509_0314/13_X268_C509_0314_0.jpg,Training/labels/나무/액자/13_X268_C509_0314/13_X268_C509_0314_0.json,0,나무/액자,나무,액자,나무/액자,True,True,BOX,656.0,513.0,1103.0,1045.0,447.0,532.0,0.08596651049800451,0.8402255639097744
Training,Training/images/나무/장식품/13_X001_C024_1126/13_X001_C024_1126_3.jpg,Training/labels/나무/장식품/13_X001_C024_1126/13_X001_C024_1126_3.json,0,나무/장식품,나무,장식품,나무/장식품,True,True,BOX,625.0,135.0,1458.0,835.0,833.0,700.0,0.28120177469135804,1.19
Training,Training/images/나무/장식품/13_X002_C187_1110/13_X002_C187_1110_0.jpg,Training/labels/나무/장식품/13_X002_C187_1110/13_X002_C187_1110_0.json,0,나무/장식품,나무,장식품,나무/장식품,True,True,BOX,514.0,226.0,1528.0,1078.0,1014.0,852.0,0.31247395833333336,1.1901408450704225
Training,Training/images/나무/장식품/13_X003_C042_1020/13_X003_C042_1020_1.jpg,Training/labels/나무/장식품/13_X003_C042_1020/13_X003_C042_1020_1.json,0,나무/장식품,나무,장식품,나무/장식품,True,True,BOX,634.0,311.0,1512.0,1139.0,878.0,828.0,0.26294270833333333,1.0603864734299517
Training,Training/images/나무/장식품/13_X003_C173_1118/13_X003_C173_1118_1.jpg,Training/labels/나무/장식품/13_X003_C173_1118/13_X003_C173_1118_1.json,0,나무/장식품,나무,장식품,나무/장식품,True,True,BOX,396.0,242.0,1559.0,970.0,1163.0,728.0,0.30622974537037034,1.5975274725274726
Training,Training/images/나무/장식품/13_X004_C162_1221/13_X004_C162_1221_4.jpg,Training/labels/나무/장식품/13_X004_C162_1221/13_X004_C162_1221_4.json,0,나무/장식품,나무,장식품,나무/장식품,True,True,BOX,760.0,390.0,1351.0,493.0,591.0,103.0,0.022017144097222222,5.737864077669903
Training,Training/images/나무/장식품/13_X017_C710_1218/13_X017_C710_1218_3.jpg,Training/labels/나무/장식품/13_X017_C710_1218/13_X017_C710_1218_3.json,0,나무/장식품,나무,장식품,나무/장식품,True,True,BOX,451.0,158.0,1380.0,774.0,929.0,616.0,0.23857454933546784,1.5081168831168832
Training,Training/images/나무/장식품/13_X034_C509_0107/13_X034_C509_0107_1.jpg,Training/labels/나무/장식품/13_X034_C509_0107/13_X034_C509_0107_1.json,0,나무/장식품,나무,장식품,나무/장식품,True,True,BOX,43.0,317.0,1808.0,376.0,1765.0,59.0,0.03766456886574074,29.915254237288135
Training,Training/images/나무/장식품/13_X039_C509_0315/13_X039_C509_0315_0.jpg,Training/labels/나무/장식품/13_X039_C509_0315/13_X039_C509_0315_0.json,0,나무/장식품,나무,장식품,나무/장식품,True,True,BOX,828.0,619.0,1169.0,968.0,341.0,349.0,0.04302193591300827,0.9770773638968482
Training,Training/images/나무/장식품/13_X043_C163_0108/13_X043_C163_0108_2.jpg,Training/labels/나무/장식품/13_X043_C163_0108/13_X043_C163_0108_2.json,0,나무/장식품,나무,장식품,나무/장식품,True,True,BOX,493.0,346.0,1488.0,1062.0,995.0,716.0,0.25754092197350914,1.3896648044692737
Training,Training/images/나무/주걱/13_X019_C056_0303/13_X019_C056_0303_0.jpg,Training/labels/나무/주걱/13_X019_C056_0303/13_X019_C056_0303_0.json,0,나무/주걱,나무,주걱,나무/주걱,True,True,BOX,703.0,583.0,1066.0,666.0,363.0,83.0,0.014508805495133635,4.373493975903615
Training,Training/images/나무/주걱/13_X021_C587_0305/13_X021_C587_0305_0.jpg,Training/labels/나무/주걱/13_X021_C587_0305/13_X021_C587_0305_0.json,0,나무/주걱,나무,주걱,나무/주걱,True,True,BOX,710.0,430.0,1137.0,543.0,427.0,113.0,0.023257080610021786,3.7787610619469025
Training,Training/images/나무/주걱/13_X052_C509_0314/13_X052_C509_0314_1.jpg,Training/labels/나무/주걱/13_X052_C509_0314/13_X052_C509_0314_1.json,0,나무/주걱,나무,주걱,나무/주걱,True,True,BOX,699.0,263.0,1019.0,1577.0,320.0,1314.0,0.15200416449765747,0.243531202435312
Training,Training/images/나무/주걱/13_X055_C589_0304/13_X055_C589_0304_3.jpg,Training/labels/나무/주걱/13_X055_C589_0304/13_X055_C589_0304_3.json,0,나무/주걱,나무,주걱,나무/주걱,True,True,BOX,965.0,111.0,1211.0,803.0,246.0,692.0,0.08197626794940385,0.3554913294797688
Training,Training/images/나무/주걱/13_X065_C589_0304/13_X065_C589_0304_3.jpg,Training/labels/나무/주걱/13_X065_C589_0304/13_X065_C589_0304_3.json,0,나무/주걱,나무,주걱,나무/주걱,True,True,BOX,843.0,161.0,1114.0,868.0,271.0,707.0,0.09226471527269803,0.38330975954738333
Training,Training/images/나무/주걱/13_X190_C050_0226/13_X190_C050_0226_0.jpg,Training/labels/나무/주걱/13_X190_C050_0226/13_X190_C050_0226_0.json,0,나무/주걱,나무,주걱,나무/주걱,True,True,BOX,451.0,429.0,1245.0,669.0,794.0,240.0,0.09185030944531204,3.308333333333333
Training,Training/images/나무/주걱/13_X256_C509_0329/13_X256_C509_0329_3.jpg,Training/labels/나무/주걱/13_X256_C509_0329/13_X256_C509_0329_3.json,0,나무/주걱,나무,주걱,나무/주걱,True,True,BOX,214.0,464.0,1197.0,818.0,983.0,354.0,0.12579602637515183,2.7768361581920904
Training,Training/images/나무/주걱/13_X274_C509_0314/13_X274_C509_0314_2.jpg,Training/labels/나무/주걱/13_X274_C509_0314/13_X274_C509_0314_2.json,0,나무/주걱,나무,주걱,나무/주걱,True,True,BOX,427.0,490.0,966.0,1514.0,539.0,1024.0,0.19952570998901034,0.5263671875
Training,Training/images/나무/주걱/13_X466_C509_0329/13_X466_C509_0329_4.jpg,Training/labels/나무/주걱/13_X466_C509_0329/13_X466_C509_0329_4.json,0,나무/주걱,나무,주걱,나무/주걱,True,True,BOX,426.0,494.0,1376.0,870.0,950.0,376.0,0.1291283475041934,2.526595744680851
Training,Training/images/나무/주방용품/13_X014_C509_0329/13_X014_C509_0329_0.jpg,Training/labels/나무/주방용품/13_X014_C509_0329/13_X014_C509_0329_0.json,0,나무/주방용품,나무,주방용품,나무/주방용품,True,True,BOX,1039.0,444.0,1177.0,842.0,138.0,398.0,0.01985511018566719,0.34673366834170855
Training,Training/images/나무/주방용품/13_X019_C999_0328/13_X019_C999_0328_0.jpg,Training/labels/나무/주방용품/13_X019_C999_0328/13_X019_C999_0328_0.json,0,나무/주방용품,나무,주방용품,나무/주방용품,True,True,POLYGON->BOX,246.0,633.0,704.0,1192.0,458.0,559.0,0.12340312722925945,0.8193202146690519
Training,Training/images/나무/주방용품/13_X030_C509_0315/13_X030_C509_0315_3.jpg,Training/labels/나무/주방용품/13_X030_C509_0315/13_X030_C509_0315_3.json,0,나무/주방용품,나무,주방용품,나무/주방용품,True,True,BOX,929.0,277.0,1090.0,1175.0,161.0,898.0,0.052265168604314884,0.17928730512249444
Training,Training/images/나무/주방용품/13_X035_C024_0225/13_X035_C024_0225_3.jpg,Training/labels/나무/주방용품/13_X035_C024_0225/13_X035_C024_0225_3.json,0,나무/주방용품,나무,주방용품,나무/주방용품,True,True,BOX,793.0,193.0,929.0,615.0,136.0,422.0,0.027663061291379874,0.3222748815165877
Training,Training/images/나무/주방용품/13_X035_C024_0225/13_X035_C024_0225_3.jpg,Training/labels/나무/주방용품/13_X035_C024_0225/13_X035_C024_0225_3.json,1,나무/주방용품,나무,주방용품,나무/주방용품,True,True,BOX,1015.0,205.0,1296.0,621.0,281.0,416.0,0.056344110899030214,0.6754807692307693
Training,Training/images/나무/주방용품/13_X056_C999_0320/13_X056_C999_0320_1.jpg,Training/labels/나무/주방용품/13_X056_C999_0320/13_X056_C999_0320_1.json,0,나무/주방용품,나무,주방용품,나무/주방용품,True,True,POLYGON->BOX,568.0,82.0,1303.0,912.0,735.0,830.0,0.29404534675227023,0.8855421686746988
Training,Training/images/나무/주방용품/13_X123_C589_0304/13_X123_C589_0304_4.jpg,Training/labels/나무/주방용품/13_X123_C589_0304/13_X123_C589_0304_4.json,0,나무/주방용품,나무,장식품,나무/장식품,False,True,BOX,802.0,372.0,967.0,503.0,165.0,131.0,0.010408836362883384,1.2595419847328244
Training,Training/images/나무/주방용품/13_X123_C589_0304/13_X123_C589_0304_4.jpg,Training/labels/나무/주방용품/13_X123_C589_0304/13_X123_C589_0304_4.json,1,나무/주방용품,나무,주방용품,나무/주방용품,True,True,BOX,604.0,653.0,956.0,790.0,352.0,137.0,0.023222564180600896,2.5693430656934306
Training,Training/images/나무/주방용품/13_X140_C023_0305/13_X140_C023_0305_1.jpg,Training/labels/나무/주방용품/13_X140_C023_0305/13_X140_C023_0305_1.json,0,나무/주방용품,나무,액자,나무/액자,False,True,BOX,852.0,135.0,1289.0,549.0,437.0,414.0,0.0871221770576052,1.0555555555555556
Training,Training/images/나무/주방용품/13_X140_C023_0305/13_X140_C023_0305_1.jpg,Training/labels/나무/주방용품/13_X140_C023_0305/13_X140_C023_0305_1.json,1,나무/주방용품,나무,주방용품,나무/주방용품,True,True,BOX,658.0,714.0,1446.0,903.0,788.0,189.0,0.07171912177640288,4.169312169312169
Training,Training/images/나무/주방용품/13_X150_C500_0317/13_X150_C500_0317_0.jpg,Training/labels/나무/주방용품/13_X150_C500_0317/13_X150_C500_0317_0.json,0,나무/주방용품,나무,주방용품,나무/주방용품,True,True,BOX,472.0,698.0,555.0,1062.0,83.0,364.0,0.014562245743921955,0.22802197802197802
Training,Training/images/나무/주방용품/13_X209_C023_0306/13_X209_C023_0306_1.jpg,Training/labels/나무/주방용품/13_X209_C023_0306/13_X209_C023_0306_1.json,0,나무/주방용품,나무,장식품,나무/장식품,False,True,BOX,989.0,684.0,1296.0,926.0,307.0,242.0,0.03577673322896406,1.2685950413223142
Training,Training/images/나무/주방용품/13_X209_C023_0306/13_X209_C023_0306_1.jpg,Training/labels/나무/주방용품/13_X209_C023_0306/13_X209_C023_0306_1.json,1,나무/주방용품,나무,주방용품,나무/주방용품,True,True,BOX,470.0,312.0,1399.0,457.0,929.0,145.0,0.06486802231145992,6.406896551724138
Training,Training/images/나무/주방용품/13_X209_C023_0306/13_X209_C023_0306_1.jpg,Training/labels/나무/주방용품/13_X209_C023_0306/13_X209_C023_0306_1.json,2,나무/주방용품,나무,주방용품,나무/주방용품,True,True,BOX,488.0,232.0,1399.0,302.0,911.0,70.0,0.030708836218416538,13.014285714285714
Training,Training/images/나무/포장재/13_X001_C211_0107/13_X001_C211_0107_1.jpg,Training/labels/나무/포장재/13_X001_C211_0107/13_X001_C211_0107_1.json,0,나무/포장재,나무,포장재,나무/포장재,True,True,BOX,164.0,139.0,1789.0,711.0,1625.0,572.0,0.33619068287037035,2.840909090909091
Training,Training/images/나무/포장재/13_X003_C056_1026/13_X003_C056_1026_2.jpg,Training/labels/나무/포장재/13_X003_C056_1026/13_X003_C056_1026_2.json,0,나무/포장재,나무,포장재,나무/포장재,True,True,BOX,380.0,280.0,1685.0,880.0,1305.0,600.0,0.283203125,2.175
Training,Training/images/나무/포장재/13_X017_C056_1026/13_X017_C056_1026_1.jpg,Training/labels/나무/포장재/13_X017_C056_1026/13_X017_C056_1026_1.json,0,나무/포장재,나무,포장재,나무/포장재,True,True,BOX,217.0,658.0,1606.0,1059.0,1389.0,401.0,0.15109293619791667,3.463840399002494
Training,Training/images/나무/포장재/13_X049_C509_0107/13_X049_C509_0107_0.jpg,Training/labels/나무/포장재/13_X049_C509_0107/13_X049_C509_0107_0.json,0,나무/포장재,나무,포장재,나무/포장재,True,True,BOX,380.0,500.0,956.0,1381.0,576.0,881.0,0.18354166666666666,0.6538024971623155
Training,Training/images/나무/포장재/13_X049_C589_0304/13_X049_C589_0304_4.jpg,Training/labels/나무/포장재/13_X049_C589_0304/13_X049_C589_0304_4.json,0,나무/포장재,나무,포장재,나무/포장재,True,True,POLYGON->BOX,659.0,365.0,1209.0,645.0,550.0,280.0,0.07415964838695542,1.9642857142857142
Training,Training/images/나무/포장재/13_X049_C589_0304/13_X049_C589_0304_4.jpg,Training/labels/나무/포장재/13_X049_C589_0304/13_X049_C589_0304_4.json,1,나무/포장재,나무,주방용품,나무/주방용품,False,True,POLYGON->BOX,665.0,747.0,1205.0,906.0,540.0,159.0,0.04134641175651943,3.3962264150943398
Training,Training/images/나무/포장재/13_X085_C050_0225/13_X085_C050_0225_3.jpg,Training/labels/나무/포장재/13_X085_C050_0225/13_X085_C050_0225_3.json,0,나무/포장재,나무,포장재,나무/포장재,True,True,BOX,473.0,355.0,1471.0,943.0,998.0,588.0,0.2828503672855573,1.6972789115646258
Training,Training/images/나무/포장재/13_X167_C589_0305/13_X167_C589_0305_0.jpg,Training/labels/나무/포장재/13_X167_C589_0305/13_X167_C589_0305_0.json,0,나무/포장재,나무,주걱,나무/주걱,False,True,BOX,755.0,287.0,1085.0,396.0,330.0,109.0,0.017321575016096016,3.0275229357798166
Training,Training/images/나무/포장재/13_X167_C589_0305/13_X167_C589_0305_0.jpg,Training/labels/나무/포장재/13_X167_C589_0305/13_X167_C589_0305_0.json,1,나무/포장재,나무,포장재,나무/포장재,True,True,BOX,755.0,540.0,1245.0,793.0,490.0,253.0,0.05969851695149911,1.9367588932806323
Training,Training/images/나무/포장재/13_X194_C024_0225/13_X194_C024_0225_4.jpg,Training/labels/나무/포장재/13_X194_C024_0225/13_X194_C024_0225_4.json,0,나무/포장재,나무,기타,나무/기타,False,True,BOX,553.0,431.0,1272.0,983.0,719.0,552.0,0.19130082711550697,1.3025362318840579
Training,Training/images/나무/포장재/13_X194_C024_0225/13_X194_C024_0225_4.jpg,Training/labels/나무/포장재/13_X194_C024_0225/13_X194_C024_0225_4.json,1,나무/포장재,나무,포장재,나무/포장재,True,True,BOX,530.0,149.0,1011.0,387.0,481.0,238.0,0.05517862995739102,2.0210084033613445
Training,Training/images/나무/포장재/13_X239_C050_0224/13_X239_C050_0224_3.jpg,Training/labels/나무/포장재/13_X239_C050_0224/13_X239_C050_0224_3.json,0,나무/포장재,나무,장식품,나무/장식품,False,True,BOX,1039.0,250.0,1276.0,551.0,237.0,301.0,0.03438457979061831,0.7873754152823921
Training,Training/images/나무/포장재/13_X239_C050_0224/13_X239_C050_0224_3.jpg,Training/labels/나무/포장재/13_X239_C050_0224/13_X239_C050_0224_3.json,1,나무/포장재,나무,포장재,나무/포장재,True,True,BOX,389.0,186.0,869.0,832.0,480.0,646.0,0.14945919370698132,0.7430340557275542
Training,Training/images/도기류/그릇류/14_X001_C012_1110/14_X001_C012_1110_1.jpg,Training/labels/도기류/그릇류/14_X001_C012_1110/14_X001_C012_1110_1.json,0,도기류/그릇류,도기류,그릇류,도기류/그릇류,True,True,BOX,418.0,103.0,1369.0,993.0,951.0,890.0,0.3061306423611111,1.0685393258426967
Training,Training/images/도기류/그릇류/14_X002_C194_1214/14_X002_C194_1214_2.jpg,Training/labels/도기류/그릇류/14_X002_C194_1214/14_X002_C194_1214_2.json,0,도기류/그릇류,도기류,그릇류,도기류/그릇류,True,True,BOX,556.0,305.0,1521.0,1063.0,965.0,758.0,0.2645652488425926,1.2730870712401055
Training,Training/images/도기류/그릇류/14_X004_C163_1125/14_X004_C163_1125_1.jpg,Training/labels/도기류/그릇류/14_X004_C163_1125/14_X004_C163_1125_1.json,0,도기류/그릇류,도기류,그릇류,도기류/그릇류,True,True,BOX,712.0,340.0,1530.0,1085.0,818.0,745.0,0.2204173900462963,1.097986577181208
Training,Training/images/도기류/그릇류/14_X006_C188_1207/14_X006_C188_1207_3.jpg,Training/labels/도기류/그릇류/14_X006_C188_1207/14_X006_C188_1207_3.json,0,도기류/그릇류,도기류,그릇류,도기류/그릇류,True,True,BOX,784.0,330.0,1356.0,837.0,572.0,507.0,0.10489149305555556,1.1282051282051282
Training,Training/images/도기류/그릇류/14_X006_C193_1127/14_X006_C193_1127_0.jpg,Training/labels/도기류/그릇류/14_X006_C193_1127/14_X006_C193_1127_0.json,0,도기류/그릇류,도기류,그릇류,도기류/그릇류,True,True,BOX,424.0,376.0,1452.0,1097.0,1028.0,721.0,0.26808015046296296,1.4257975034674064
Training,Training/images/도기류/그릇류/14_X010_C058_0127/14_X010_C058_0127_0.jpg,Training/labels/도기류/그릇류/14_X010_C058_0127/14_X010_C058_0127_0.json,0,도기류/그릇류,도기류,그릇류,도기류/그릇류,True,True,BOX,191.0,290.0,1634.0,813.0,1443.0,523.0,0.2728212302620163,2.7590822179732313
Training,Training/images/도기류/그릇류/14_X011_C500_0326/14_X011_C500_0326_0.jpg,Training/labels/도기류/그릇류/14_X011_C500_0326/14_X011_C500_0326_0.json,0,도기류/그릇류,도기류,그릇류,도기류/그릇류,True,True,BOX,439.0,399.0,994.0,838.0,555.0,439.0,0.08807804095089364,1.2642369020501139
Training,Training/images/도기류/그릇류/14_X015_C195_1216/14_X015_C195_1216_4.jpg,Training/labels/도기류/그릇류/14_X015_C195_1216/14_X015_C195_1216_4.json,0,도기류/그릇류,도기류,그릇류,도기류/그릇류,True,True,BOX,126.0,593.0,851.0,1048.0,725.0,455.0,0.11931242766203703,1.5934065934065933
Training,Training/images/도기류/그릇류/14_X015_C195_1216/14_X015_C195_1216_4.jpg,Training/labels/도기류/그릇류/14_X015_C195_1216/14_X015_C195_1216_4.json,1,도기류/그릇류,도기류,그릇류,도기류/그릇류,True,True,BOX,1113.0,550.0,1777.0,953.0,664.0,403.0,0.09678530092592592,1.6476426799007444
Training,Training/images/도기류/그릇류/14_X097_C999_0408/14_X097_C999_0408_0.jpg,Training/labels/도기류/그릇류/14_X097_C999_0408/14_X097_C999_0408_0.json,0,도기류/그릇류,도기류,그릇류,도기류/그릇류,True,True,POLYGON->BOX,356.0,729.0,779.0,1087.0,423.0,358.0,0.07299149748394933,1.181564245810056
Training,Training/images/도기류/기타/14_X001_C188_1125/14_X001_C188_1125_3.jpg,Training/labels/도기류/기타/14_X001_C188_1125/14_X001_C188_1125_3.json,0,도기류/기타,도기류,기타,도기류/기타,True,True,BOX,914.0,876.0,2842.0,1955.0,1928.0,1079.0,0.17335933333333334,1.7868396663577386
Training,Training/images/도기류/기타/14_X013_C190_1214/14_X013_C190_1214_3.jpg,Training/labels/도기류/기타/14_X013_C190_1214/14_X013_C190_1214_3.json,0,도기류/기타,도기류,그릇류,도기류/그릇류,False,True,BOX,767.0,896.0,1089.0,1174.0,322.0,278.0,0.03236017120712592,1.158273381294964
Training,Training/images/도기류/기타/14_X013_C190_1214/14_X013_C190_1214_3.jpg,Training/labels/도기류/기타/14_X013_C190_1214/14_X013_C190_1214_3.json,1,도기류/기타,도기류,기타,도기류/기타,True,True,BOX,866.0,307.0,1045.0,706.0,179.0,399.0,0.02581880097171612,0.44862155388471175
Training,Training/images/도기류/기타/14_X022_C045_0128/14_X022_C045_0128_0.jpg,Training/labels/도기류/기타/14_X022_C045_0128/14_X022_C045_0128_0.json,0,도기류/기타,도기류,기타,도기류/기타,True,True,BOX,401.0,555.0,851.0,944.0,450.0,389.0,0.06328084331077564,1.1568123393316196
Training,Training/images/도기류/기타/14_X022_C045_0128/14_X022_C045_0128_0.jpg,Training/labels/도기류/기타/14_X022_C045_0128/14_X022_C045_0128_0.json,1,도기류/기타,도기류,그릇류,도기류/그릇류,False,True,BOX,1238.0,718.0,1475.0,941.0,237.0,223.0,0.019105717508242234,1.062780269058296
Training,Training/images/도기류/기타/14_X030_C045_0128/14_X030_C045_0128_2.jpg,Training/labels/도기류/기타/14_X030_C045_0128/14_X030_C045_0128_2.json,0,도기류/기타,도기류,기타,도기류/기타,True,True,BOX,883.0,239.0,1625.0,574.0,742.0,335.0,0.08985843599976864,2.2149253731343284
Training,Training/images/도기류/기타/14_X030_C045_0128/14_X030_C045_0128_2.jpg,Training/labels/도기류/기타/14_X030_C045_0128/14_X030_C045_0128_2.json,1,도기류/기타,도기류,그릇류,도기류/그릇류,False,True,BOX,400.0,612.0,845.0,886.0,445.0,274.0,0.04407788189021922,1.6240875912408759
Training,Training/images/도기류/기타/14_X032_C045_0128/14_X032_C045_0128_3.jpg,Training/labels/도기류/기타/14_X032_C045_0128/14_X032_C045_0128_3.json,0,도기류/기타,도기류,기타,도기류/기타,True,True,BOX,760.0,424.0,1670.0,931.0,910.0,507.0,0.16678596217247962,1.794871794871795
Training,Training/images/도기류/기타/14_X032_C045_0128/14_X032_C045_0128_3.jpg,Training/labels/도기류/기타/14_X032_C045_0128/14_X032_C045_0128_3.json,1,도기류/기타,도기류,그릇류,도기류/그릇류,False,True,BOX,202.0,543.0,507.0,719.0,305.0,176.0,0.01940540227890566,1.7329545454545454
Training,Training/images/도기류/기타/14_X044_C045_0128/14_X044_C045_0128_4.jpg,Training/labels/도기류/기타/14_X044_C045_0128/14_X044_C045_0128_4.json,0,도기류/기타,도기류,그릇류,도기류/그릇류,False,True,BOX,693.0,336.0,970.0,568.0,277.0,232.0,0.023231534501706286,1.1939655172413792
Training,Training/images/도기류/기타/14_X044_C045_0128/14_X044_C045_0128_4.jpg,Training/labels/도기류/기타/14_X044_C045_0128/14_X044_C045_0128_4.json,1,도기류/기타,전자제품,기타,전자제품/기타,False,False,BOX,1219.0,496.0,1572.0,760.0,353.0,264.0,0.03368905084157557,1.3371212121212122
Training,Training/images/도기류/기타/14_X045_C058_0128/14_X045_C058_0128_4.jpg,Training/labels/도기류/기타/14_X045_C058_0128/14_X045_C058_0128_4.json,0,도기류/기타,도기류,기타,도기류/기타,True,True,BOX,396.0,96.0,832.0,662.0,436.0,566.0,0.11894653633331405,0.7703180212014135
Training,Training/images/도기류/기타/14_X045_C058_0128/14_X045_C058_0128_4.jpg,Training/labels/도기류/기타/14_X045_C058_0128/14_X045_C058_0128_4.json,1,도기류/기타,고철류,기타,고철류/기타,False,True,BOX,1078.0,255.0,1555.0,745.0,477.0,490.0,0.11265833767135172,0.9734693877551021
Training,Training/images/도기류/기타/14_X047_C045_0128/14_X047_C045_0128_0.jpg,Training/labels/도기류/기타/14_X047_C045_0128/14_X047_C045_0128_0.json,0,도기류/기타,도기류,그릇류,도기류/그릇류,False,True,BOX,1230.0,545.0,1678.0,940.0,448.0,395.0,0.06397131123835965,1.1341772151898735
Training,Training/images/도기류/기타/14_X047_C045_0128/14_X047_C045_0128_0.jpg,Training/labels/도기류/기타/14_X047_C045_0128/14_X047_C045_0128_0.json,1,도기류/기타,전자제품,기타,전자제품/기타,False,False,BOX,273.0,578.0,616.0,921.0,343.0,343.0,0.04253029382844583,1.0
Training,Training/images/도기류/기타/14_X051_C045_0128/14_X051_C045_0128_3.jpg,Training/labels/도기류/기타/14_X051_C045_0128/14_X051_C045_0128_3.json,0,도기류/기타,도기류,그릇류,도기류/그릇류,False,True,BOX,466.0,578.0,976.0,917.0,510.0,339.0,0.0625,1.5044247787610618
Training,Training/images/도기류/기타/14_X051_C045_0128/14_X051_C045_0128_3.jpg,Training/labels/도기류/기타/14_X051_C045_0128/14_X051_C045_0128_3.json,1,도기류/기타,전자제품,기타,전자제품/기타,False,False,BOX,1041.0,308.0,1474.0,583.0,433.0,275.0,0.04304579501417086,1.5745454545454545
Training,Training/images/도기류/뚝배기/14_X001_C706_1215/14_X001_C706_1215_3.jpg,Training/labels/도기류/뚝배기/14_X001_C706_1215/14_X001_C706_1215_3.json,0,도기류/뚝배기,도기류,뚝배기,도기류/뚝배기,True,True,BOX,883.0,548.0,1375.0,899.0,492.0,351.0,0.0624609375,1.4017094017094016
Training,Training/images/도기류/뚝배기/14_X002_C055_1102/14_X002_C055_1102_4.jpg,Training/labels/도기류/뚝배기/14_X002_C055_1102/14_X002_C055_1102_4.json,0,도기류/뚝배기,도기류,뚝배기,도기류/뚝배기,True,True,BOX,724.0,239.0,1024.0,509.0,300.0,270.0,0.03900604882690512,1.1111111111111112
Training,Training/images/도기류/뚝배기/14_X002_C196_1217/14_X002_C196_1217_4.jpg,Training/labels/도기류/뚝배기/14_X002_C196_1217/14_X002_C196_1217_4.json,0,도기류/뚝배기,도기류,뚝배기,도기류/뚝배기,True,True,BOX,641.0,158.0,1205.0,672.0,564.0,514.0,0.13980324074074074,1.0972762645914398
Training,Training/images/도기류/뚝배기/14_X004_C044_1216/14_X004_C044_1216_2.jpg,Training/labels/도기류/뚝배기/14_X004_C044_1216/14_X004_C044_1216_2.json,0,도기류/뚝배기,도기류,뚝배기,도기류/뚝배기,True,True,BOX,483.0,351.0,1291.0,955.0,808.0,604.0,0.17651620370370372,1.3377483443708609
Training,Training/images/도기류/뚝배기/14_X005_C189_1123/14_X005_C189_1123_2.jpg,Training/labels/도기류/뚝배기/14_X005_C189_1123/14_X005_C189_1123_2.json,0,도기류/뚝배기,도기류,뚝배기,도기류/뚝배기,True,True,BOX,339.0,281.0,1471.0,1262.0,1132.0,981.0,0.301240234375,1.1539245667686036
Training,Training/images/도기류/뚝배기/14_X006_C012_1218/14_X006_C012_1218_2.jpg,Training/labels/도기류/뚝배기/14_X006_C012_1218/14_X006_C012_1218_2.json,0,도기류/뚝배기,도기류,뚝배기,도기류/뚝배기,True,True,BOX,142.0,108.0,1418.0,1017.0,1276.0,909.0,0.41951822916666665,1.4037403740374037
Training,Training/images/도기류/뚝배기/14_X006_C023_1201/14_X006_C023_1201_0.jpg,Training/labels/도기류/뚝배기/14_X006_C023_1201/14_X006_C023_1201_0.json,0,도기류/뚝배기,도기류,뚝배기,도기류/뚝배기,True,True,BOX,433.0,169.0,1030.0,684.0,597.0,515.0,0.14805684866760635,1.159223300970874
Training,Training/images/도기류/뚝배기/14_X008_C193_1127/14_X008_C193_1127_1.jpg,Training/labels/도기류/뚝배기/14_X008_C193_1127/14_X008_C193_1127_1.json,0,도기류/뚝배기,도기류,뚝배기,도기류/뚝배기,True,True,BOX,552.0,340.0,1429.0,1239.0,877.0,899.0,0.28516456886574076,0.9755283648498332
Training,Training/images/도기류/뚝배기/14_X022_C324_1203/14_X022_C324_1203_3.jpg,Training/labels/도기류/뚝배기/14_X022_C324_1203/14_X022_C324_1203_3.json,0,도기류/뚝배기,도기류,뚝배기,도기류/뚝배기,True,True,BOX,602.0,297.0,1303.0,1071.0,701.0,774.0,0.19624348958333335,0.9056847545219638
Training,Training/images/도기류/받침/14_X003_C194_1201/14_X003_C194_1201_1.jpg,Training/labels/도기류/받침/14_X003_C194_1201/14_X003_C194_1201_1.json,0,도기류/받침,도기류,받침,도기류/받침,True,True,BOX,663.0,402.0,1189.0,833.0,526.0,431.0,0.10932966820987654,1.2204176334106729
Training,Training/images/도기류/받침/14_X004_C162_1109/14_X004_C162_1109_3.jpg,Training/labels/도기류/받침/14_X004_C162_1109/14_X004_C162_1109_3.json,0,도기류/받침,도기류,받침,도기류/받침,True,True,BOX,635.0,476.0,1332.0,1011.0,697.0,535.0,0.13487232349537037,1.302803738317757
Training,Training/images/도기류/받침/14_X005_C014_1019/14_X005_C014_1019_3.jpg,Training/labels/도기류/받침/14_X005_C014_1019/14_X005_C014_1019_3.json,0,도기류/받침,도기류,받침,도기류/받침,True,True,BOX,823.0,546.0,1378.0,834.0,555.0,288.0,0.06663665015758667,1.9270833333333333
Training,Training/images/도기류/받침/14_X006_C014_1118/14_X006_C014_1118_1.jpg,Training/labels/도기류/받침/14_X006_C014_1118/14_X006_C014_1118_1.json,0,도기류/받침,도기류,받침,도기류/받침,True,True,BOX,739.0,49.0,1519.0,776.0,780.0,727.0,0.23640502276251937,1.0729023383768914
Training,Training/images/도기류/받침/14_X007_C169_1207/14_X007_C169_1207_4.jpg,Training/labels/도기류/받침/14_X007_C169_1207/14_X007_C169_1207_4.json,0,도기류/받침,도기류,받침,도기류/받침,True,True,BOX,667.0,312.0,1067.0,520.0,400.0,208.0,0.040123456790123455,1.9230769230769231
Training,Training/images/도기류/받침/14_X010_C188_1208/14_X010_C188_1208_2.jpg,Training/labels/도기류/받침/14_X010_C188_1208/14_X010_C188_1208_2.json,0,도기류/받침,도기류,받침,도기류/받침,True,True,BOX,553.0,378.0,1323.0,1021.0,770.0,643.0,0.17907624421296298,1.1975116640746502
Training,Training/images/도기류/받침/14_X018_C039_1214/14_X018_C039_1214_0.jpg,Training/labels/도기류/받침/14_X018_C039_1214/14_X018_C039_1214_0.json,0,도기류/받침,도기류,받침,도기류/받침,True,True,BOX,198.0,616.0,936.0,1362.0,738.0,746.0,0.2655034722222222,0.9892761394101877
Training,Training/images/도기류/받침/14_X018_C198_1120/14_X018_C198_1120_1.jpg,Training/labels/도기류/받침/14_X018_C198_1120/14_X018_C198_1120_1.json,0,도기류/받침,도기류,받침,도기류/받침,True,True,BOX,544.0,592.0,1206.0,957.0,662.0,365.0,0.0873951099537037,1.8136986301369864
Training,Training/images/도기류/받침/14_X026_C045_0127/14_X026_C045_0127_2.jpg,Training/labels/도기류/받침/14_X026_C045_0127/14_X026_C045_0127_2.json,0,도기류/받침,도기류,받침,도기류/받침,True,True,BOX,948.0,501.0,1345.0,848.0,397.0,347.0,0.04980008965238013,1.144092219020173
Training,Training/images/도기류/병/14_X001_C053_1117/14_X001_C053_1117_2.jpg,Training/labels/도기류/병/14_X001_C053_1117/14_X001_C053_1117_2.json,0,도기류/병,도기류,병,도기류/병,True,True,BOX,379.0,289.0,1670.0,940.0,1291.0,651.0,0.4053052662037037,1.9831029185867897
Training,Training/images/도기류/병/14_X001_C162_1215/14_X001_C162_1215_2.jpg,Training/labels/도기류/병/14_X001_C162_1215/14_X001_C162_1215_2.json,0,도기류/병,도기류,병,도기류/병,True,True,BOX,851.0,562.0,1244.0,1029.0,393.0,467.0,0.06634673781016831,0.841541755888651
Training,Training/images/도기류/병/14_X001_C192_1202/14_X001_C192_1202_0.jpg,Training/labels/도기류/병/14_X001_C192_1202/14_X001_C192_1202_0.json,0,도기류/병,도기류,병,도기류/병,True,True,BOX,788.0,424.0,1097.0,927.0,309.0,503.0,0.05618709873329863,0.614314115308151
Training,Training/images/도기류/병/14_X004_C163_1201/14_X004_C163_1201_0.jpg,Training/labels/도기류/병/14_X004_C163_1201/14_X004_C163_1201_0.json,0,도기류/병,도기류,병,도기류/병,True,True,BOX,559.0,214.0,1478.0,1083.0,919.0,869.0,0.2888494646990741,1.0575373993095512
Training,Training/images/도기류/병/14_X006_C055_1103/14_X006_C055_1103_2.jpg,Training/labels/도기류/병/14_X006_C055_1103/14_X006_C055_1103_2.json,0,도기류/병,도기류,병,도기류/병,True,True,BOX,463.0,358.0,1056.0,721.0,593.0,363.0,0.10365929709173789,1.6336088154269972
Training,Training/images/도기류/병/14_X006_C195_1204/14_X006_C195_1204_1.jpg,Training/labels/도기류/병/14_X006_C195_1204/14_X006_C195_1204_1.json,0,도기류/병,도기류,병,도기류/병,True,True,BOX,497.0,485.0,1107.0,989.0,610.0,504.0,0.11114003123373244,1.2103174603174602
Training,Training/images/도기류/병/14_X006_C195_1204/14_X006_C195_1204_1.jpg,Training/labels/도기류/병/14_X006_C195_1204/14_X006_C195_1204_1.json,1,도기류/병,도기류,병,도기류/병,True,True,BOX,1290.0,571.0,1584.0,837.0,294.0,266.0,0.028270865868471284,1.105263157894737
Training,Training/images/도기류/병/14_X006_C324_1210/14_X006_C324_1210_2.jpg,Training/labels/도기류/병/14_X006_C324_1210/14_X006_C324_1210_2.json,0,도기류/병,도기류,병,도기류/병,True,True,BOX,679.0,113.0,1272.0,895.0,593.0,782.0,0.16772497106481482,0.7583120204603581
Training,Training/images/도기류/병/14_X006_C704_0106/14_X006_C704_0106_0.jpg,Training/labels/도기류/병/14_X006_C704_0106/14_X006_C704_0106_0.json,0,도기류/병,도기류,병,도기류/병,True,True,BOX,752.0,330.0,1125.0,701.0,373.0,371.0,0.0667356288580247,1.005390835579515
Training,Training/images/도기류/병/14_X008_C194_1113/14_X008_C194_1113_0.jpg,Training/labels/도기류/병/14_X008_C194_1113/14_X008_C194_1113_0.json,0,도기류/병,도기류,병,도기류/병,True,True,BOX,662.0,302.0,1108.0,936.0,446.0,634.0,0.13636381172839507,0.7034700315457413
Training,Training/images/도기류/장식품/14_X002_C194_1215/14_X002_C194_1215_2.jpg,Training/labels/도기류/장식품/14_X002_C194_1215/14_X002_C194_1215_2.json,0,도기류/장식품,도기류,장식품,도기류/장식품,True,True,BOX,617.0,236.0,1047.0,815.0,430.0,579.0,0.12006655092592593,0.7426597582037997
Training,Training/images/도기류/장식품/14_X002_C704_0107/14_X002_C704_0107_0.jpg,Training/labels/도기류/장식품/14_X002_C704_0107/14_X002_C704_0107_0.json,0,도기류/장식품,도기류,장식품,도기류/장식품,True,True,BOX,495.0,284.0,1417.0,1146.0,922.0,862.0,0.28730840418763376,1.0696055684454757
Training,Training/images/도기류/장식품/14_X003_C194_1214/14_X003_C194_1214_2.jpg,Training/labels/도기류/장식품/14_X003_C194_1214/14_X003_C194_1214_2.json,0,도기류/장식품,도기류,장식품,도기류/장식품,True,True,BOX,482.0,255.0,1469.0,1004.0,987.0,749.0,0.2673838975694444,1.3177570093457944
Training,Training/images/도기류/장식품/14_X004_C192_1203/14_X004_C192_1203_2.jpg,Training/labels/도기류/장식품/14_X004_C192_1203/14_X004_C192_1203_2.json,0,도기류/장식품,도기류,장식품,도기류/장식품,True,True,BOX,517.0,249.0,1322.0,1215.0,805.0,966.0,0.28126085069444445,0.8333333333333334
Training,Training/images/도기류/장식품/14_X004_C194_1215/14_X004_C194_1215_4.jpg,Training/labels/도기류/장식품/14_X004_C194_1215/14_X004_C194_1215_4.json,0,도기류/장식품,도기류,장식품,도기류/장식품,True,True,BOX,637.0,229.0,1083.0,753.0,446.0,524.0,0.11270447530864197,0.851145038167939
Training,Training/images/도기류/장식품/14_X008_C204_1110/14_X008_C204_1110_0.jpg,Training/labels/도기류/장식품/14_X008_C204_1110/14_X008_C204_1110_0.json,0,도기류/장식품,도기류,장식품,도기류/장식품,True,True,BOX,660.0,231.0,1082.0,741.0,422.0,510.0,0.10379050925925926,0.8274509803921568
Training,Training/images/도기류/장식품/14_X017_C208_1207/14_X017_C208_1207_0.jpg,Training/labels/도기류/장식품/14_X017_C208_1207/14_X017_C208_1207_0.json,0,도기류/장식품,도기류,장식품,도기류/장식품,True,True,BOX,669.0,289.0,753.0,458.0,84.0,169.0,0.006846064814814815,0.4970414201183432
Training,Training/images/도기류/장식품/14_X017_C208_1207/14_X017_C208_1207_0.jpg,Training/labels/도기류/장식품/14_X017_C208_1207/14_X017_C208_1207_0.json,1,도기류/장식품,도기류,장식품,도기류/장식품,True,True,BOX,953.0,289.0,1035.0,450.0,82.0,161.0,0.00636670524691358,0.5093167701863354
Training,Training/images/도기류/장식품/14_X025_C331_1202/14_X025_C331_1202_4.jpg,Training/labels/도기류/장식품/14_X025_C331_1202/14_X025_C331_1202_4.json,0,도기류/장식품,도기류,장식품,도기류/장식품,True,True,BOX,599.0,688.0,1032.0,1028.0,433.0,340.0,0.053220255653883976,1.2735294117647058
Training,Training/images/도기류/장식품/14_X026_C504_1021/14_X026_C504_1021_3.jpg,Training/labels/도기류/장식품/14_X026_C504_1021/14_X026_C504_1021_3.json,0,도기류/장식품,도기류,장식품,도기류/장식품,True,True,BOX,364.0,773.0,945.0,1257.0,581.0,484.0,0.10170862268518518,1.2004132231404958
Training,Training/images/도기류/주전자/14_X001_C023_1123/14_X001_C023_1123_0.jpg,Training/labels/도기류/주전자/14_X001_C023_1123/14_X001_C023_1123_0.json,0,도기류/주전자,도기류,주전자,도기류/주전자,True,True,BOX,876.0,260.0,1283.0,643.0,407.0,383.0,0.07517409336419753,1.0626631853785902
Training,Training/images/도기류/주전자/14_X001_C324_1116/14_X001_C324_1116_0.jpg,Training/labels/도기류/주전자/14_X001_C324_1116/14_X001_C324_1116_0.json,0,도기류/주전자,도기류,주전자,도기류/주전자,True,True,BOX,740.0,394.0,1296.0,735.0,556.0,341.0,0.07900623395672901,1.6304985337243403
Training,Training/images/도기류/주전자/14_X002_C033_1023/14_X002_C033_1023_1.jpg,Training/labels/도기류/주전자/14_X002_C033_1023/14_X002_C033_1023_1.json,0,도기류/주전자,도기류,주전자,도기류/주전자,True,True,BOX,604.0,315.0,1538.0,1064.0,934.0,749.0,0.25302589699074074,1.2469959946595461
Training,Training/images/도기류/주전자/14_X002_C312_1109/14_X002_C312_1109_3.jpg,Training/labels/도기류/주전자/14_X002_C312_1109/14_X002_C312_1109_3.json,0,도기류/주전자,도기류,주전자,도기류/주전자,True,True,BOX,433.0,176.0,1128.0,778.0,695.0,602.0,0.2017698688271605,1.154485049833887
Training,Training/images/도기류/주전자/14_X008_C198_1108/14_X008_C198_1108_1.jpg,Training/labels/도기류/주전자/14_X008_C198_1108/14_X008_C198_1108_1.json,0,도기류/주전자,도기류,주전자,도기류/주전자,True,True,BOX,512.0,392.0,1628.0,999.0,1116.0,607.0,0.24501302083333334,1.8385502471169688
Training,Training/images/도기류/주전자/14_X009_C187_1223/14_X009_C187_1223_3.jpg,Training/labels/도기류/주전자/14_X009_C187_1223/14_X009_C187_1223_3.json,0,도기류/주전자,도기류,주전자,도기류/주전자,True,True,BOX,638.0,408.0,1250.0,838.0,612.0,430.0,0.09513274336283185,1.4232558139534883
Training,Training/images/도기류/주전자/14_X011_C331_1202/14_X011_C331_1202_0.jpg,Training/labels/도기류/주전자/14_X011_C331_1202/14_X011_C331_1202_0.json,0,도기류/주전자,도기류,주전자,도기류/주전자,True,True,BOX,672.0,535.0,1268.0,1007.0,596.0,472.0,0.10169471918560935,1.2627118644067796
Training,Training/images/도기류/주전자/14_X022_C704_1214/14_X022_C704_1214_2.jpg,Training/labels/도기류/주전자/14_X022_C704_1214/14_X022_C704_1214_2.json,0,도기류/주전자,도기류,주전자,도기류/주전자,True,True,BOX,640.0,330.0,1548.0,837.0,908.0,507.0,0.1665060763888889,1.7909270216962525
Training,Training/images/도기류/주전자/14_X030_C014_0128/14_X030_C014_0128_3.jpg,Training/labels/도기류/주전자/14_X030_C014_0128/14_X030_C014_0128_3.json,0,도기류/주전자,도기류,주전자,도기류/주전자,True,True,BOX,998.0,380.0,1390.0,797.0,392.0,417.0,0.06814748111461304,0.9400479616306955
Training,Training/images/도기류/컵/14_X001_C162_1210/14_X001_C162_1210_3.jpg,Training/labels/도기류/컵/14_X001_C162_1210/14_X001_C162_1210_3.json,0,도기류/컵,도기류,컵,도기류/컵,True,True,BOX,972.0,422.0,1147.0,636.0,175.0,214.0,0.013545283564814815,0.8177570093457944
Training,Training/images/도기류/컵/14_X001_C178_1214/14_X001_C178_1214_0.jpg,Training/labels/도기류/컵/14_X001_C178_1214/14_X001_C178_1214_0.json,0,도기류/컵,도기류,컵,도기류/컵,True,True,BOX,498.0,343.0,1445.0,1086.0,947.0,743.0,0.2544925491898148,1.2745625841184387
Training,Training/images/도기류/컵/14_X002_C172_1007/14_X002_C172_1007_3.jpg,Training/labels/도기류/컵/14_X002_C172_1007/14_X002_C172_1007_3.json,0,도기류/컵,도기류,컵,도기류/컵,True,True,BOX,675.0,247.0,1474.0,1152.0,799.0,905.0,0.2615360966435185,0.8828729281767956
Training,Training/images/도기류/컵/14_X005_C198_1217/14_X005_C198_1217_0.jpg,Training/labels/도기류/컵/14_X005_C198_1217/14_X005_C198_1217_0.json,0,도기류/컵,도기류,컵,도기류/컵,True,True,BOX,930.0,472.0,1070.0,672.0,140.0,200.0,0.010127314814814815,0.7
Training,Training/images/도기류/컵/14_X012_C162_1218/14_X012_C162_1218_1.jpg,Training/labels/도기류/컵/14_X012_C162_1218/14_X012_C162_1218_1.json,0,도기류/컵,도기류,컵,도기류/컵,True,True,BOX,628.0,329.0,1301.0,1016.0,673.0,687.0,0.16714059517612354,0.9796215429403202
Training,Training/images/도기류/컵/14_X014_C188_1211/14_X014_C188_1211_0.jpg,Training/labels/도기류/컵/14_X014_C188_1211/14_X014_C188_1211_0.json,0,도기류/컵,도기류,컵,도기류/컵,True,True,BOX,858.0,621.0,955.0,741.0,97.0,120.0,0.004210069444444444,0.8083333333333333
Training,Training/images/도기류/컵/14_X031_C172_0107/14_X031_C172_0107_0.jpg,Training/labels/도기류/컵/14_X031_C172_0107/14_X031_C172_0107_0.json,0,도기류/컵,도기류,컵,도기류/컵,True,True,BOX,491.0,122.0,1469.0,1226.0,978.0,1104.0,0.3905208333333333,0.8858695652173914
Training,Training/images/도기류/컵/14_X038_C045_0127/14_X038_C045_0127_4.jpg,Training/labels/도기류/컵/14_X038_C045_0127/14_X038_C045_0127_4.json,0,도기류/컵,도기류,컵,도기류/컵,True,True,BOX,713.0,388.0,1010.0,674.0,297.0,286.0,0.03070666319625195,1.0384615384615385
Training,Training/images/도기류/컵/14_X038_C045_0127/14_X038_C045_0127_4.jpg,Training/labels/도기류/컵/14_X038_C045_0127/14_X038_C045_0127_4.json,1,도기류/컵,도기류,컵,도기류/컵,True,True,BOX,776.0,742.0,1150.0,1204.0,374.0,462.0,0.06246312684365782,0.8095238095238095
Training,Training/images/도기류/컵/14_X116_C900_0318/14_X116_C900_0318_2.jpg,Training/labels/도기류/컵/14_X116_C900_0318/14_X116_C900_0318_2.json,0,도기류/컵,도기류,컵,도기류/컵,True,True,BOX,538.0,369.0,1239.0,995.0,701.0,626.0,0.15863627161779165,1.1198083067092652
Training,Training/images/도기류/항아리/14_X001_C211_0107/14_X001_C211_0107_3.jpg,Training/labels/도기류/항아리/14_X001_C211_0107/14_X001_C211_0107_3.json,0,도기류/항아리,도기류,항아리,도기류/항아리,True,True,BOX,691.0,262.0,1241.0,1092.0,550.0,830.0,0.16511140046296297,0.6626506024096386
Training,Training/images/도기류/항아리/14_X002_C044_1209/14_X002_C044_1209_1.jpg,Training/labels/도기류/항아리/14_X002_C044_1209/14_X002_C044_1209_1.json,0,도기류/항아리,도기류,항아리,도기류/항아리,True,True,BOX,599.0,310.0,1383.0,1128.0,784.0,818.0,0.23195601851851852,0.9584352078239609
Training,Training/images/도기류/항아리/14_X003_C015_1209/14_X003_C015_1209_0.jpg,Training/labels/도기류/항아리/14_X003_C015_1209/14_X003_C015_1209_0.json,0,도기류/항아리,도기류,항아리,도기류/항아리,True,True,BOX,1062.0,433.0,1280.0,642.0,218.0,209.0,0.02197241512345679,1.0430622009569377
Training,Training/images/도기류/항아리/14_X003_C015_1209/14_X003_C015_1209_0.jpg,Training/labels/도기류/항아리/14_X003_C015_1209/14_X003_C015_1209_0.json,1,도기류/항아리,도기류,항아리,도기류/항아리,True,True,BOX,784.0,384.0,930.0,517.0,146.0,133.0,0.009364390432098765,1.0977443609022557
Training,Training/images/도기류/항아리/14_X003_C023_1123/14_X003_C023_1123_4.jpg,Training/labels/도기류/항아리/14_X003_C023_1123/14_X003_C023_1123_4.json,0,도기류/항아리,도기류,항아리,도기류/항아리,True,True,BOX,796.0,222.0,1390.0,902.0,594.0,680.0,0.19479166666666667,0.8735294117647059
Training,Training/images/도기류/항아리/14_X003_C706_1228/14_X003_C706_1228_0.jpg,Training/labels/도기류/항아리/14_X003_C706_1228/14_X003_C706_1228_0.json,0,도기류/항아리,도기류,항아리,도기류/항아리,True,True,BOX,616.0,481.0,1234.0,1515.0,618.0,1034.0,0.17316267419932735,0.597678916827853
Training,Training/images/도기류/항아리/14_X004_C055_1030/14_X004_C055_1030_2.jpg,Training/labels/도기류/항아리/14_X004_C055_1030/14_X004_C055_1030_2.json,0,도기류/항아리,도기류,항아리,도기류/항아리,True,True,BOX,667.0,240.0,1205.0,875.0,538.0,635.0,0.12356409143518518,0.8472440944881889
Training,Training/images/도기류/항아리/14_X012_C055_1201/14_X012_C055_1201_4.jpg,Training/labels/도기류/항아리/14_X012_C055_1201/14_X012_C055_1201_4.json,0,도기류/항아리,도기류,항아리,도기류/항아리,True,True,BOX,663.0,120.0,1571.0,973.0,908.0,853.0,0.37351658950617284,1.0644783118405627
Training,Training/images/도기류/항아리/14_X016_C055_1204/14_X016_C055_1204_2.jpg,Training/labels/도기류/항아리/14_X016_C055_1204/14_X016_C055_1204_2.json,0,도기류/항아리,도기류,항아리,도기류/항아리,True,True,BOX,600.0,260.0,1221.0,851.0,621.0,591.0,0.1769921875,1.0507614213197969
Training,Training/images/도기류/항아리/14_X022_C172_0107/14_X022_C172_0107_0.jpg,Training/labels/도기류/항아리/14_X022_C172_0107/14_X022_C172_0107_0.json,0,도기류/항아리,도기류,항아리,도기류/항아리,True,True,BOX,366.0,177.0,1661.0,1082.0,1295.0,905.0,0.4238914207175926,1.430939226519337
Training,Training/images/도기류/화분/14_X001_C016_1202/14_X001_C016_1202_4.jpg,Training/labels/도기류/화분/14_X001_C016_1202/14_X001_C016_1202_4.json,0,도기류/화분,도기류,화분,도기류/화분,True,True,BOX,1025.0,308.0,1277.0,704.0,252.0,396.0,0.03609375,0.6363636363636364
Training,Training/images/도기류/화분/14_X001_C057_1016/14_X001_C057_1016_4.jpg,Training/labels/도기류/화분/14_X001_C057_1016/14_X001_C057_1016_4.json,0,도기류/화분,도기류,화분,도기류/화분,True,True,BOX,468.0,197.0,1277.0,1113.0,809.0,916.0,0.2680280671296296,0.8831877729257642
Training,Training/images/도기류/화분/14_X001_C323_0127/14_X001_C323_0127_1.jpg,Training/labels/도기류/화분/14_X001_C323_0127/14_X001_C323_0127_1.json,0,도기류/화분,도기류,화분,도기류/화분,True,True,BOX,808.0,167.0,1198.0,737.0,390.0,570.0,0.10714905431199029,0.6842105263157895
Training,Training/images/도기류/화분/14_X002_C208_1110/14_X002_C208_1110_4.jpg,Training/labels/도기류/화분/14_X002_C208_1110/14_X002_C208_1110_4.json,0,도기류/화분,도기류,화분,도기류/화분,True,True,BOX,690.0,103.0,1357.0,931.0,667.0,828.0,0.26633680555555556,0.8055555555555556
Training,Training/images/도기류/화분/14_X003_C014_1210/14_X003_C014_1210_4.jpg,Training/labels/도기류/화분/14_X003_C014_1210/14_X003_C014_1210_4.json,0,도기류/화분,도기류,화분,도기류/화분,True,True,BOX,702.0,108.0,1187.0,855.0,485.0,747.0,0.17471788194444443,0.6492637215528781
Training,Training/images/도기류/화분/14_X003_C190_1211/14_X003_C190_1211_4.jpg,Training/labels/도기류/화분/14_X003_C190_1211/14_X003_C190_1211_4.json,0,도기류/화분,도기류,화분,도기류/화분,True,True,BOX,242.0,421.0,597.0,831.0,355.0,410.0,0.052643952546296294,0.8658536585365854
Training,Training/images/도기류/화분/14_X003_C190_1211/14_X003_C190_1211_4.jpg,Training/labels/도기류/화분/14_X003_C190_1211/14_X003_C190_1211_4.json,1,도기류/화분,도기류,화분,도기류/화분,True,True,BOX,1116.0,304.0,1654.0,930.0,538.0,626.0,0.12181278935185186,0.8594249201277955
Training,Training/images/도기류/화분/14_X003_C312_1109/14_X003_C312_1109_2.jpg,Training/labels/도기류/화분/14_X003_C312_1109/14_X003_C312_1109_2.json,0,도기류/화분,도기류,화분,도기류/화분,True,True,BOX,781.0,335.0,1347.0,1049.0,566.0,714.0,0.1948900462962963,0.7927170868347339
Training,Training/images/도기류/화분/14_X004_C312_1106/14_X004_C312_1106_0.jpg,Training/labels/도기류/화분/14_X004_C312_1106/14_X004_C312_1106_0.json,0,도기류/화분,도기류,화분,도기류/화분,True,True,BOX,505.0,68.0,1205.0,703.0,700.0,635.0,0.21436149691358025,1.1023622047244095
Training,Training/images/도기류/화분/14_X024_C014_0128/14_X024_C014_0128_2.jpg,Training/labels/도기류/화분/14_X024_C014_0128/14_X024_C014_0128_2.json,0,도기류/화분,도기류,화분,도기류/화분,True,True,BOX,838.0,296.0,1249.0,787.0,411.0,491.0,0.08413002151183151,0.8370672097759674
Training,Training/images/비닐/과자봉지/15_X001_C163_0923/15_X001_C163_0923_3.jpg,Training/labels/비닐/과자봉지/15_X001_C163_0923/15_X001_C163_0923_3.json,0,비닐/과자봉지,비닐,과자봉지,비닐/과자봉지,True,True,BOX,0.0,880.0,1549.0,1309.0,1549.0,429.0,0.24035047743055554,3.6107226107226107
Training,Training/images/비닐/과자봉지/15_X003_C037_1113/15_X003_C037_1113_3.jpg,Training/labels/비닐/과자봉지/15_X003_C037_1113/15_X003_C037_1113_3.json,0,비닐/과자봉지,비닐,과자봉지,비닐/과자봉지,True,True,BOX,393.0,228.0,1212.0,1022.0,819.0,794.0,0.23520182291666666,1.0314861460957179
Training,Training/images/비닐/과자봉지/15_X013_C502_1112/15_X013_C502_1112_2.jpg,Training/labels/비닐/과자봉지/15_X013_C502_1112/15_X013_C502_1112_2.json,0,비닐/과자봉지,비닐,과자봉지,비닐/과자봉지,True,True,BOX,72.0,395.0,1223.0,1180.0,1151.0,785.0,0.32679940682870373,1.4662420382165604
Training,Training/images/비닐/과자봉지/15_X014_C044_1103/15_X014_C044_1103_2.jpg,Training/labels/비닐/과자봉지/15_X014_C044_1103/15_X014_C044_1103_2.json,0,비닐/과자봉지,비닐,과자봉지,비닐/과자봉지,True,True,POLYGON->BOX,234.0,1031.0,3561.0,2633.0,3327.0,1602.0,0.43713240504535145,2.0767790262172285
Training,Training/images/비닐/과자봉지/15_X025_C192_1112/15_X025_C192_1112_0.jpg,Training/labels/비닐/과자봉지/15_X025_C192_1112/15_X025_C192_1112_0.json,0,비닐/과자봉지,비닐,과자봉지,비닐/과자봉지,True,True,BOX,698.0,465.0,1312.0,895.0,614.0,430.0,0.09549334490740741,1.427906976744186
Training,Training/images/비닐/과자봉지/15_X067_C096_0321/15_X067_C096_0321_2.jpg,Training/labels/비닐/과자봉지/15_X067_C096_0321/15_X067_C096_0321_2.json,0,비닐/과자봉지,비닐,과자봉지,비닐/과자봉지,True,True,BOX,747.0,74.0,1426.0,843.0,679.0,769.0,0.25167784911408025,0.88296488946684
Training,Training/images/비닐/과자봉지/15_X104_C502_1224/15_X104_C502_1224_3.jpg,Training/labels/비닐/과자봉지/15_X104_C502_1224/15_X104_C502_1224_3.json,0,비닐/과자봉지,비닐,과자봉지,비닐/과자봉지,True,True,BOX,432.0,823.0,1082.0,1145.0,650.0,322.0,0.07570167824074074,2.018633540372671
Training,Training/images/비닐/과자봉지/15_X232_C886_0330/15_X232_C886_0330_2.jpg,Training/labels/비닐/과자봉지/15_X232_C886_0330/15_X232_C886_0330_2.json,0,비닐/과자봉지,비닐,과자봉지,비닐/과자봉지,True,True,BOX,890.0,646.0,1285.0,924.0,395.0,278.0,0.03969648331308925,1.420863309352518
Training,Training/images/비닐/과자봉지/15_X870_C887_0330/15_X870_C887_0330_2.jpg,Training/labels/비닐/과자봉지/15_X870_C887_0330/15_X870_C887_0330_2.json,0,비닐/과자봉지,비닐,과자봉지,비닐/과자봉지,True,True,BOX,775.0,279.0,1482.0,908.0,707.0,629.0,0.2143477548344805,1.124006359300477
Training,Training/images/비닐/기타/15_X001_C206_1209/15_X001_C206_1209_4.jpg,Training/labels/비닐/기타/15_X001_C206_1209/15_X001_C206_1209_4.json,0,비닐/기타,비닐,기타,비닐/기타,True,True,BOX,342.0,157.0,1367.0,735.0,1025.0,578.0,0.28529794601851777,1.773356401384083
Training,Training/images/비닐/기타/15_X003_C807_0925/15_X003_C807_0925_0.jpg,Training/labels/비닐/기타/15_X003_C807_0925/15_X003_C807_0925_0.json,0,비닐/기타,비닐,기타,비닐/기타,True,True,BOX,353.0,440.0,1215.0,1715.0,862.0,1275.0,0.39730825958702065,0.676078431372549
Training,Training/images/비닐/기타/15_X003_C807_0925/15_X003_C807_0925_1.jpg,Training/labels/비닐/기타/15_X003_C807_0925/15_X003_C807_0925_1.json,0,비닐/기타,비닐,기타,비닐/기타,True,True,BOX,47.0,507.0,974.0,1705.0,927.0,1198.0,0.4014640812077043,0.7737896494156928
Training,Training/images/비닐/기타/15_X003_C807_0925/15_X003_C807_0925_2.jpg,Training/labels/비닐/기타/15_X003_C807_0925/15_X003_C807_0925_2.json,0,비닐/기타,비닐,기타,비닐/기타,True,True,BOX,458.0,436.0,1216.0,1599.0,758.0,1163.0,0.3186831222164382,0.6517626827171109
Training,Training/images/비닐/기타/15_X004_C805_0924/15_X004_C805_0924_0.jpg,Training/labels/비닐/기타/15_X004_C805_0924/15_X004_C805_0924_0.json,0,비닐/기타,비닐,기타,비닐/기타,True,True,BOX,582.0,5.0,1253.0,990.0,671.0,985.0,0.31811172258314796,0.6812182741116751
Training,Training/images/비닐/기타/15_X004_C805_0924/15_X004_C805_0924_2.jpg,Training/labels/비닐/기타/15_X004_C805_0924/15_X004_C805_0924_2.json,0,비닐/기타,비닐,기타,비닐/기타,True,True,BOX,253.0,120.0,1480.0,880.0,1227.0,760.0,0.4488271063618013,1.6144736842105263
Training,Training/images/비닐/기타/15_X008_C805_0925/15_X008_C805_0925_2.jpg,Training/labels/비닐/기타/15_X008_C805_0925/15_X008_C805_0925_2.json,0,비닐/기타,비닐,기타,비닐/기타,True,True,BOX,617.0,235.0,1336.0,903.0,719.0,668.0,0.19986658693509077,1.0763473053892216
Training,Training/images/비닐/기타/15_X071_C205_1206/15_X071_C205_1206_1.jpg,Training/labels/비닐/기타/15_X071_C205_1206/15_X071_C205_1206_1.json,0,비닐/기타,비닐,과자봉지,비닐/과자봉지,False,True,BOX,688.0,259.0,1222.0,768.0,534.0,509.0,0.1310792824074074,1.0491159135559922
Training,Training/images/비닐/기타/15_X071_C205_1206/15_X071_C205_1206_3.jpg,Training/labels/비닐/기타/15_X071_C205_1206/15_X071_C205_1206_3.json,0,비닐/기타,비닐,과자봉지,비닐/과자봉지,False,True,BOX,669.0,298.0,1303.0,862.0,634.0,564.0,0.17244212962962963,1.124113475177305
Training,Training/images/비닐/리필용기/15_X117_C888_0330/15_X117_C888_0330_3.jpg,Training/labels/비닐/리필용기/15_X117_C888_0330/15_X117_C888_0330_3.json,0,비닐/리필용기,비닐,리필용기,비닐/리필용기,True,True,POLYGON->BOX,672.0,514.0,1119.0,888.0,447.0,374.0,0.06043510324483776,1.195187165775401
Training,Training/images/비닐/리필용기/15_X170_C886_0330/15_X170_C886_0330_2.jpg,Training/labels/비닐/리필용기/15_X170_C886_0330/15_X170_C886_0330_2.json,0,비닐/리필용기,비닐,리필용기,비닐/리필용기,True,True,POLYGON->BOX,584.0,482.0,1009.0,1044.0,425.0,562.0,0.08634464110127826,0.7562277580071174
Training,Training/images/비닐/리필용기/15_X562_C887_0330/15_X562_C887_0330_3.jpg,Training/labels/비닐/리필용기/15_X562_C887_0330/15_X562_C887_0330_3.json,0,비닐/리필용기,비닐,리필용기,비닐/리필용기,True,True,POLYGON->BOX,514.0,499.0,1047.0,981.0,533.0,482.0,0.09287191277691018,1.1058091286307055
Training,Training/images/비닐/리필용기/15_X652_C886_0330/15_X652_C886_0330_0.jpg,Training/labels/비닐/리필용기/15_X652_C886_0330/15_X652_C886_0330_0.json,0,비닐/리필용기,비닐,리필용기,비닐/리필용기,True,True,BOX,253.0,555.0,730.0,1006.0,477.0,451.0,0.07776874023945861,1.057649667405765
Training,Training/images/비닐/리필용기/15_X691_C887_0330/15_X691_C887_0330_2.jpg,Training/labels/비닐/리필용기/15_X691_C887_0330/15_X691_C887_0330_2.json,0,비닐/리필용기,비닐,리필용기,비닐/리필용기,True,True,BOX,601.0,703.0,946.0,1039.0,345.0,336.0,0.041905257678292555,1.0267857142857142
Training,Training/images/비닐/리필용기/15_X693_C886_0330/15_X693_C886_0330_0.jpg,Training/labels/비닐/리필용기/15_X693_C886_0330/15_X693_C886_0330_0.json,0,비닐/리필용기,비닐,리필용기,비닐/리필용기,True,True,BOX,595.0,874.0,937.0,1137.0,342.0,263.0,0.03251561686621551,1.3003802281368821
Training,Training/images/비닐/리필용기/15_X760_C887_0330/15_X760_C887_0330_0.jpg,Training/labels/비닐/리필용기/15_X760_C887_0330/15_X760_C887_0330_0.json,0,비닐/리필용기,비닐,리필용기,비닐/리필용기,True,True,BOX,461.0,707.0,790.0,914.0,329.0,207.0,0.024619338885996878,1.5893719806763285
Training,Training/images/비닐/리필용기/15_X836_C886_0330/15_X836_C886_0330_3.jpg,Training/labels/비닐/리필용기/15_X836_C886_0330/15_X836_C886_0330_3.json,0,비닐/리필용기,비닐,리필용기,비닐/리필용기,True,True,BOX,531.0,286.0,1470.0,1117.0,939.0,831.0,0.282082899531494,1.1299638989169676
Training,Training/images/비닐/리필용기/15_X912_C888_0330/15_X912_C888_0330_0.jpg,Training/labels/비닐/리필용기/15_X912_C888_0330/15_X912_C888_0330_0.json,0,비닐/리필용기,비닐,리필용기,비닐/리필용기,True,True,BOX,556.0,464.0,1185.0,1091.0,629.0,627.0,0.14257005899705014,1.003189792663477
Training,Training/images/비닐/봉투/15_X001_C011_1005/15_X001_C011_1005_3.jpg,Training/labels/비닐/봉투/15_X001_C011_1005/15_X001_C011_1005_3.json,0,비닐/봉투,비닐,봉투,비닐/봉투,True,True,BOX,647.0,170.0,1391.0,1320.0,744.0,1150.0,0.3094618055555556,0.6469565217391304
Training,Training/images/비닐/봉투/15_X001_C023_0929/15_X001_C023_0929_0.jpg,Training/labels/비닐/봉투/15_X001_C023_0929/15_X001_C023_0929_0.json,0,비닐/봉투,비닐,봉투,비닐/봉투,True,True,BOX,194.0,127.0,1581.0,1377.0,1387.0,1250.0,0.6270797164351852,1.1096
Training,Training/images/비닐/봉투/15_X001_C162_1007/15_X001_C162_1007_2.jpg,Training/labels/비닐/봉투/15_X001_C162_1007/15_X001_C162_1007_2.json,0,비닐/봉투,비닐,봉투,비닐/봉투,True,True,BOX,695.0,161.0,1473.0,924.0,778.0,763.0,0.2862721836419753,1.019659239842726
Training,Training/images/비닐/봉투/15_X002_C052_1022/15_X002_C052_1022_3.jpg,Training/labels/비닐/봉투/15_X002_C052_1022/15_X002_C052_1022_3.json,0,비닐/봉투,비닐,봉투,비닐/봉투,True,True,BOX,590.0,249.0,1441.0,1101.0,851.0,852.0,0.2622439236111111,0.9988262910798122
Training,Training/images/비닐/봉투/15_X002_C056_0929/15_X002_C056_0929_1.jpg,Training/labels/비닐/봉투/15_X002_C056_0929/15_X002_C056_0929_1.json,0,비닐/봉투,비닐,봉투,비닐/봉투,True,True,BOX,688.0,513.0,1166.0,1004.0,478.0,491.0,0.08488787615740741,0.9735234215885947
Training,Training/images/비닐/봉투/15_X005_C023_1012/15_X005_C023_1012_1.jpg,Training/labels/비닐/봉투/15_X005_C023_1012/15_X005_C023_1012_1.json,0,비닐/봉투,비닐,봉투,비닐/봉투,True,True,BOX,310.0,267.0,1698.0,1129.0,1388.0,862.0,0.4327459490740741,1.6102088167053363
Training,Training/images/비닐/봉투/15_X009_C203_1109/15_X009_C203_1109_2.jpg,Training/labels/비닐/봉투/15_X009_C203_1109/15_X009_C203_1109_2.json,0,비닐/봉투,비닐,봉투,비닐/봉투,True,True,BOX,373.0,147.0,1371.0,684.0,998.0,537.0,0.2584519675925926,1.8584729981378025
Training,Training/images/비닐/봉투/15_X016_C023_1105/15_X016_C023_1105_2.jpg,Training/labels/비닐/봉투/15_X016_C023_1105/15_X016_C023_1105_2.json,0,비닐/봉투,비닐,봉투,비닐/봉투,True,True,BOX,439.0,139.0,1374.0,765.0,935.0,626.0,0.28226755401234566,1.4936102236421724
Training,Training/images/비닐/봉투/15_X081_C985_0319/15_X081_C985_0319_1.jpg,Training/labels/비닐/봉투/15_X081_C985_0319/15_X081_C985_0319_1.json,0,비닐/봉투,비닐,봉투,비닐/봉투,True,True,BOX,169.0,554.0,1147.0,1531.0,978.0,977.0,0.3454168835675863,1.0010235414534288
Training,Training/images/비닐/에어캡/15_X002_C012_1020/15_X002_C012_1020_1.jpg,Training/labels/비닐/에어캡/15_X002_C012_1020/15_X002_C012_1020_1.json,0,비닐/에어캡,비닐,에어캡,비닐/에어캡,True,True,BOX,640.0,101.0,1313.0,1349.0,673.0,1248.0,0.30378472222222225,0.5392628205128205
Training,Training/images/비닐/에어캡/15_X004_C501_0318/15_X004_C501_0318_3.jpg,Training/labels/비닐/에어캡/15_X004_C501_0318/15_X004_C501_0318_3.json,0,비닐/에어캡,비닐,에어캡,비닐/에어캡,True,True,BOX,673.0,179.0,1285.0,915.0,612.0,736.0,0.16283185840707964,0.8315217391304348
Training,Training/images/비닐/에어캡/15_X005_C023_1013/15_X005_C023_1013_1.jpg,Training/labels/비닐/에어캡/15_X005_C023_1013/15_X005_C023_1013_1.json,0,비닐/에어캡,비닐,에어캡,비닐/에어캡,True,True,BOX,471.0,171.0,1540.0,1368.0,1069.0,1197.0,0.46281575520833335,0.8930659983291562
Training,Training/images/비닐/에어캡/15_X011_C710_1215/15_X011_C710_1215_4.jpg,Training/labels/비닐/에어캡/15_X011_C710_1215/15_X011_C710_1215_4.json,0,비닐/에어캡,비닐,에어캡,비닐/에어캡,True,True,BOX,422.0,81.0,1548.0,877.0,1126.0,796.0,0.43224151234567904,1.414572864321608
Training,Training/images/비닐/에어캡/15_X013_C203_1027/15_X013_C203_1027_2.jpg,Training/labels/비닐/에어캡/15_X013_C203_1027/15_X013_C203_1027_2.json,0,비닐/에어캡,비닐,에어캡,비닐/에어캡,True,True,BOX,77.0,265.0,1674.0,989.0,1597.0,724.0,0.4181958912037037,2.205801104972376
Training,Training/images/비닐/에어캡/15_X020_C509_0319/15_X020_C509_0319_1.jpg,Training/labels/비닐/에어캡/15_X020_C509_0319/15_X020_C509_0319_1.json,0,비닐/에어캡,비닐,에어캡,비닐/에어캡,True,True,BOX,593.0,780.0,1523.0,1338.0,930.0,558.0,0.18759760541384696,1.6666666666666667
Training,Training/images/비닐/에어캡/15_X020_C509_0319/15_X020_C509_0319_1.jpg,Training/labels/비닐/에어캡/15_X020_C509_0319/15_X020_C509_0319_1.json,1,비닐/에어캡,비닐,봉투,비닐/봉투,False,True,BOX,410.0,231.0,1367.0,1252.0,957.0,1021.0,0.3532220631615478,0.9373163565132223
Training,Training/images/비닐/에어캡/15_X025_C209_1106/15_X025_C209_1106_0.jpg,Training/labels/비닐/에어캡/15_X025_C209_1106/15_X025_C209_1106_0.json,0,비닐/에어캡,비닐,에어캡,비닐/에어캡,True,True,BOX,477.0,462.0,1331.0,1020.0,854.0,558.0,0.17235677083333334,1.5304659498207884
Training,Training/images/비닐/에어캡/15_X050_C101_0321/15_X050_C101_0321_4.jpg,Training/labels/비닐/에어캡/15_X050_C101_0321/15_X050_C101_0321_4.json,0,비닐/에어캡,비닐,에어캡,비닐/에어캡,True,True,BOX,540.0,140.0,1263.0,856.0,723.0,716.0,0.24951703395222397,1.0097765363128492
Training,Training/images/비닐/에어캡/15_X087_C985_0319/15_X087_C985_0319_3.jpg,Training/labels/비닐/에어캡/15_X087_C985_0319/15_X087_C985_0319_3.json,0,비닐/에어캡,비닐,에어캡,비닐/에어캡,True,True,BOX,275.0,595.0,1318.0,1441.0,1043.0,846.0,0.3189809994794378,1.2328605200945626
Training,Training/images/비닐/일회용덮개/15_X007_C203_1008/15_X007_C203_1008_4.jpg,Training/labels/비닐/일회용덮개/15_X007_C203_1008/15_X007_C203_1008_4.json,0,비닐/일회용덮개,비닐,일회용덮개,비닐/일회용덮개,True,True,BOX,589.0,309.0,1351.0,1104.0,762.0,795.0,0.21910807291666667,0.9584905660377359
Training,Training/images/비닐/일회용덮개/15_X009_C502_1211/15_X009_C502_1211_0.jpg,Training/labels/비닐/일회용덮개/15_X009_C502_1211/15_X009_C502_1211_0.json,0,비닐/일회용덮개,비닐,일회용덮개,비닐/일회용덮개,True,True,BOX,566.0,714.0,865.0,814.0,299.0,100.0,0.010814525462962963,2.99
Training,Training/images/비닐/일회용덮개/15_X013_C502_1024/15_X013_C502_1024_1.jpg,Training/labels/비닐/일회용덮개/15_X013_C502_1024/15_X013_C502_1024_1.json,0,비닐/일회용덮개,비닐,일회용덮개,비닐/일회용덮개,True,True,BOX,513.0,589.0,953.0,1041.0,440.0,452.0,0.07193287037037037,0.9734513274336283
Training,Training/images/비닐/일회용덮개/15_X030_C501_0318/15_X030_C501_0318_0.jpg,Training/labels/비닐/일회용덮개/15_X030_C501_0318/15_X030_C501_0318_0.json,0,비닐/일회용덮개,비닐,일회용덮개,비닐/일회용덮개,True,True,BOX,520.0,803.0,1074.0,1198.0,554.0,395.0,0.07910738041529296,1.4025316455696202
Training,Training/images/비닐/일회용덮개/15_X036_C971_0318/15_X036_C971_0318_3.jpg,Training/labels/비닐/일회용덮개/15_X036_C971_0318/15_X036_C971_0318_3.json,0,비닐/일회용덮개,비닐,일회용덮개,비닐/일회용덮개,True,True,BOX,434.0,426.0,1070.0,1178.0,636.0,752.0,0.17289606107929897,0.8457446808510638
Training,Training/images/비닐/일회용덮개/15_X058_C972_0318/15_X058_C972_0318_1.jpg,Training/labels/비닐/일회용덮개/15_X058_C972_0318/15_X058_C972_0318_1.json,0,비닐/일회용덮개,비닐,일회용덮개,비닐/일회용덮개,True,True,BOX,824.0,142.0,1491.0,1075.0,667.0,933.0,0.29967769446321174,0.714898177920686
Training,Training/images/비닐/일회용덮개/15_X070_C501_0318/15_X070_C501_0318_2.jpg,Training/labels/비닐/일회용덮개/15_X070_C501_0318/15_X070_C501_0318_2.json,0,비닐/일회용덮개,비닐,일회용덮개,비닐/일회용덮개,True,True,BOX,634.0,172.0,1312.0,950.0,678.0,778.0,0.1906862745098039,0.87146529562982
Training,Training/images/비닐/일회용덮개/15_X099_C502_1216/15_X099_C502_1216_0.jpg,Training/labels/비닐/일회용덮개/15_X099_C502_1216/15_X099_C502_1216_0.json,0,비닐/일회용덮개,비닐,일회용덮개,비닐/일회용덮개,True,True,BOX,485.0,870.0,701.0,952.0,216.0,82.0,0.00640625,2.6341463414634148
Training,Training/images/비닐/일회용덮개/15_X126_C501_0318/15_X126_C501_0318_0.jpg,Training/labels/비닐/일회용덮개/15_X126_C501_0318/15_X126_C501_0318_0.json,0,비닐/일회용덮개,비닐,일회용덮개,비닐/일회용덮개,True,True,BOX,530.0,300.0,1300.0,898.0,770.0,598.0,0.1664569957776621,1.2876254180602007
Training,Training/images/비닐/포장제/15_X012_C014_1030/15_X012_C014_1030_0.jpg,Training/labels/비닐/포장제/15_X012_C014_1030/15_X012_C014_1030_0.json,0,비닐/포장제,비닐,포장제,비닐/포장제,True,True,BOX,703.0,281.0,1162.0,682.0,459.0,401.0,0.08876302083333333,1.144638403990025
Training,Training/images/비닐/포장제/15_X013_C509_0111/15_X013_C509_0111_2.jpg,Training/labels/비닐/포장제/15_X013_C509_0111/15_X013_C509_0111_2.json,0,비닐/포장제,비닐,포장제,비닐/포장제,True,True,BOX,536.0,383.0,1481.0,1512.0,945.0,1129.0,0.28941650390625,0.8370239149689991
Training,Training/images/비닐/포장제/15_X015_C802_0217/15_X015_C802_0217_1.jpg,Training/labels/비닐/포장제/15_X015_C802_0217/15_X015_C802_0217_1.json,0,비닐/포장제,비닐,포장제,비닐/포장제,True,True,BOX,181.0,372.0,1277.0,1599.0,1096.0,1227.0,0.4861443692521256,0.8932355338223309
Training,Training/images/비닐/포장제/15_X020_C189_1109/15_X020_C189_1109_3.jpg,Training/labels/비닐/포장제/15_X020_C189_1109/15_X020_C189_1109_3.json,0,비닐/포장제,비닐,포장제,비닐/포장제,True,True,BOX,251.0,853.0,1820.0,1594.0,1569.0,741.0,0.31538330078125,2.117408906882591
Training,Training/images/비닐/포장제/15_X020_C194_1112/15_X020_C194_1112_0.jpg,Training/labels/비닐/포장제/15_X020_C194_1112/15_X020_C194_1112_0.json,0,비닐/포장제,비닐,포장제,비닐/포장제,True,True,BOX,436.0,87.0,1528.0,927.0,1092.0,840.0,0.4423611111111111,1.3
Training,Training/images/비닐/포장제/15_X033_C509_0319/15_X033_C509_0319_2.jpg,Training/labels/비닐/포장제/15_X033_C509_0319/15_X033_C509_0319_2.json,0,비닐/포장제,비닐,포장제,비닐/포장제,True,True,BOX,563.0,189.0,1537.0,1297.0,974.0,1108.0,0.3901295621493435,0.8790613718411552
Training,Training/images/비닐/포장제/15_X147_C887_0330/15_X147_C887_0330_0.jpg,Training/labels/비닐/포장제/15_X147_C887_0330/15_X147_C887_0330_0.json,0,비닐/포장제,비닐,포장제,비닐/포장제,True,True,BOX,517.0,743.0,880.0,1118.0,363.0,375.0,0.04920939614783967,0.968
Training,Training/images/비닐/포장제/15_X310_C887_0330/15_X310_C887_0330_1.jpg,Training/labels/비닐/포장제/15_X310_C887_0330/15_X310_C887_0330_1.json,0,비닐/포장제,비닐,포장제,비닐/포장제,True,True,BOX,542.0,643.0,1013.0,1096.0,471.0,453.0,0.07713105153565851,1.0397350993377483
Training,Training/images/비닐/포장제/15_X758_C888_0330/15_X758_C888_0330_2.jpg,Training/labels/비닐/포장제/15_X758_C888_0330/15_X758_C888_0330_2.json,0,비닐/포장제,비닐,포장제,비닐/포장제,True,True,BOX,705.0,529.0,1410.0,1141.0,705.0,612.0,0.15597345132743362,1.1519607843137254
Training,Training/images/스티로폼/네모트레이/16_X004_C103_0321/16_X004_C103_0321_1.jpg,Training/labels/스티로폼/네모트레이/16_X004_C103_0321/16_X004_C103_0321_1.json,0,스티로폼/네모트레이,스티로폼,네모트레이,스티로폼/네모트레이,True,True,BOX,593.0,380.0,1447.0,971.0,854.0,591.0,0.24327317947828098,1.4450084602368867
Training,Training/images/스티로폼/네모트레이/16_X009_C509_0118/16_X009_C509_0118_3.jpg,Training/labels/스티로폼/네모트레이/16_X009_C509_0118/16_X009_C509_0118_3.json,0,스티로폼/네모트레이,스티로폼,네모트레이,스티로폼/네모트레이,True,True,BOX,387.0,357.0,1670.0,1098.0,1283.0,741.0,0.25789469401041665,1.7314439946018894
Training,Training/images/스티로폼/네모트레이/16_X010_C520_0115/16_X010_C520_0115_2.jpg,Training/labels/스티로폼/네모트레이/16_X010_C520_0115/16_X010_C520_0115_2.json,0,스티로폼/네모트레이,스티로폼,네모트레이,스티로폼/네모트레이,True,True,BOX,288.0,204.0,922.0,590.0,634.0,386.0,0.11801890432098766,1.6424870466321244
Training,Training/images/스티로폼/네모트레이/16_X010_C520_0115/16_X010_C520_0115_2.jpg,Training/labels/스티로폼/네모트레이/16_X010_C520_0115/16_X010_C520_0115_2.json,1,스티로폼/네모트레이,스티로폼,네모트레이,스티로폼/네모트레이,True,True,BOX,1027.0,236.0,1815.0,520.0,788.0,284.0,0.10792438271604939,2.7746478873239435
Training,Training/images/스티로폼/네모트레이/16_X017_C555_0114/16_X017_C555_0114_2.jpg,Training/labels/스티로폼/네모트레이/16_X017_C555_0114/16_X017_C555_0114_2.json,0,스티로폼/네모트레이,스티로폼,네모트레이,스티로폼/네모트레이,True,True,BOX,183.0,164.0,848.0,582.0,665.0,418.0,0.13405189043209875,1.5909090909090908
Training,Training/images/스티로폼/네모트레이/16_X017_C555_0114/16_X017_C555_0114_2.jpg,Training/labels/스티로폼/네모트레이/16_X017_C555_0114/16_X017_C555_0114_2.json,1,스티로폼/네모트레이,스티로폼,네모트레이,스티로폼/네모트레이,True,True,BOX,1173.0,120.0,1838.0,581.0,665.0,461.0,0.1478419174382716,1.4425162689804771
Training,Training/images/스티로폼/네모트레이/16_X057_C551_0114/16_X057_C551_0114_2.jpg,Training/labels/스티로폼/네모트레이/16_X057_C551_0114/16_X057_C551_0114_2.json,0,스티로폼/네모트레이,스티로폼,네모트레이,스티로폼/네모트레이,True,True,BOX,1095.0,274.0,1723.0,502.0,628.0,228.0,0.06905092592592593,2.754385964912281
Training,Training/images/스티로폼/네모트레이/16_X057_C551_0114/16_X057_C551_0114_2.jpg,Training/labels/스티로폼/네모트레이/16_X057_C551_0114/16_X057_C551_0114_2.json,1,스티로폼/네모트레이,스티로폼,네모트레이,스티로폼/네모트레이,True,True,BOX,306.0,274.0,878.0,496.0,572.0,222.0,0.061238425925925925,2.5765765765765765
Training,Training/images/스티로폼/네모트레이/16_X065_C555_0115/16_X065_C555_0115_3.jpg,Training/labels/스티로폼/네모트레이/16_X065_C555_0115/16_X065_C555_0115_3.json,0,스티로폼/네모트레이,스티로폼,네모트레이,스티로폼/네모트레이,True,True,BOX,598.0,223.0,1556.0,846.0,958.0,623.0,0.28782503858024694,1.5377207062600322
Training,Training/images/스티로폼/네모트레이/16_X065_C555_0115/16_X065_C555_0115_3.jpg,Training/labels/스티로폼/네모트레이/16_X065_C555_0115/16_X065_C555_0115_3.json,1,스티로폼/네모트레이,스티로폼,네모트레이,스티로폼/네모트레이,True,True,BOX,813.0,28.0,1075.0,163.0,262.0,135.0,0.017057291666666665,1.9407407407407407
Training,Training/images/스티로폼/네모트레이/16_X097_C581_0114/16_X097_C581_0114_4.jpg,Training/labels/스티로폼/네모트레이/16_X097_C581_0114/16_X097_C581_0114_4.json,0,스티로폼/네모트레이,스티로폼,네모트레이,스티로폼/네모트레이,True,True,BOX,923.0,351.0,1480.0,607.0,557.0,256.0,0.06876543209876543,2.17578125
Training,Training/images/스티로폼/네모트레이/16_X097_C581_0114/16_X097_C581_0114_4.jpg,Training/labels/스티로폼/네모트레이/16_X097_C581_0114/16_X097_C581_0114_4.json,1,스티로폼/네모트레이,스티로폼,네모트레이,스티로폼/네모트레이,True,True,BOX,954.0,37.0,1480.0,271.0,526.0,234.0,0.05935763888888889,2.247863247863248
Training,Training/images/스티로폼/네모트레이/16_X099_C581_0116/16_X099_C581_0116_1.jpg,Training/labels/스티로폼/네모트레이/16_X099_C581_0116/16_X099_C581_0116_1.json,0,스티로폼/네모트레이,스티로폼,네모트레이,스티로폼/네모트레이,True,True,BOX,322.0,399.0,671.0,875.0,349.0,476.0,0.08011381172839506,0.7331932773109243
Training,Training/images/스티로폼/네모트레이/16_X099_C581_0116/16_X099_C581_0116_1.jpg,Training/labels/스티로폼/네모트레이/16_X099_C581_0116/16_X099_C581_0116_1.json,1,스티로폼/네모트레이,스티로폼,네모트레이,스티로폼/네모트레이,True,True,BOX,960.0,287.0,1441.0,918.0,481.0,631.0,0.1463691165123457,0.7622820919175911
Training,Training/images/스티로폼/네모트레이/16_X242_C499_0325/16_X242_C499_0325_0.jpg,Training/labels/스티로폼/네모트레이/16_X242_C499_0325/16_X242_C499_0325_0.json,0,스티로폼/네모트레이,스티로폼,네모트레이,스티로폼/네모트레이,True,True,BOX,160.0,757.0,719.0,1034.0,559.0,277.0,0.074634642450884,2.0180505415162453
Training,Training/images/스티로폼/보호재/16_X003_C014_1208/16_X003_C014_1208_0.jpg,Training/labels/스티로폼/보호재/16_X003_C014_1208/16_X003_C014_1208_0.json,0,스티로폼/보호재,스티로폼,보호재,스티로폼/보호재,True,True,BOX,300.0,239.0,890.0,877.0,590.0,638.0,0.15685735240190685,0.9247648902821317
Training,Training/images/스티로폼/보호재/16_X003_C014_1208/16_X003_C014_1208_0.jpg,Training/labels/스티로폼/보호재/16_X003_C014_1208/16_X003_C014_1208_0.json,1,스티로폼/보호재,스티로폼,보호재,스티로폼/보호재,True,True,BOX,1080.0,302.0,1626.0,946.0,546.0,644.0,0.1465246524652465,0.8478260869565217
Training,Training/images/스티로폼/보호재/16_X005_C320_1203/16_X005_C320_1203_3.jpg,Training/labels/스티로폼/보호재/16_X005_C320_1203/16_X005_C320_1203_3.json,0,스티로폼/보호재,스티로폼,보호재,스티로폼/보호재,True,True,BOX,189.0,274.0,899.0,880.0,710.0,606.0,0.20749421296296297,1.1716171617161717
Training,Training/images/스티로폼/보호재/16_X005_C320_1203/16_X005_C320_1203_3.jpg,Training/labels/스티로폼/보호재/16_X005_C320_1203/16_X005_C320_1203_3.json,1,스티로폼/보호재,스티로폼,보호재,스티로폼/보호재,True,True,BOX,1251.0,283.0,1665.0,788.0,414.0,505.0,0.10082465277777777,0.8198019801980198
Training,Training/images/스티로폼/보호재/16_X008_C321_1109/16_X008_C321_1109_1.jpg,Training/labels/스티로폼/보호재/16_X008_C321_1109/16_X008_C321_1109_1.json,0,스티로폼/보호재,스티로폼,보호재,스티로폼/보호재,True,True,BOX,483.0,601.0,1309.0,1074.0,826.0,473.0,0.10598361545138889,1.7463002114164905
Training,Training/images/스티로폼/보호재/16_X035_C499_0325/16_X035_C499_0325_3.jpg,Training/labels/스티로폼/보호재/16_X035_C499_0325/16_X035_C499_0325_3.json,0,스티로폼/보호재,스티로폼,보호재,스티로폼/보호재,True,True,BOX,735.0,297.0,1681.0,930.0,946.0,633.0,0.28863149979755914,1.4944707740916272
Training,Training/images/스티로폼/보호재/16_X050_C101_0321/16_X050_C101_0321_2.jpg,Training/labels/스티로폼/보호재/16_X050_C101_0321/16_X050_C101_0321_2.json,0,스티로폼/보호재,스티로폼,보호재,스티로폼/보호재,True,True,BOX,124.0,143.0,1534.0,559.0,1410.0,416.0,0.28272311874602346,3.389423076923077
Training,Training/images/스티로폼/보호재/16_X063_C101_0321/16_X063_C101_0321_1.jpg,Training/labels/스티로폼/보호재/16_X063_C101_0321/16_X063_C101_0321_1.json,0,스티로폼/보호재,스티로폼,보호재,스티로폼/보호재,True,True,BOX,422.0,280.0,1596.0,696.0,1174.0,416.0,0.20360531625727482,2.8221153846153846
Training,Training/images/스티로폼/보호재/16_X185_C976_0325/16_X185_C976_0325_4.jpg,Training/labels/스티로폼/보호재/16_X185_C976_0325/16_X185_C976_0325_4.json,0,스티로폼/보호재,스티로폼,보호재,스티로폼/보호재,True,True,BOX,31.0,416.0,1164.0,1345.0,1133.0,929.0,0.38050096882410783,1.2195909580193758
Training,Training/images/스티로폼/보호재/16_X219_C509_0401/16_X219_C509_0401_0.jpg,Training/labels/스티로폼/보호재/16_X219_C509_0401/16_X219_C509_0401_0.json,0,스티로폼/보호재,스티로폼,보호재,스티로폼/보호재,True,True,BOX,425.0,188.0,1002.0,771.0,577.0,583.0,0.12160586210885534,0.9897084048027445
Training,Training/images/스티로폼/보호재/16_X308_C500_0325/16_X308_C500_0325_1.jpg,Training/labels/스티로폼/보호재/16_X308_C500_0325/16_X308_C500_0325_1.json,0,스티로폼/보호재,스티로폼,보호재,스티로폼/보호재,True,True,BOX,281.0,283.0,1288.0,940.0,1007.0,657.0,0.23916905257678292,1.5327245053272451
Training,Training/images/스티로폼/스티로폼/16_X001_C193_1224/16_X001_C193_1224_4.jpg,Training/labels/스티로폼/스티로폼/16_X001_C193_1224/16_X001_C193_1224_4.json,0,스티로폼/스티로폼,스티로폼,스티로폼,스티로폼/스티로폼,True,True,BOX,406.0,194.0,1065.0,759.0,659.0,565.0,0.13466977719907408,1.1663716814159293
Training,Training/images/스티로폼/스티로폼/16_X003_C039_1103/16_X003_C039_1103_2.jpg,Training/labels/스티로폼/스티로폼/16_X003_C039_1103/16_X003_C039_1103_2.json,0,스티로폼/스티로폼,스티로폼,스티로폼,스티로폼/스티로폼,True,True,BOX,374.0,140.0,1504.0,812.0,1130.0,672.0,0.3662037037037037,1.681547619047619
Training,Training/images/스티로폼/스티로폼/16_X003_C094_0321/16_X003_C094_0321_3.jpg,Training/labels/스티로폼/스티로폼/16_X003_C094_0321/16_X003_C094_0321_3.json,0,스티로폼/스티로폼,스티로폼,스티로폼,스티로폼/스티로폼,True,True,BOX,309.0,185.0,1383.0,949.0,1074.0,764.0,0.39550002892012265,1.405759162303665
Training,Training/images/스티로폼/스티로폼/16_X004_C509_0123/16_X004_C509_0123_2.jpg,Training/labels/스티로폼/스티로폼/16_X004_C509_0123/16_X004_C509_0123_2.json,0,스티로폼/스티로폼,스티로폼,스티로폼,스티로폼/스티로폼,True,True,BOX,99.0,728.0,1103.0,1444.0,1004.0,716.0,0.2598704378506565,1.4022346368715084
Training,Training/images/스티로폼/스티로폼/16_X006_C192_1116/16_X006_C192_1116_4.jpg,Training/labels/스티로폼/스티로폼/16_X006_C192_1116/16_X006_C192_1116_4.json,0,스티로폼/스티로폼,스티로폼,스티로폼,스티로폼/스티로폼,True,True,BOX,523.0,400.0,1531.0,1134.0,1008.0,734.0,0.26760416666666664,1.3732970027247957
Training,Training/images/스티로폼/스티로폼/16_X019_C551_0116/16_X019_C551_0116_0.jpg,Training/labels/스티로폼/스티로폼/16_X019_C551_0116/16_X019_C551_0116_0.json,0,스티로폼/스티로폼,스티로폼,네모트레이,스티로폼/네모트레이,False,True,BOX,587.0,434.0,825.0,720.0,238.0,286.0,0.03282600308641975,0.8321678321678322
Training,Training/images/스티로폼/스티로폼/16_X019_C551_0116/16_X019_C551_0116_0.jpg,Training/labels/스티로폼/스티로폼/16_X019_C551_0116/16_X019_C551_0116_0.json,1,스티로폼/스티로폼,스티로폼,스티로폼,스티로폼/스티로폼,True,True,BOX,924.0,269.0,1255.0,707.0,331.0,438.0,0.06991608796296296,0.7557077625570776
Training,Training/images/스티로폼/스티로폼/16_X210_C556_0114/16_X210_C556_0114_2.jpg,Training/labels/스티로폼/스티로폼/16_X210_C556_0114/16_X210_C556_0114_2.json,0,스티로폼/스티로폼,스티로폼,스티로폼,스티로폼/스티로폼,True,True,BOX,394.0,409.0,1555.0,1228.0,1161.0,819.0,0.343916015625,1.4175824175824177
Training,Training/images/스티로폼/스티로폼/16_X216_C551_0114/16_X216_C551_0114_1.jpg,Training/labels/스티로폼/스티로폼/16_X216_C551_0114/16_X216_C551_0114_1.json,0,스티로폼/스티로폼,스티로폼,스티로폼,스티로폼/스티로폼,True,True,BOX,755.0,136.0,1699.0,800.0,944.0,664.0,0.30228395061728397,1.4216867469879517
Training,Training/images/스티로폼/스티로폼/16_X216_C551_0114/16_X216_C551_0114_1.jpg,Training/labels/스티로폼/스티로폼/16_X216_C551_0114/16_X216_C551_0114_1.json,1,스티로폼/스티로폼,스티로폼,네모트레이,스티로폼/네모트레이,False,True,BOX,155.0,457.0,534.0,826.0,379.0,369.0,0.06744357638888888,1.02710027100271
Training,Training/images/스티로폼/스티로폼/16_X321_C509_0401/16_X321_C509_0401_0.jpg,Training/labels/스티로폼/스티로폼/16_X321_C509_0401/16_X321_C509_0401_0.json,0,스티로폼/스티로폼,스티로폼,스티로폼,스티로폼/스티로폼,True,True,BOX,543.0,404.0,1092.0,1031.0,549.0,627.0,0.12443714211348256,0.8755980861244019
Training,Training/images/스티로폼/포장용기/16_X001_C014_1006/16_X001_C014_1006_0.jpg,Training/labels/스티로폼/포장용기/16_X001_C014_1006/16_X001_C014_1006_0.json,0,스티로폼/포장용기,스티로폼,포장용기,스티로폼/포장용기,True,True,BOX,249.0,150.0,1674.0,652.0,1425.0,502.0,0.34497974537037035,2.8386454183266934
Training,Training/images/스티로폼/포장용기/16_X005_C023_0115/16_X005_C023_0115_1.jpg,Training/labels/스티로폼/포장용기/16_X005_C023_0115/16_X005_C023_0115_1.json,0,스티로폼/포장용기,스티로폼,스티로폼,스티로폼/스티로폼,False,True,BOX,296.0,157.0,884.0,863.0,588.0,706.0,0.20019675925925925,0.8328611898016998
Training,Training/images/스티로폼/포장용기/16_X005_C023_0115/16_X005_C023_0115_1.jpg,Training/labels/스티로폼/포장용기/16_X005_C023_0115/16_X005_C023_0115_1.json,1,스티로폼/포장용기,스티로폼,포장용기,스티로폼/포장용기,True,True,BOX,1206.0,92.0,1742.0,857.0,536.0,765.0,0.19774305555555555,0.7006535947712418
Training,Training/images/스티로폼/포장용기/16_X013_C508_0320/16_X013_C508_0320_4.jpg,Training/labels/스티로폼/포장용기/16_X013_C508_0320/16_X013_C508_0320_4.json,0,스티로폼/포장용기,스티로폼,포장용기,스티로폼/포장용기,True,True,BOX,430.0,229.0,1517.0,860.0,1087.0,631.0,0.3306037557599244,1.722662440570523
Training,Training/images/스티로폼/포장용기/16_X022_C088_0321/16_X022_C088_0321_2.jpg,Training/labels/스티로폼/포장용기/16_X022_C088_0321/16_X022_C088_0321_2.json,0,스티로폼/포장용기,스티로폼,포장용기,스티로폼/포장용기,True,True,BOX,647.0,206.0,1302.0,856.0,655.0,650.0,0.20521237010044924,1.0076923076923077
Training,Training/images/스티로폼/포장용기/16_X062_C093_0321/16_X062_C093_0321_4.jpg,Training/labels/스티로폼/포장용기/16_X062_C093_0321/16_X062_C093_0321_4.json,0,스티로폼/포장용기,스티로폼,포장용기,스티로폼/포장용기,True,True,BOX,399.0,184.0,1007.0,934.0,608.0,750.0,0.21979293192203134,0.8106666666666666
Training,Training/images/스티로폼/포장용기/16_X066_C509_0320/16_X066_C509_0320_4.jpg,Training/labels/스티로폼/포장용기/16_X066_C509_0320/16_X066_C509_0320_4.json,0,스티로폼/포장용기,스티로폼,포장용기,스티로폼/포장용기,True,True,BOX,579.0,105.0,1460.0,756.0,881.0,651.0,0.27644311411880385,1.3533026113671276
Training,Training/images/스티로폼/포장용기/16_X067_C581_0115/16_X067_C581_0115_3.jpg,Training/labels/스티로폼/포장용기/16_X067_C581_0115/16_X067_C581_0115_3.json,0,스티로폼/포장용기,스티로폼,포장용기,스티로폼/포장용기,True,True,BOX,407.0,82.0,1013.0,438.0,606.0,356.0,0.10403935185185186,1.702247191011236
Training,Training/images/스티로폼/포장용기/16_X067_C581_0115/16_X067_C581_0115_3.jpg,Training/labels/스티로폼/포장용기/16_X067_C581_0115/16_X067_C581_0115_3.json,1,스티로폼/포장용기,스티로폼,네모트레이,스티로폼/네모트레이,False,True,BOX,267.0,561.0,903.0,832.0,636.0,271.0,0.08311921296296296,2.3468634686346865
Training,Training/images/스티로폼/포장용기/16_X085_C581_0116/16_X085_C581_0116_3.jpg,Training/labels/스티로폼/포장용기/16_X085_C581_0116/16_X085_C581_0116_3.json,0,스티로폼/포장용기,스티로폼,포장용기,스티로폼/포장용기,True,True,BOX,615.0,46.0,1088.0,243.0,473.0,197.0,0.04493682484567901,2.401015228426396
Training,Training/images/스티로폼/포장용기/16_X085_C581_0116/16_X085_C581_0116_3.jpg,Training/labels/스티로폼/포장용기/16_X085_C581_0116/16_X085_C581_0116_3.json,1,스티로폼/포장용기,스티로폼,포장용기,스티로폼/포장용기,True,True,BOX,473.0,459.0,1068.0,942.0,595.0,483.0,0.13859230324074073,1.2318840579710144
Training,Training/images/스티로폼/포장용기/16_X219_C556_0114/16_X219_C556_0114_2.jpg,Training/labels/스티로폼/포장용기/16_X219_C556_0114/16_X219_C556_0114_2.json,0,스티로폼/포장용기,스티로폼,포장용기,스티로폼/포장용기,True,True,BOX,444.0,440.0,1612.0,975.0,1168.0,535.0,0.2260127314814815,2.183177570093458
Training,Training/images/유리병/기타/17_X018_C196_1124/17_X018_C196_1124_3.jpg,Training/labels/유리병/기타/17_X018_C196_1124/17_X018_C196_1124_3.json,0,유리병/기타,유리병,기타,유리병/기타,True,True,BOX,581.0,433.0,1253.0,772.0,672.0,339.0,0.10970234532295804,1.9823008849557522
Training,Training/images/유리병/기타/17_X020_C175_1125/17_X020_C175_1125_1.jpg,Training/labels/유리병/기타/17_X020_C175_1125/17_X020_C175_1125_1.json,0,유리병/기타,유리병,기타,유리병/기타,True,True,BOX,675.0,343.0,1271.0,1015.0,596.0,672.0,0.14478570189137602,0.8869047619047619
Training,Training/images/유리병/기타/17_X027_C323_0116/17_X027_C323_0116_1.jpg,Training/labels/유리병/기타/17_X027_C323_0116/17_X027_C323_0116_1.json,0,유리병/기타,유리병,기타,유리병/기타,True,True,BOX,192.0,358.0,1475.0,731.0,1283.0,373.0,0.17299981201920295,3.4396782841823055
Training,Training/images/유리병/기타/17_X040_C172_0107/17_X040_C172_0107_4.jpg,Training/labels/유리병/기타/17_X040_C172_0107/17_X040_C172_0107_4.json,0,유리병/기타,유리병,기타,유리병/기타,True,True,BOX,681.0,275.0,1381.0,1113.0,700.0,838.0,0.21205679912082828,0.8353221957040573
Training,Training/images/유리병/기타/17_X081_C509_0129/17_X081_C509_0129_3.jpg,Training/labels/유리병/기타/17_X081_C509_0129/17_X081_C509_0129_3.json,0,유리병/기타,유리병,기타,유리병/기타,True,True,BOX,924.0,450.0,1506.0,1203.0,582.0,753.0,0.11875809737087632,0.7729083665338645
Training,Training/images/유리병/기타/17_X324_C777_0330/17_X324_C777_0330_3.jpg,Training/labels/유리병/기타/17_X324_C777_0330/17_X324_C777_0330_3.json,0,유리병/기타,유리병,기타,유리병/기타,True,True,BOX,242.0,854.0,1005.0,1136.0,763.0,282.0,0.10371045173231534,2.7056737588652484
Training,Training/images/유리병/기타/17_X368_C976_0331/17_X368_C976_0331_0.jpg,Training/labels/유리병/기타/17_X368_C976_0331/17_X368_C976_0331_0.json,0,유리병/기타,유리병,기타,유리병/기타,True,True,BOX,510.0,798.0,668.0,1152.0,158.0,354.0,0.02021950373069582,0.4463276836158192
Training,Training/images/유리병/기타/17_X370_C976_0331/17_X370_C976_0331_2.jpg,Training/labels/유리병/기타/17_X370_C976_0331/17_X370_C976_0331_2.json,0,유리병/기타,유리병,기타,유리병/기타,True,True,BOX,872.0,350.0,1105.0,960.0,233.0,610.0,0.051380212852102494,0.3819672131147541
Training,Training/images/유리병/기타/17_X383_C500_0331/17_X383_C500_0331_2.jpg,Training/labels/유리병/기타/17_X383_C500_0331/17_X383_C500_0331_2.json,0,유리병/기타,유리병,기타,유리병/기타,True,True,BOX,445.0,480.0,1031.0,883.0,586.0,403.0,0.08537147897507086,1.4540942928039702
Training,Training/images/유리병/기타술병/17_X002_C209_1130/17_X002_C209_1130_2.jpg,Training/labels/유리병/기타술병/17_X002_C209_1130/17_X002_C209_1130_2.json,0,유리병/기타술병,유리병,기타술병,유리병/기타술병,True,True,BOX,64.0,580.0,1666.0,1101.0,1602.0,521.0,0.30188151041666667,3.074856046065259
Training,Training/images/유리병/기타술병/17_X003_C053_1106/17_X003_C053_1106_3.jpg,Training/labels/유리병/기타술병/17_X003_C053_1106/17_X003_C053_1106_3.json,0,유리병/기타술병,유리병,기타술병,유리병/기타술병,True,True,BOX,505.0,101.0,1218.0,998.0,713.0,897.0,0.30843026620370373,0.7948717948717948
Training,Training/images/유리병/기타술병/17_X005_C014_1119/17_X005_C014_1119_0.jpg,Training/labels/유리병/기타술병/17_X005_C014_1119/17_X005_C014_1119_0.json,0,유리병/기타술병,유리병,기타술병,유리병/기타술병,True,True,BOX,650.0,417.0,1724.0,797.0,1074.0,380.0,0.17014357896843263,2.8263157894736843
Training,Training/images/유리병/기타술병/17_X006_C320_1105/17_X006_C320_1105_2.jpg,Training/labels/유리병/기타술병/17_X006_C320_1105/17_X006_C320_1105_2.json,0,유리병/기타술병,유리병,기타술병,유리병/기타술병,True,True,BOX,738.0,97.0,1056.0,928.0,318.0,831.0,0.1274392361111111,0.38267148014440433
Training,Training/images/유리병/기타술병/17_X007_C012_1110/17_X007_C012_1110_0.jpg,Training/labels/유리병/기타술병/17_X007_C012_1110/17_X007_C012_1110_0.json,0,유리병/기타술병,유리병,기타술병,유리병/기타술병,True,True,BOX,369.0,47.0,1067.0,1098.0,698.0,1051.0,0.2653349247685185,0.6641294005708849
Training,Training/images/유리병/기타술병/17_X009_C198_1113/17_X009_C198_1113_2.jpg,Training/labels/유리병/기타술병/17_X009_C198_1113/17_X009_C198_1113_2.json,0,유리병/기타술병,유리병,기타술병,유리병/기타술병,True,True,BOX,308.0,591.0,1566.0,911.0,1258.0,320.0,0.14560185185185184,3.93125
Training,Training/images/유리병/기타술병/17_X010_C052_1117/17_X010_C052_1117_4.jpg,Training/labels/유리병/기타술병/17_X010_C052_1117/17_X010_C052_1117_4.json,0,유리병/기타술병,유리병,기타술병,유리병/기타술병,True,True,BOX,832.0,360.0,1127.0,1058.0,295.0,698.0,0.07447554976851851,0.42263610315186245
Training,Training/images/유리병/기타술병/17_X038_C900_1021/17_X038_C900_1021_3.jpg,Training/labels/유리병/기타술병/17_X038_C900_1021/17_X038_C900_1021_3.json,0,유리병/기타술병,유리병,기타술병,유리병/기타술병,True,True,BOX,592.0,52.0,1261.0,1338.0,669.0,1286.0,0.3111740451388889,0.5202177293934681
Training,Training/images/유리병/기타술병/17_X084_C193_1127/17_X084_C193_1127_4.jpg,Training/labels/유리병/기타술병/17_X084_C193_1127/17_X084_C193_1127_4.json,0,유리병/기타술병,유리병,기타술병,유리병/기타술병,True,True,BOX,761.0,183.0,1447.0,1190.0,686.0,1007.0,0.2498560474537037,0.6812313803376365
Training,Training/images/유리병/맥주병/17_X001_C194_1116/17_X001_C194_1116_0.jpg,Training/labels/유리병/맥주병/17_X001_C194_1116/17_X001_C194_1116_0.json,0,유리병/맥주병,유리병,맥주병,유리병/맥주병,True,True,BOX,811.0,224.0,1075.0,882.0,264.0,658.0,0.08377314814814815,0.4012158054711246
Training,Training/images/유리병/맥주병/17_X002_C039_1127/17_X002_C039_1127_3.jpg,Training/labels/유리병/맥주병/17_X002_C039_1127/17_X002_C039_1127_3.json,0,유리병/맥주병,유리병,맥주병,유리병/맥주병,True,True,BOX,715.0,92.0,1220.0,747.0,505.0,655.0,0.15951726466049382,0.7709923664122137
Training,Training/images/유리병/맥주병/17_X002_C326_1102/17_X002_C326_1102_2.jpg,Training/labels/유리병/맥주병/17_X002_C326_1102/17_X002_C326_1102_2.json,0,유리병/맥주병,유리병,맥주병,유리병/맥주병,True,True,BOX,503.0,372.0,1593.0,860.0,1090.0,488.0,0.1923900462962963,2.2336065573770494
Training,Training/images/유리병/맥주병/17_X003_C198_1108/17_X003_C198_1108_3.jpg,Training/labels/유리병/맥주병/17_X003_C198_1108/17_X003_C198_1108_3.json,0,유리병/맥주병,유리병,맥주병,유리병/맥주병,True,True,BOX,916.0,299.0,1282.0,1165.0,366.0,866.0,0.11463975694444445,0.4226327944572748
Training,Training/images/유리병/맥주병/17_X003_C208_1112/17_X003_C208_1112_3.jpg,Training/labels/유리병/맥주병/17_X003_C208_1112/17_X003_C208_1112_3.json,0,유리병/맥주병,유리병,맥주병,유리병/맥주병,True,True,BOX,943.0,150.0,1250.0,1020.0,307.0,870.0,0.12880497685185185,0.3528735632183908
Training,Training/images/유리병/맥주병/17_X004_C055_1111/17_X004_C055_1111_0.jpg,Training/labels/유리병/맥주병/17_X004_C055_1111/17_X004_C055_1111_0.json,0,유리병/맥주병,유리병,맥주병,유리병/맥주병,True,True,BOX,735.0,354.0,1334.0,672.0,599.0,318.0,0.09186053240740741,1.8836477987421383
Training,Training/images/유리병/맥주병/17_X005_C211_1113/17_X005_C211_1113_1.jpg,Training/labels/유리병/맥주병/17_X005_C211_1113/17_X005_C211_1113_1.json,0,유리병/맥주병,유리병,맥주병,유리병/맥주병,True,True,BOX,717.0,380.0,1237.0,968.0,520.0,588.0,0.11059027777777777,0.8843537414965986
Training,Training/images/유리병/맥주병/17_X011_C194_1027/17_X011_C194_1027_2.jpg,Training/labels/유리병/맥주병/17_X011_C194_1027/17_X011_C194_1027_2.json,0,유리병/맥주병,유리병,맥주병,유리병/맥주병,True,True,BOX,673.0,560.0,1153.0,917.0,480.0,357.0,0.08263888888888889,1.3445378151260505
Training,Training/images/유리병/맥주병/17_X034_C053_1023/17_X034_C053_1023_1.jpg,Training/labels/유리병/맥주병/17_X034_C053_1023/17_X034_C053_1023_1.json,0,유리병/맥주병,유리병,맥주병,유리병/맥주병,True,True,BOX,310.0,528.0,1586.0,1075.0,1276.0,547.0,0.25244936342592594,2.3327239488117
Training,Training/images/유리병/물병/17_X001_C172_1125/17_X001_C172_1125_3.jpg,Training/labels/유리병/물병/17_X001_C172_1125/17_X001_C172_1125_3.json,0,유리병/물병,유리병,물병,유리병/물병,True,True,BOX,693.0,243.0,1449.0,954.0,756.0,711.0,0.1944140625,1.0632911392405062
Training,Training/images/유리병/물병/17_X005_C189_1109/17_X005_C189_1109_0.jpg,Training/labels/유리병/물병/17_X005_C189_1109/17_X005_C189_1109_0.json,0,유리병/물병,유리병,물병,유리병/물병,True,True,BOX,830.0,438.0,974.0,749.0,144.0,311.0,0.0121484375,0.4630225080385852
Training,Training/images/유리병/물병/17_X007_C187_1112/17_X007_C187_1112_4.jpg,Training/labels/유리병/물병/17_X007_C187_1112/17_X007_C187_1112_4.json,0,유리병/물병,유리병,물병,유리병/물병,True,True,BOX,137.0,591.0,1685.0,1067.0,1548.0,476.0,0.2665104166666667,3.2521008403361344
Training,Training/images/유리병/물병/17_X010_C025_1013/17_X010_C025_1013_3.jpg,Training/labels/유리병/물병/17_X010_C025_1013/17_X010_C025_1013_3.json,0,유리병/물병,유리병,물병,유리병/물병,True,True,BOX,318.0,242.0,1143.0,878.0,825.0,636.0,0.189679854242582,1.2971698113207548
Training,Training/images/유리병/물병/17_X022_C198_1113/17_X022_C198_1113_3.jpg,Training/labels/유리병/물병/17_X022_C198_1113/17_X022_C198_1113_3.json,0,유리병/물병,유리병,물병,유리병/물병,True,True,BOX,867.0,407.0,1251.0,884.0,384.0,477.0,0.06625,0.8050314465408805
Training,Training/images/유리병/물병/17_X023_C012_1120/17_X023_C012_1120_0.jpg,Training/labels/유리병/물병/17_X023_C012_1120/17_X023_C012_1120_0.json,0,유리병/물병,유리병,물병,유리병/물병,True,True,BOX,681.0,709.0,1011.0,935.0,330.0,226.0,0.02697482638888889,1.4601769911504425
Training,Training/images/유리병/물병/17_X023_C209_1117/17_X023_C209_1117_3.jpg,Training/labels/유리병/물병/17_X023_C209_1117/17_X023_C209_1117_3.json,0,유리병/물병,유리병,물병,유리병/물병,True,True,BOX,16.0,121.0,1693.0,1019.0,1677.0,898.0,0.5446853298611111,1.8674832962138084
Training,Training/images/유리병/물병/17_X110_C172_0107/17_X110_C172_0107_2.jpg,Training/labels/유리병/물병/17_X110_C172_0107/17_X110_C172_0107_2.json,0,유리병/물병,유리병,물병,유리병/물병,True,True,BOX,876.0,506.0,1243.0,879.0,367.0,373.0,0.049512080439814816,0.9839142091152815
Training,Training/images/유리병/물병/17_X172_C777_0330/17_X172_C777_0330_3.jpg,Training/labels/유리병/물병/17_X172_C777_0330/17_X172_C777_0330_3.json,0,유리병/물병,유리병,물병,유리병/물병,True,True,BOX,237.0,938.0,968.0,1309.0,731.0,371.0,0.11625557270233196,1.9703504043126685
Training,Training/images/유리병/박카스병/17_X001_C053_1020/17_X001_C053_1020_4.jpg,Training/labels/유리병/박카스병/17_X001_C053_1020/17_X001_C053_1020_4.json,0,유리병/박카스병,유리병,박카스병,유리병/박카스병,True,True,BOX,821.0,303.0,1104.0,1075.0,283.0,772.0,0.07902054398148148,0.36658031088082904
Training,Training/images/유리병/박카스병/17_X003_C024_1020/17_X003_C024_1020_2.jpg,Training/labels/유리병/박카스병/17_X003_C024_1020/17_X003_C024_1020_2.json,0,유리병/박카스병,유리병,박카스병,유리병/박카스병,True,True,BOX,404.0,133.0,1491.0,672.0,1087.0,539.0,0.21191153067129628,2.0166975881261595
Training,Training/images/유리병/박카스병/17_X008_C190_1119/17_X008_C190_1119_3.jpg,Training/labels/유리병/박카스병/17_X008_C190_1119/17_X008_C190_1119_3.json,0,유리병/박카스병,유리병,박카스병,유리병/박카스병,True,True,BOX,770.0,411.0,1314.0,934.0,544.0,523.0,0.10290509259259259,1.0401529636711282
Training,Training/images/유리병/박카스병/17_X009_C192_1116/17_X009_C192_1116_3.jpg,Training/labels/유리병/박카스병/17_X009_C192_1116/17_X009_C192_1116_3.json,0,유리병/박카스병,유리병,박카스병,유리병/박카스병,True,True,BOX,582.0,531.0,1152.0,983.0,570.0,452.0,0.09318576388888888,1.261061946902655
Training,Training/images/유리병/박카스병/17_X0127_C318_1117/17_X0127_C318_1117_4.jpg,Training/labels/유리병/박카스병/17_X0127_C318_1117/17_X0127_C318_1117_4.json,0,유리병/박카스병,유리병,박카스병,유리병/박카스병,True,True,BOX,554.0,297.0,1744.0,786.0,1190.0,489.0,0.24944701646090536,2.4335378323108383
Training,Training/images/유리병/박카스병/17_X015_C178_1111/17_X015_C178_1111_1.jpg,Training/labels/유리병/박카스병/17_X015_C178_1111/17_X015_C178_1111_1.json,0,유리병/박카스병,유리병,박카스병,유리병/박카스병,True,True,BOX,869.0,411.0,1032.0,706.0,163.0,295.0,0.01739185474537037,0.5525423728813559
Training,Training/images/유리병/박카스병/17_X019_C188_1126/17_X019_C188_1126_3.jpg,Training/labels/유리병/박카스병/17_X019_C188_1126/17_X019_C188_1126_3.json,0,유리병/박카스병,유리병,박카스병,유리병/박카스병,True,True,BOX,983.0,528.0,1253.0,926.0,270.0,398.0,0.0388671875,0.678391959798995
Training,Training/images/유리병/박카스병/17_X104_C509_0111/17_X104_C509_0111_1.jpg,Training/labels/유리병/박카스병/17_X104_C509_0111/17_X104_C509_0111_1.json,0,유리병/박카스병,유리병,박카스병,유리병/박카스병,True,True,BOX,718.0,427.0,1371.0,1473.0,653.0,1046.0,0.18528591579861112,0.624282982791587
Training,Training/images/유리병/박카스병/17_X269_C500_0331/17_X269_C500_0331_4.jpg,Training/labels/유리병/박카스병/17_X269_C500_0331/17_X269_C500_0331_4.json,0,유리병/박카스병,유리병,박카스병,유리병/박카스병,True,True,BOX,753.0,205.0,1290.0,771.0,537.0,566.0,0.10987549887211522,0.9487632508833922
Training,Training/images/유리병/소주병/17_X002_C188_1104/17_X002_C188_1104_2.jpg,Training/labels/유리병/소주병/17_X002_C188_1104/17_X002_C188_1104_2.json,0,유리병/소주병,유리병,소주병,유리병/소주병,True,True,BOX,698.0,129.0,1107.0,1090.0,409.0,961.0,0.14216182002314814,0.4255983350676379
Training,Training/images/유리병/소주병/17_X002_C189_1127/17_X002_C189_1127_3.jpg,Training/labels/유리병/소주병/17_X002_C189_1127/17_X002_C189_1127_3.json,0,유리병/소주병,유리병,소주병,유리병/소주병,True,True,BOX,463.0,459.0,1307.0,724.0,844.0,265.0,0.06067165798611111,3.1849056603773587
Training,Training/images/유리병/소주병/17_X004_C058_1030/17_X004_C058_1030_3.jpg,Training/labels/유리병/소주병/17_X004_C058_1030/17_X004_C058_1030_3.json,0,유리병/소주병,유리병,소주병,유리병/소주병,True,True,BOX,829.0,648.0,1244.0,1090.0,415.0,442.0,0.06634476273148149,0.9389140271493213
Training,Training/images/유리병/소주병/17_X006_C194_1126/17_X006_C194_1126_4.jpg,Training/labels/유리병/소주병/17_X006_C194_1126/17_X006_C194_1126_4.json,0,유리병/소주병,유리병,소주병,유리병/소주병,True,True,BOX,781.0,252.0,1042.0,968.0,261.0,716.0,0.09012152777777778,0.3645251396648045
Training,Training/images/유리병/소주병/17_X011_C320_1105/17_X011_C320_1105_0.jpg,Training/labels/유리병/소주병/17_X011_C320_1105/17_X011_C320_1105_0.json,0,유리병/소주병,유리병,소주병,유리병/소주병,True,True,BOX,792.0,87.0,1088.0,904.0,296.0,817.0,0.11662422839506173,0.3623011015911873
Training,Training/images/유리병/소주병/17_X015_C023_1130/17_X015_C023_1130_1.jpg,Training/labels/유리병/소주병/17_X015_C023_1130/17_X015_C023_1130_1.json,0,유리병/소주병,유리병,소주병,유리병/소주병,True,True,BOX,168.0,378.0,1632.0,815.0,1464.0,437.0,0.3085300925925926,3.3501144164759724
Training,Training/images/유리병/소주병/17_X018_C190_1202/17_X018_C190_1202_4.jpg,Training/labels/유리병/소주병/17_X018_C190_1202/17_X018_C190_1202_4.json,0,유리병/소주병,유리병,소주병,유리병/소주병,True,True,BOX,817.0,448.0,1064.0,1110.0,247.0,662.0,0.05914134837962963,0.3731117824773414
Training,Training/images/유리병/소주병/17_X025_C187_1117/17_X025_C187_1117_1.jpg,Training/labels/유리병/소주병/17_X025_C187_1117/17_X025_C187_1117_1.json,0,유리병/소주병,유리병,소주병,유리병/소주병,True,True,BOX,609.0,208.0,1119.0,1300.0,510.0,1092.0,0.20143229166666668,0.46703296703296704
Training,Training/images/유리병/소주병/17_X032_C509_0129/17_X032_C509_0129_2.jpg,Training/labels/유리병/소주병/17_X032_C509_0129/17_X032_C509_0129_2.json,0,유리병/소주병,유리병,소주병,유리병/소주병,True,True,BOX,890.0,294.0,1234.0,1299.0,344.0,1005.0,0.124978309908034,0.34228855721393037
Training,Training/images/유리병/음료수병/17_X003_C205_1106/17_X003_C205_1106_0.jpg,Training/labels/유리병/음료수병/17_X003_C205_1106/17_X003_C205_1106_0.json,0,유리병/음료수병,유리병,음료수병,유리병/음료수병,True,True,BOX,564.0,193.0,914.0,809.0,350.0,616.0,0.10397376543209877,0.5681818181818182
Training,Training/images/유리병/음료수병/17_X008_C016_1119/17_X008_C016_1119_2.jpg,Training/labels/유리병/음료수병/17_X008_C016_1119/17_X008_C016_1119_2.json,0,유리병/음료수병,유리병,음료수병,유리병/음료수병,True,True,BOX,580.0,67.0,1069.0,1069.0,489.0,1002.0,0.17722005208333333,0.4880239520958084
Training,Training/images/유리병/음료수병/17_X017_C053_1116/17_X017_C053_1116_4.jpg,Training/labels/유리병/음료수병/17_X017_C053_1116/17_X017_C053_1116_4.json,0,유리병/음료수병,유리병,음료수병,유리병/음료수병,True,True,BOX,654.0,361.0,1088.0,525.0,434.0,164.0,0.034324845679012346,2.6463414634146343
Training,Training/images/유리병/음료수병/17_X017_C178_1123/17_X017_C178_1123_4.jpg,Training/labels/유리병/음료수병/17_X017_C178_1123/17_X017_C178_1123_4.json,0,유리병/음료수병,유리병,음료수병,유리병/음료수병,True,True,BOX,930.0,229.0,1283.0,1142.0,353.0,913.0,0.11656864872685185,0.38663745892661555
Training,Training/images/유리병/음료수병/17_X017_C194_1124/17_X017_C194_1124_2.jpg,Training/labels/유리병/음료수병/17_X017_C194_1124/17_X017_C194_1124_2.json,0,유리병/음료수병,유리병,음료수병,유리병/음료수병,True,True,BOX,798.0,69.0,1153.0,1003.0,355.0,934.0,0.15990065586419752,0.38008565310492504
Training,Training/images/유리병/음료수병/17_X028_C509_0129/17_X028_C509_0129_4.jpg,Training/labels/유리병/음료수병/17_X028_C509_0129/17_X028_C509_0129_4.json,0,유리병/음료수병,유리병,음료수병,유리병/음료수병,True,True,BOX,870.0,411.0,1016.0,714.0,146.0,303.0,0.01599210480652438,0.48184818481848185
Training,Training/images/유리병/음료수병/17_X282_C500_0331/17_X282_C500_0331_0.jpg,Training/labels/유리병/음료수병/17_X282_C500_0331/17_X282_C500_0331_0.json,0,유리병/음료수병,유리병,음료수병,유리병/음료수병,True,True,BOX,437.0,653.0,891.0,891.0,454.0,238.0,0.03906096361848574,1.9075630252100841
Training,Training/images/유리병/음료수병/17_X331_C500_0331/17_X331_C500_0331_2.jpg,Training/labels/유리병/음료수병/17_X331_C500_0331/17_X331_C500_0331_2.json,0,유리병/음료수병,유리병,음료수병,유리병/음료수병,True,True,BOX,462.0,574.0,1158.0,1044.0,696.0,470.0,0.11825438139857714,1.4808510638297872
Training,Training/images/유리병/음료수병/17_X344_C976_0331/17_X344_C976_0331_2.jpg,Training/labels/유리병/음료수병/17_X344_C976_0331/17_X344_C976_0331_2.json,0,유리병/음료수병,유리병,음료수병,유리병/음료수병,True,True,BOX,564.0,247.0,982.0,1047.0,418.0,800.0,0.12088611255711725,0.5225
Training,Training/images/유리병/주방용기/17_X005_C194_1110/17_X005_C194_1110_4.jpg,Training/labels/유리병/주방용기/17_X005_C194_1110/17_X005_C194_1110_4.json,0,유리병/주방용기,유리병,주방용기,유리병/주방용기,True,True,BOX,472.0,371.0,1474.0,697.0,1002.0,326.0,0.15752893518518518,3.0736196319018405
Training,Training/images/유리병/주방용기/17_X010_C187_1116/17_X010_C187_1116_0.jpg,Training/labels/유리병/주방용기/17_X010_C187_1116/17_X010_C187_1116_0.json,0,유리병/주방용기,유리병,주방용기,유리병/주방용기,True,True,BOX,810.0,488.0,1170.0,920.0,360.0,432.0,0.05625,0.8333333333333334
Training,Training/images/유리병/주방용기/17_X012_C189_1116/17_X012_C189_1116_1.jpg,Training/labels/유리병/주방용기/17_X012_C189_1116/17_X012_C189_1116_1.json,0,유리병/주방용기,유리병,주방용기,유리병/주방용기,True,True,BOX,848.0,316.0,1257.0,1353.0,409.0,1037.0,0.11505343967013888,0.3944069431051109
Training,Training/images/유리병/주방용기/17_X015_C509_0129/17_X015_C509_0129_4.jpg,Training/labels/유리병/주방용기/17_X015_C509_0129/17_X015_C509_0129_4.json,0,유리병/주방용기,유리병,주방용기,유리병/주방용기,True,True,BOX,815.0,881.0,1336.0,1161.0,521.0,280.0,0.03953129348462607,1.8607142857142858
Training,Training/images/유리병/주방용기/17_X016_C038_1119/17_X016_C038_1119_4.jpg,Training/labels/유리병/주방용기/17_X016_C038_1119/17_X016_C038_1119_4.json,0,유리병/주방용기,유리병,주방용기,유리병/주방용기,True,True,BOX,433.0,90.0,1255.0,679.0,822.0,589.0,0.23348668981481482,1.3955857385398982
Training,Training/images/유리병/주방용기/17_X020_C178_1111/17_X020_C178_1111_0.jpg,Training/labels/유리병/주방용기/17_X020_C178_1111/17_X020_C178_1111_0.json,0,유리병/주방용기,유리병,주방용기,유리병/주방용기,True,True,BOX,900.0,115.0,1306.0,978.0,406.0,863.0,0.1267281539351852,0.4704519119351101
Training,Training/images/유리병/주방용기/17_X036_C318_1124/17_X036_C318_1124_1.jpg,Training/labels/유리병/주방용기/17_X036_C318_1124/17_X036_C318_1124_1.json,0,유리병/주방용기,유리병,주방용기,유리병/주방용기,True,True,BOX,925.0,352.0,1099.0,764.0,174.0,412.0,0.025946838082001388,0.4223300970873786
Training,Training/images/유리병/주방용기/17_X041_C320_1126/17_X041_C320_1126_1.jpg,Training/labels/유리병/주방용기/17_X041_C320_1126/17_X041_C320_1126_1.json,0,유리병/주방용기,유리병,주방용기,유리병/주방용기,True,True,BOX,385.0,757.0,1346.0,1639.0,961.0,882.0,0.3065690104166667,1.0895691609977325
Training,Training/images/유리병/주방용기/17_X299_C777_0330/17_X299_C777_0330_3.jpg,Training/labels/유리병/주방용기/17_X299_C777_0330/17_X299_C777_0330_3.json,0,유리병/주방용기,유리병,주방용기,유리병/주방용기,True,True,BOX,380.0,694.0,855.0,984.0,475.0,290.0,0.06639578151811364,1.6379310344827587
Training,Training/images/의류/기타/18_X003_C173_0115/18_X003_C173_0115_0.jpg,Training/labels/의류/기타/18_X003_C173_0115/18_X003_C173_0115_0.json,0,의류/기타,의류,기타,의류/기타,True,True,BOX,597.0,257.0,1356.0,1379.0,759.0,1122.0,0.30785398230088495,0.6764705882352942
Training,Training/images/의류/기타/18_X003_C173_0115/18_X003_C173_0115_1.jpg,Training/labels/의류/기타/18_X003_C173_0115/18_X003_C173_0115_1.json,0,의류/기타,의류,기타,의류/기타,True,True,BOX,482.0,180.0,1349.0,1432.0,867.0,1252.0,0.3924041297935103,0.6924920127795527
Training,Training/images/의류/기타/18_X003_C173_0115/18_X003_C173_0115_2.jpg,Training/labels/의류/기타/18_X003_C173_0115/18_X003_C173_0115_2.json,0,의류/기타,의류,기타,의류/기타,True,True,BOX,158.0,371.0,1583.0,1264.0,1425.0,893.0,0.46001973798368906,1.5957446808510638
Training,Training/images/의류/기타/18_X003_C173_0115/18_X003_C173_0115_3.jpg,Training/labels/의류/기타/18_X003_C173_0115/18_X003_C173_0115_3.json,0,의류/기타,의류,기타,의류/기타,True,True,BOX,208.0,192.0,1463.0,1086.0,1255.0,894.0,0.4055938747180288,1.4038031319910516
Training,Training/images/의류/기타/18_X003_C173_0115/18_X003_C173_0115_4.jpg,Training/labels/의류/기타/18_X003_C173_0115/18_X003_C173_0115_4.json,0,의류/기타,의류,기타,의류/기타,True,True,BOX,596.0,160.0,1332.0,1280.0,736.0,1120.0,0.2979929434900804,0.6571428571428571
Training,Training/images/의류/기타의류/18_X001_C209_1119/18_X001_C209_1119_0.jpg,Training/labels/의류/기타의류/18_X001_C209_1119/18_X001_C209_1119_0.json,0,의류/기타의류,의류,기타의류,의류/기타의류,True,True,BOX,657.0,343.0,1427.0,1227.0,770.0,884.0,0.24619502314814815,0.8710407239819005
Training,Training/images/의류/기타의류/18_X002_C024_1124/18_X002_C024_1124_0.jpg,Training/labels/의류/기타의류/18_X002_C024_1124/18_X002_C024_1124_0.json,0,의류/기타의류,의류,기타의류,의류/기타의류,True,True,BOX,320.0,374.0,1252.0,935.0,932.0,561.0,0.25214699074074076,1.661319073083779
Training,Training/images/의류/기타의류/18_X004_C024_1124/18_X004_C024_1124_4.jpg,Training/labels/의류/기타의류/18_X004_C024_1124/18_X004_C024_1124_4.json,0,의류/기타의류,의류,기타의류,의류/기타의류,True,True,BOX,487.0,278.0,1690.0,759.0,1203.0,481.0,0.2790523726851852,2.501039501039501
Training,Training/images/의류/기타의류/18_X005_C014_1125_5/18_X005_C014_1125_5_1.jpg,Training/labels/의류/기타의류/18_X005_C014_1125_5/18_X005_C014_1125_5_1.json,0,의류/기타의류,의류,기타의류,의류/기타의류,True,True,BOX,611.0,316.0,1519.0,786.0,908.0,470.0,0.17791451965247554,1.9319148936170212
Training,Training/images/의류/기타의류/18_X019_C193_1116/18_X019_C193_1116_0.jpg,Training/labels/의류/기타의류/18_X019_C193_1116/18_X019_C193_1116_0.json,0,의류/기타의류,의류,기타의류,의류/기타의류,True,True,BOX,507.0,206.0,1474.0,1152.0,967.0,946.0,0.3308673321759259,1.022198731501057
Training,Training/images/의류/기타의류/18_X026_C172_1117/18_X026_C172_1117_0.jpg,Training/labels/의류/기타의류/18_X026_C172_1117/18_X026_C172_1117_0.json,0,의류/기타의류,의류,기타의류,의류/기타의류,True,True,BOX,732.0,502.0,1290.0,1215.0,558.0,713.0,0.14389973958333332,0.782608695652174
Training,Training/images/의류/기타의류/18_X031_C502_1015/18_X031_C502_1015_4.jpg,Training/labels/의류/기타의류/18_X031_C502_1015/18_X031_C502_1015_4.json,0,의류/기타의류,의류,기타의류,의류/기타의류,True,True,BOX,718.0,270.0,1363.0,1131.0,645.0,861.0,0.20086263020833334,0.7491289198606271
Training,Training/images/의류/기타의류/18_X121_C900_1102/18_X121_C900_1102_4.jpg,Training/labels/의류/기타의류/18_X121_C900_1102/18_X121_C900_1102_4.json,0,의류/기타의류,의류,기타의류,의류/기타의류,True,True,BOX,512.0,369.0,1306.0,865.0,794.0,496.0,0.18992283950617284,1.6008064516129032
Training,Training/images/의류/기타의류/18_X201_C900_1209/18_X201_C900_1209_4.jpg,Training/labels/의류/기타의류/18_X201_C900_1209/18_X201_C900_1209_4.json,0,의류/기타의류,의류,기타의류,의류/기타의류,True,True,BOX,611.0,208.0,1325.0,755.0,714.0,547.0,0.18834780092592593,1.3053016453382085
Training,Training/images/의류/레깅스/18_X005_C169_1120/18_X005_C169_1120_0.jpg,Training/labels/의류/레깅스/18_X005_C169_1120/18_X005_C169_1120_0.json,0,의류/레깅스,의류,레깅스,의류/레깅스,True,True,BOX,256.0,188.0,1304.0,852.0,1048.0,664.0,0.3355864197530864,1.5783132530120483
Training,Training/images/의류/레깅스/18_X006_C163_1118/18_X006_C163_1118_4.jpg,Training/labels/의류/레깅스/18_X006_C163_1118/18_X006_C163_1118_4.json,0,의류/레깅스,의류,레깅스,의류/레깅스,True,True,BOX,473.0,106.0,1504.0,984.0,1031.0,878.0,0.43654417438271603,1.174259681093394
Training,Training/images/의류/레깅스/18_X014_C163_1127/18_X014_C163_1127_1.jpg,Training/labels/의류/레깅스/18_X014_C163_1127/18_X014_C163_1127_1.json,0,의류/레깅스,의류,레깅스,의류/레깅스,True,True,BOX,520.0,69.0,1329.0,1270.0,809.0,1201.0,0.3514210792824074,0.6736053288925895
Training,Training/images/의류/레깅스/18_X047_C502_1126/18_X047_C502_1126_1.jpg,Training/labels/의류/레깅스/18_X047_C502_1126/18_X047_C502_1126_1.json,0,의류/레깅스,의류,레깅스,의류/레깅스,True,True,BOX,430.0,146.0,1011.0,1331.0,581.0,1185.0,0.24901801215277777,0.490295358649789
Training,Training/images/의류/레깅스/18_X051_C999_0930/18_X051_C999_0930_0.jpg,Training/labels/의류/레깅스/18_X051_C999_0930/18_X051_C999_0930_0.json,0,의류/레깅스,의류,레깅스,의류/레깅스,True,True,BOX,616.0,157.0,1034.0,890.0,418.0,733.0,0.1476825341739449,0.5702592087312415
Training,Training/images/의류/레깅스/18_X052_C193_1124/18_X052_C193_1124_2.jpg,Training/labels/의류/레깅스/18_X052_C193_1124/18_X052_C193_1124_2.json,0,의류/레깅스,의류,레깅스,의류/레깅스,True,True,BOX,399.0,410.0,1725.0,1184.0,1326.0,774.0,0.3712109375,1.7131782945736433
Training,Training/images/의류/레깅스/18_X249_C900_1102/18_X249_C900_1102_3.jpg,Training/labels/의류/레깅스/18_X249_C900_1102/18_X249_C900_1102_3.json,0,의류/레깅스,의류,레깅스,의류/레깅스,True,True,BOX,526.0,161.0,1476.0,1218.0,950.0,1057.0,0.3631908275462963,0.8987701040681173
Training,Training/images/의류/레깅스/18_X272_C900_1209/18_X272_C900_1209_0.jpg,Training/labels/의류/레깅스/18_X272_C900_1209/18_X272_C900_1209_0.json,0,의류/레깅스,의류,레깅스,의류/레깅스,True,True,BOX,493.0,285.0,1474.0,725.0,981.0,440.0,0.20815972222222223,2.2295454545454545
Training,Training/images/의류/레깅스/18_X365_C900_1209/18_X365_C900_1209_4.jpg,Training/labels/의류/레깅스/18_X365_C900_1209/18_X365_C900_1209_4.json,0,의류/레깅스,의류,레깅스,의류/레깅스,True,True,BOX,249.0,559.0,1636.0,1089.0,1387.0,530.0,0.2658817997685185,2.616981132075472
Training,Training/images/의류/면의류/18_X002_C175_1118/18_X002_C175_1118_2.jpg,Training/labels/의류/면의류/18_X002_C175_1118/18_X002_C175_1118_2.json,0,의류/면의류,의류,면의류,의류/면의류,True,True,BOX,138.0,200.0,1742.0,1175.0,1604.0,975.0,0.5656467013888888,1.6451282051282052
Training,Training/images/의류/면의류/18_X005_C163_1026/18_X005_C163_1026_1.jpg,Training/labels/의류/면의류/18_X005_C163_1026/18_X005_C163_1026_1.json,0,의류/면의류,의류,면의류,의류/면의류,True,True,BOX,570.0,37.0,1960.0,772.0,1390.0,735.0,0.4259217569663315,1.8911564625850341
Training,Training/images/의류/면의류/18_X007_C014_0928/18_X007_C014_0928_1.jpg,Training/labels/의류/면의류/18_X007_C014_0928/18_X007_C014_0928_1.json,0,의류/면의류,의류,면의류,의류/면의류,True,True,BOX,717.0,180.0,1385.0,921.0,668.0,741.0,0.23870949074074074,0.9014844804318488
Training,Training/images/의류/면의류/18_X007_C015_1026/18_X007_C015_1026_3.jpg,Training/labels/의류/면의류/18_X007_C015_1026/18_X007_C015_1026_3.json,0,의류/면의류,의류,면의류,의류/면의류,True,True,BOX,49.0,212.0,1649.0,759.0,1600.0,547.0,0.4220679012345679,2.9250457038391224
Training,Training/images/의류/면의류/18_X012_C044_1127/18_X012_C044_1127_0.jpg,Training/labels/의류/면의류/18_X012_C044_1127/18_X012_C044_1127_0.json,0,의류/면의류,의류,면의류,의류/면의류,True,True,BOX,772.0,211.0,1262.0,1050.0,490.0,839.0,0.14869429976851853,0.5840286054827175
Training,Training/images/의류/면의류/18_X013_C163_1201/18_X013_C163_1201_2.jpg,Training/labels/의류/면의류/18_X013_C163_1201/18_X013_C163_1201_2.json,0,의류/면의류,의류,면의류,의류/면의류,True,True,BOX,396.0,375.0,1891.0,1158.0,1495.0,783.0,0.423388671875,1.909323116219668
Training,Training/images/의류/면의류/18_X013_C509_0511/18_X013_C509_0511_1.jpg,Training/labels/의류/면의류/18_X013_C509_0511/18_X013_C509_0511_1.json,0,의류/면의류,의류,면의류,의류/면의류,True,True,BOX,50.0,201.0,1836.0,1196.0,1786.0,995.0,0.6424135288333622,1.7949748743718592
Training,Training/images/의류/면의류/18_X033_C203_1123/18_X033_C203_1123_4.jpg,Training/labels/의류/면의류/18_X033_C203_1123/18_X033_C203_1123_4.json,0,의류/면의류,의류,면의류,의류/면의류,True,True,BOX,87.0,281.0,1745.0,985.0,1658.0,704.0,0.4221759259259259,2.3551136363636362
Training,Training/images/의류/면의류/18_X035_C203_1123/18_X035_C203_1123_3.jpg,Training/labels/의류/면의류/18_X035_C203_1123/18_X035_C203_1123_3.json,0,의류/면의류,의류,면의류,의류/면의류,True,True,BOX,187.0,215.0,1851.0,1078.0,1664.0,863.0,0.5193981481481481,1.9281575898030128
Training,Training/images/의류/상의/18_X003_C211_1106/18_X003_C211_1106_2.jpg,Training/labels/의류/상의/18_X003_C211_1106/18_X003_C211_1106_2.json,0,의류/상의,의류,상의,의류/상의,True,True,BOX,419.0,258.0,1388.0,1221.0,969.0,963.0,0.337509765625,1.0062305295950156
Training,Training/images/의류/상의/18_X004_C188_1207/18_X004_C188_1207_0.jpg,Training/labels/의류/상의/18_X004_C188_1207/18_X004_C188_1207_0.json,0,의류/상의,의류,상의,의류/상의,True,True,BOX,187.0,416.0,621.0,729.0,434.0,313.0,0.04913266782407407,1.3865814696485623
Training,Training/images/의류/상의/18_X004_C188_1207/18_X004_C188_1207_0.jpg,Training/labels/의류/상의/18_X004_C188_1207/18_X004_C188_1207_0.json,1,의류/상의,의류,상의,의류/상의,True,True,BOX,1185.0,369.0,1521.0,586.0,336.0,217.0,0.02637152777777778,1.5483870967741935
Training,Training/images/의류/상의/18_X009_C042_1021/18_X009_C042_1021_0.jpg,Training/labels/의류/상의/18_X009_C042_1021/18_X009_C042_1021_0.json,0,의류/상의,의류,상의,의류/상의,True,True,BOX,458.0,270.0,1369.0,1030.0,911.0,760.0,0.2504195601851852,1.1986842105263158
Training,Training/images/의류/상의/18_X011_C175_1116/18_X011_C175_1116_0.jpg,Training/labels/의류/상의/18_X011_C175_1116/18_X011_C175_1116_0.json,0,의류/상의,의류,상의,의류/상의,True,True,BOX,562.0,449.0,1377.0,1179.0,815.0,730.0,0.21518735532407407,1.1164383561643836
Training,Training/images/의류/상의/18_X012_C331_1123/18_X012_C331_1123_0.jpg,Training/labels/의류/상의/18_X012_C331_1123/18_X012_C331_1123_0.json,0,의류/상의,의류,상의,의류/상의,True,True,BOX,399.0,182.0,1356.0,1241.0,957.0,1059.0,0.3665592447916667,0.9036827195467422
Training,Training/images/의류/상의/18_X018_C044_1207/18_X018_C044_1207_3.jpg,Training/labels/의류/상의/18_X018_C044_1207/18_X018_C044_1207_3.json,0,의류/상의,의류,상의,의류/상의,True,True,BOX,253.0,341.0,944.0,1175.0,691.0,834.0,0.2084396701388889,0.8285371702637889
Training,Training/images/의류/상의/18_X018_C044_1207/18_X018_C044_1207_3.jpg,Training/labels/의류/상의/18_X018_C044_1207/18_X018_C044_1207_3.json,1,의류/상의,의류,상의,의류/상의,True,True,BOX,936.0,236.0,1618.0,849.0,682.0,613.0,0.15121021412037036,1.1125611745513866
Training,Training/images/의류/상의/18_X019_C203_1126/18_X019_C203_1126_0.jpg,Training/labels/의류/상의/18_X019_C203_1126/18_X019_C203_1126_0.json,0,의류/상의,의류,상의,의류/상의,True,True,BOX,316.0,537.0,966.0,1347.0,650.0,810.0,0.1904296875,0.8024691358024691
Training,Training/images/의류/상의/18_X154_C900_1102/18_X154_C900_1102_3.jpg,Training/labels/의류/상의/18_X154_C900_1102/18_X154_C900_1102_3.json,0,의류/상의,의류,상의,의류/상의,True,True,BOX,554.0,318.0,1210.0,959.0,656.0,641.0,0.2027854938271605,1.0234009360374414
Training,Training/images/의류/상의/18_X398_C900_1102/18_X398_C900_1102_1.jpg,Training/labels/의류/상의/18_X398_C900_1102/18_X398_C900_1102_1.json,0,의류/상의,의류,상의,의류/상의,True,True,BOX,279.0,314.0,1452.0,1185.0,1173.0,871.0,0.36953233506944444,1.3467278989667049
Training,Training/images/의류/외투/18_X016_C175_1130/18_X016_C175_1130_4.jpg,Training/labels/의류/외투/18_X016_C175_1130/18_X016_C175_1130_4.json,0,의류/외투,의류,외투,의류/외투,True,True,BOX,17.0,535.0,1362.0,1483.0,1345.0,948.0,0.4611762152777778,1.4187763713080168
Training,Training/images/의류/외투/18_X020_C190_1123/18_X020_C190_1123_3.jpg,Training/labels/의류/외투/18_X020_C190_1123/18_X020_C190_1123_3.json,0,의류/외투,의류,외투,의류/외투,True,True,BOX,180.0,294.0,1354.0,1008.0,1174.0,714.0,0.3031814236111111,1.6442577030812324
Training,Training/images/의류/외투/18_X021_C707_1214/18_X021_C707_1214_2.jpg,Training/labels/의류/외투/18_X021_C707_1214/18_X021_C707_1214_2.json,0,의류/외투,의류,외투,의류/외투,True,True,BOX,542.0,128.0,1522.0,1241.0,980.0,1113.0,0.3945095486111111,0.8805031446540881
Training,Training/images/의류/외투/18_X027_C203_1211/18_X027_C203_1211_0.jpg,Training/labels/의류/외투/18_X027_C203_1211/18_X027_C203_1211_0.json,0,의류/외투,의류,외투,의류/외투,True,True,BOX,406.0,325.0,903.0,1066.0,497.0,741.0,0.13320203993055554,0.6707152496626181
Training,Training/images/의류/외투/18_X027_C203_1211/18_X027_C203_1211_0.jpg,Training/labels/의류/외투/18_X027_C203_1211/18_X027_C203_1211_0.json,1,의류/외투,의류,외투,의류/외투,True,True,BOX,1029.0,227.0,1563.0,1174.0,534.0,947.0,0.18290581597222222,0.5638859556494192
Training,Training/images/의류/외투/18_X046_C023_1012/18_X046_C023_1012_2.jpg,Training/labels/의류/외투/18_X046_C023_1012/18_X046_C023_1012_2.json,0,의류/외투,의류,외투,의류/외투,True,True,BOX,142.0,84.0,1763.0,1111.0,1621.0,1027.0,0.6021292679398148,1.578383641674781
Training,Training/images/의류/외투/18_X054_C900_1209/18_X054_C900_1209_0.jpg,Training/labels/의류/외투/18_X054_C900_1209/18_X054_C900_1209_0.json,0,의류/외투,의류,외투,의류/외투,True,True,BOX,431.0,210.0,1410.0,830.0,979.0,620.0,0.29271797839506175,1.5790322580645162
Training,Training/images/의류/외투/18_X057_C203_1124_5/18_X057_C203_1124_5_3.jpg,Training/labels/의류/외투/18_X057_C203_1124_5/18_X057_C203_1124_5_3.json,0,의류/외투,의류,외투,의류/외투,True,True,BOX,555.0,206.0,1692.0,1017.0,1137.0,811.0,0.33351671006944444,1.4019728729963008
Training,Training/images/의류/외투/18_X132_C900_1117/18_X132_C900_1117_4.jpg,Training/labels/의류/외투/18_X132_C900_1117/18_X132_C900_1117_4.json,0,의류/외투,의류,외투,의류/외투,True,True,BOX,641.0,267.0,1242.0,849.0,601.0,582.0,0.16868344907407407,1.0326460481099657
Training,Training/images/의류/외투/18_X266_C900_1209/18_X266_C900_1209_3.jpg,Training/labels/의류/외투/18_X266_C900_1209/18_X266_C900_1209_3.json,0,의류/외투,의류,외투,의류/외투,True,True,BOX,304.0,67.0,1488.0,1021.0,1184.0,954.0,0.5447222222222222,1.2410901467505242
Training,Training/images/의류/원피스/18_X001_C052_1106/18_X001_C052_1106_1.jpg,Training/labels/의류/원피스/18_X001_C052_1106/18_X001_C052_1106_1.json,0,의류/원피스,의류,원피스,의류/원피스,True,True,BOX,430.0,362.0,1650.0,1033.0,1220.0,671.0,0.2960865162037037,1.8181818181818181
Training,Training/images/의류/원피스/18_X001_C194_1126/18_X001_C194_1126_1.jpg,Training/labels/의류/원피스/18_X001_C194_1126/18_X001_C194_1126_1.json,0,의류/원피스,의류,원피스,의류/원피스,True,True,BOX,465.0,111.0,1388.0,1007.0,923.0,896.0,0.39882716049382716,1.0301339285714286
Training,Training/images/의류/원피스/18_X003_C163_1210/18_X003_C163_1210_0.jpg,Training/labels/의류/원피스/18_X003_C163_1210/18_X003_C163_1210_0.json,0,의류/원피스,의류,원피스,의류/원피스,True,True,BOX,188.0,270.0,992.0,1140.0,804.0,870.0,0.25299479166666666,0.9241379310344827
Training,Training/images/의류/원피스/18_X003_C163_1210/18_X003_C163_1210_0.jpg,Training/labels/의류/원피스/18_X003_C163_1210/18_X003_C163_1210_0.json,1,의류/원피스,의류,상의,의류/상의,False,True,BOX,1041.0,197.0,1659.0,1061.0,618.0,864.0,0.193125,0.7152777777777778
Training,Training/images/의류/원피스/18_X004_C037_1117/18_X004_C037_1117_4.jpg,Training/labels/의류/원피스/18_X004_C037_1117/18_X004_C037_1117_4.json,0,의류/원피스,의류,원피스,의류/원피스,True,True,BOX,413.0,57.0,1782.0,1398.0,1369.0,1341.0,0.6640006510416666,1.0208799403430275
Training,Training/images/의류/원피스/18_X007_C038_1124_6/18_X007_C038_1124_6_0.jpg,Training/labels/의류/원피스/18_X007_C038_1124_6/18_X007_C038_1124_6_0.json,0,의류/원피스,의류,원피스,의류/원피스,True,True,BOX,431.0,207.0,1456.0,855.0,1025.0,648.0,0.3203125,1.5817901234567902
Training,Training/images/의류/원피스/18_X007_C709_1215/18_X007_C709_1215_3.jpg,Training/labels/의류/원피스/18_X007_C709_1215/18_X007_C709_1215_3.json,0,의류/원피스,의류,원피스,의류/원피스,True,True,BOX,233.0,285.0,1693.0,1239.0,1460.0,954.0,0.5037760416666667,1.530398322851153
Training,Training/images/의류/원피스/18_X012_C166_1013/18_X012_C166_1013_0.jpg,Training/labels/의류/원피스/18_X012_C166_1013/18_X012_C166_1013_0.json,0,의류/원피스,의류,원피스,의류/원피스,True,True,BOX,281.0,378.0,1681.0,1618.0,1400.0,1240.0,0.4709201388888889,1.1290322580645162
Training,Training/images/의류/원피스/18_X039_C172_1130/18_X039_C172_1130_1.jpg,Training/labels/의류/원피스/18_X039_C172_1130/18_X039_C172_1130_1.json,0,의류/원피스,의류,원피스,의류/원피스,True,True,BOX,516.0,180.0,1320.0,827.0,804.0,647.0,0.1881467013888889,1.242658423493045
Training,Training/images/의류/원피스/18_X057_C900_1112/18_X057_C900_1112_2.jpg,Training/labels/의류/원피스/18_X057_C900_1112/18_X057_C900_1112_2.json,0,의류/원피스,의류,원피스,의류/원피스,True,True,BOX,413.0,144.0,1479.0,1375.0,1066.0,1231.0,0.4746260127314815,0.8659626320064988
Training,Training/images/의류/하의/18_X002_C173_1207/18_X002_C173_1207_2.jpg,Training/labels/의류/하의/18_X002_C173_1207/18_X002_C173_1207_2.json,0,의류/하의,의류,하의,의류/하의,True,True,BOX,776.0,175.0,1208.0,377.0,432.0,202.0,0.0315625,2.1386138613861387
Training,Training/images/의류/하의/18_X002_C173_1207/18_X002_C173_1207_2.jpg,Training/labels/의류/하의/18_X002_C173_1207/18_X002_C173_1207_2.json,1,의류/하의,의류,상의,의류/상의,False,True,BOX,661.0,366.0,1539.0,1311.0,878.0,945.0,0.30009765625,0.9291005291005291
Training,Training/images/의류/하의/18_X004_C024_1014/18_X004_C024_1014_0.jpg,Training/labels/의류/하의/18_X004_C024_1014/18_X004_C024_1014_0.json,0,의류/하의,의류,하의,의류/하의,True,True,BOX,583.0,457.0,1134.0,870.0,551.0,413.0,0.0823072193287037,1.334140435835351
Training,Training/images/의류/하의/18_X008_C163_1117/18_X008_C163_1117_3.jpg,Training/labels/의류/하의/18_X008_C163_1117/18_X008_C163_1117_3.json,0,의류/하의,의류,하의,의류/하의,True,True,BOX,473.0,329.0,1382.0,894.0,909.0,565.0,0.2476779513888889,1.608849557522124
Training,Training/images/의류/하의/18_X009_C194_1125/18_X009_C194_1125_2.jpg,Training/labels/의류/하의/18_X009_C194_1125/18_X009_C194_1125_2.json,0,의류/하의,의류,하의,의류/하의,True,True,BOX,359.0,156.0,1304.0,997.0,945.0,841.0,0.38326822916666664,1.1236623067776457
Training,Training/images/의류/하의/18_X011_C163_1130/18_X011_C163_1130_2.jpg,Training/labels/의류/하의/18_X011_C163_1130/18_X011_C163_1130_2.json,0,의류/하의,의류,하의,의류/하의,True,True,BOX,445.0,156.0,1476.0,1030.0,1031.0,874.0,0.3259165219907407,1.1796338672768878
Training,Training/images/의류/하의/18_X012_C058_1126/18_X012_C058_1126_3.jpg,Training/labels/의류/하의/18_X012_C058_1126/18_X012_C058_1126_3.json,0,의류/하의,의류,하의,의류/하의,True,True,BOX,585.0,269.0,1646.0,1140.0,1061.0,871.0,0.3342487702546296,1.2181400688863375
Training,Training/images/의류/하의/18_X012_C704_1211/18_X012_C704_1211_2.jpg,Training/labels/의류/하의/18_X012_C704_1211/18_X012_C704_1211_2.json,0,의류/하의,의류,하의,의류/하의,True,True,BOX,183.0,369.0,1841.0,1160.0,1658.0,791.0,0.4743482349537037,2.0960809102402025
Training,Training/images/의류/하의/18_X162_C900_1117/18_X162_C900_1117_3.jpg,Training/labels/의류/하의/18_X162_C900_1117/18_X162_C900_1117_3.json,0,의류/하의,의류,하의,의류/하의,True,True,BOX,623.0,96.0,1316.0,1025.0,693.0,929.0,0.31047309027777775,0.7459634015069968
Training,Training/images/의류/하의/18_X644_C900_1117/18_X644_C900_1117_1.jpg,Training/labels/의류/하의/18_X644_C900_1117/18_X644_C900_1117_1.json,0,의류/하의,의류,하의,의류/하의,True,True,BOX,534.0,159.0,1446.0,1113.0,912.0,954.0,0.3146875,0.9559748427672956
Training,Training/images/의류/합성섬유/18_X001_C034_1006/18_X001_C034_1006_3.jpg,Training/labels/의류/합성섬유/18_X001_C034_1006/18_X001_C034_1006_3.json,0,의류/합성섬유,의류,합성섬유,의류/합성섬유,True,True,BOX,680.0,109.0,1920.0,1345.0,1240.0,1236.0,0.5543402777777777,1.0032362459546926
Training,Training/images/의류/합성섬유/18_X001_C207_1026/18_X001_C207_1026_0.jpg,Training/labels/의류/합성섬유/18_X001_C207_1026/18_X001_C207_1026_0.json,0,의류/합성섬유,의류,합성섬유,의류/합성섬유,True,True,BOX,227.0,171.0,1163.0,1824.0,936.0,1653.0,0.559609375,0.5662431941923775
Training,Training/images/의류/합성섬유/18_X001_C209_1118/18_X001_C209_1118_1.jpg,Training/labels/의류/합성섬유/18_X001_C209_1118/18_X001_C209_1118_1.json,0,의류/합성섬유,의류,합성섬유,의류/합성섬유,True,True,BOX,615.0,130.0,1537.0,1161.0,922.0,1031.0,0.3438158275462963,0.8942774005819593
Training,Training/images/의류/합성섬유/18_X001_C504_1015/18_X001_C504_1015_2.jpg,Training/labels/의류/합성섬유/18_X001_C504_1015/18_X001_C504_1015_2.json,0,의류/합성섬유,의류,합성섬유,의류/합성섬유,True,True,BOX,447.0,655.0,1304.0,1413.0,857.0,758.0,0.2349558738425926,1.1306068601583112
Training,Training/images/의류/합성섬유/18_X002_C172_1113/18_X002_C172_1113_3.jpg,Training/labels/의류/합성섬유/18_X002_C172_1113/18_X002_C172_1113_3.json,0,의류/합성섬유,의류,합성섬유,의류/합성섬유,True,True,BOX,559.0,372.0,1326.0,1177.0,767.0,805.0,0.22331995081018519,0.9527950310559006
Training,Training/images/의류/합성섬유/18_X034_C178_1120/18_X034_C178_1120_1.jpg,Training/labels/의류/합성섬유/18_X034_C178_1120/18_X034_C178_1120_1.json,0,의류/합성섬유,의류,합성섬유,의류/합성섬유,True,True,BOX,589.0,193.0,1337.0,972.0,748.0,779.0,0.21075376157407408,0.9602053915275995
Training,Training/images/의류/합성섬유/18_X034_C203_1123/18_X034_C203_1123_2.jpg,Training/labels/의류/합성섬유/18_X034_C203_1123/18_X034_C203_1123_2.json,0,의류/합성섬유,의류,합성섬유,의류/합성섬유,True,True,BOX,256.0,274.0,1708.0,1356.0,1452.0,1082.0,0.5682378472222223,1.3419593345656193
Training,Training/images/의류/합성섬유/18_X037_C178_1120/18_X037_C178_1120_1.jpg,Training/labels/의류/합성섬유/18_X037_C178_1120/18_X037_C178_1120_1.json,0,의류/합성섬유,의류,합성섬유,의류/합성섬유,True,True,BOX,539.0,218.0,1371.0,1020.0,832.0,802.0,0.24134259259259258,1.0374064837905237
Training,Training/images/의류/합성섬유/18_X693_C900_1209/18_X693_C900_1209_3.jpg,Training/labels/의류/합성섬유/18_X693_C900_1209/18_X693_C900_1209_3.json,0,의류/합성섬유,의류,합성섬유,의류/합성섬유,True,True,BOX,286.0,435.0,1576.0,1516.0,1290.0,1081.0,0.37827962239583335,1.1933395004625347
Training,Training/images/종이류/기타/21_X007_C705_0111/21_X007_C705_0111_4.jpg,Training/labels/종이류/기타/21_X007_C705_0111/21_X007_C705_0111_4.json,0,종이류/기타,종이류,기타,종이류/기타,True,True,BOX,691.0,428.0,1372.0,1078.0,681.0,650.0,0.16001865347909075,1.0476923076923077
Training,Training/images/종이류/기타/21_X014_C058_0127/21_X014_C058_0127_3.jpg,Training/labels/종이류/기타/21_X014_C058_0127/21_X014_C058_0127_3.json,0,종이류/기타,종이류,기타,종이류/기타,True,True,BOX,826.0,75.0,1297.0,415.0,471.0,340.0,0.057890855457227136,1.3852941176470588
Training,Training/images/종이류/기타/21_X014_C058_0127/21_X014_C058_0127_3.jpg,Training/labels/종이류/기타/21_X014_C058_0127/21_X014_C058_0127_3.json,1,종이류/기타,도기류,그릇류,도기류/그릇류,False,True,BOX,835.0,797.0,1235.0,1193.0,400.0,396.0,0.05726184279021343,1.0101010101010102
Training,Training/images/종이류/기타/21_X016_C705_0105/21_X016_C705_0105_4.jpg,Training/labels/종이류/기타/21_X016_C705_0105/21_X016_C705_0105_4.json,0,종이류/기타,종이류,기타,종이류/기타,True,True,BOX,538.0,357.0,1162.0,1077.0,624.0,720.0,0.16241540864133264,0.8666666666666667
Training,Training/images/종이류/기타/21_X017_C211_1113/21_X017_C211_1113_3.jpg,Training/labels/종이류/기타/21_X017_C211_1113/21_X017_C211_1113_3.json,0,종이류/기타,종이류,기타,종이류/기타,True,True,BOX,185.0,113.0,1715.0,889.0,1530.0,776.0,0.42920353982300885,1.9716494845360826
Training,Training/images/종이류/기타/21_X025_C500_0217/21_X025_C500_0217_2.jpg,Training/labels/종이류/기타/21_X025_C500_0217/21_X025_C500_0217_2.json,0,종이류/기타,종이류,기타,종이류/기타,True,True,POLYGON->BOX,499.0,893.0,787.0,1292.0,288.0,399.0,0.041540864133263924,0.7218045112781954
Training,Training/images/종이류/기타/21_X037_C704_0107/21_X037_C704_0107_4.jpg,Training/labels/종이류/기타/21_X037_C704_0107/21_X037_C704_0107_4.json,0,종이류/기타,종이류,기타,종이류/기타,True,True,BOX,613.0,334.0,1344.0,1074.0,731.0,740.0,0.19555063913470994,0.9878378378378379
Training,Training/images/종이류/기타/21_X051_C704_0107/21_X051_C704_0107_1.jpg,Training/labels/종이류/기타/21_X051_C704_0107/21_X051_C704_0107_1.json,0,종이류/기타,종이류,기타,종이류/기타,True,True,BOX,923.0,680.0,1299.0,987.0,376.0,307.0,0.0417288449303025,1.224755700325733
Training,Training/images/종이류/기타/21_X052_C701_1230/21_X052_C701_1230_0.jpg,Training/labels/종이류/기타/21_X052_C701_1230/21_X052_C701_1230_0.json,0,종이류/기타,종이류,기타,종이류/기타,True,True,BOX,596.0,310.0,1704.0,968.0,1108.0,658.0,0.30338946586086174,1.6838905775075987
Training,Training/images/종이류/기타/21_X071_C701_1230/21_X071_C701_1230_0.jpg,Training/labels/종이류/기타/21_X071_C701_1230/21_X071_C701_1230_0.json,0,종이류/기타,종이류,기타,종이류/기타,True,True,BOX,686.0,354.0,1124.0,611.0,438.0,257.0,0.05420685052159755,1.7042801556420233
Training,Training/images/종이류/노트/21_X009_C209_1112/21_X009_C209_1112_3.jpg,Training/labels/종이류/노트/21_X009_C209_1112/21_X009_C209_1112_3.json,0,종이류/노트,종이류,노트,종이류/노트,True,True,BOX,268.0,155.0,1746.0,1228.0,1478.0,1073.0,0.573601707175926,1.3774464119291705
Training,Training/images/종이류/노트/21_X023_C175_1113/21_X023_C175_1113_4.jpg,Training/labels/종이류/노트/21_X023_C175_1113/21_X023_C175_1113_4.json,0,종이류/노트,종이류,노트,종이류/노트,True,True,BOX,385.0,221.0,1694.0,1260.0,1309.0,1039.0,0.49166052114060965,1.2598652550529355
Training,Training/images/종이류/노트/21_X052_C015_0131/21_X052_C015_0131_1.jpg,Training/labels/종이류/노트/21_X052_C015_0131/21_X052_C015_0131_1.json,0,종이류/노트,종이류,노트,종이류/노트,True,True,BOX,852.0,140.0,1536.0,988.0,684.0,848.0,0.2795766094048239,0.8066037735849056
Training,Training/images/종이류/노트/21_X052_C015_0131/21_X052_C015_0131_1.jpg,Training/labels/종이류/노트/21_X052_C015_0131/21_X052_C015_0131_1.json,1,종이류/노트,종이류,노트,종이류/노트,True,True,BOX,118.0,101.0,661.0,777.0,543.0,676.0,0.17692752617271099,0.8032544378698225
Training,Training/images/종이류/노트/21_X053_C015_0131/21_X053_C015_0131_3.jpg,Training/labels/종이류/노트/21_X053_C015_0131/21_X053_C015_0131_3.json,0,종이류/노트,종이류,노트,종이류/노트,True,True,BOX,495.0,278.0,1554.0,821.0,1059.0,543.0,0.277169009196599,1.9502762430939227
Training,Training/images/종이류/노트/21_X071_C015_0131/21_X071_C015_0131_0.jpg,Training/labels/종이류/노트/21_X071_C015_0131/21_X071_C015_0131_0.json,0,종이류/노트,종이류,노트,종이류/노트,True,True,BOX,554.0,502.0,1047.0,926.0,493.0,424.0,0.10075385119632907,1.1627358490566038
Training,Training/images/종이류/노트/21_X175_C015_0131/21_X175_C015_0131_2.jpg,Training/labels/종이류/노트/21_X175_C015_0131/21_X175_C015_0131_2.json,0,종이류/노트,종이류,노트,종이류/노트,True,True,BOX,572.0,422.0,1455.0,961.0,883.0,539.0,0.22940260666705226,1.6382189239332097
Training,Training/images/종이류/노트/21_X196_C015_0131/21_X196_C015_0131_3.jpg,Training/labels/종이류/노트/21_X196_C015_0131/21_X196_C015_0131_3.json,0,종이류/노트,종이류,노트,종이류/노트,True,True,BOX,447.0,167.0,1549.0,788.0,1102.0,621.0,0.32985424258198853,1.7745571658615138
Training,Training/images/종이류/노트/21_X406_C015_0131/21_X406_C015_0131_2.jpg,Training/labels/종이류/노트/21_X406_C015_0131/21_X406_C015_0131_2.json,0,종이류/노트,종이류,노트,종이류/노트,True,True,BOX,660.0,305.0,1529.0,776.0,869.0,471.0,0.197282954479727,1.8450106157112527
Training,Training/images/종이류/노트/21_X406_C015_0131/21_X406_C015_0131_2.jpg,Training/labels/종이류/노트/21_X406_C015_0131/21_X406_C015_0131_2.json,1,종이류/노트,캔류,맥주캔,캔류/맥주캔,False,True,BOX,646.0,175.0,938.0,343.0,292.0,168.0,0.023645092255191163,1.7380952380952381
Training,Training/images/종이류/노트/21_X454_C015_0131/21_X454_C015_0131_0.jpg,Training/labels/종이류/노트/21_X454_C015_0131/21_X454_C015_0131_0.json,0,종이류/노트,종이류,노트,종이류/노트,True,True,BOX,746.0,334.0,1346.0,774.0,600.0,440.0,0.12724853953380763,1.3636363636363635
Training,Training/images/종이류/상자류/21_X001_C026_1110/21_X001_C026_1110_2.jpg,Training/labels/종이류/상자류/21_X001_C026_1110/21_X001_C026_1110_2.json,0,종이류/상자류,종이류,상자류,종이류/상자류,True,True,BOX,310.0,80.0,1540.0,916.0,1230.0,836.0,0.4958912037037037,1.4712918660287082
Training,Training/images/종이류/상자류/21_X003_C705_1220/21_X003_C705_1220_0.jpg,Training/labels/종이류/상자류/21_X003_C705_1220/21_X003_C705_1220_0.json,0,종이류/상자류,종이류,상자류,종이류/상자류,True,True,BOX,534.0,358.0,1310.0,715.0,776.0,357.0,0.13359953703703703,2.1736694677871147
Training,Training/images/종이류/상자류/21_X013_C173_1008/21_X013_C173_1008_0.jpg,Training/labels/종이류/상자류/21_X013_C173_1008/21_X013_C173_1008_0.json,0,종이류/상자류,종이류,상자류,종이류/상자류,True,True,BOX,355.0,366.0,1512.0,1312.0,1157.0,946.0,0.3956713806466539,1.223044397463002
Training,Training/images/종이류/상자류/21_X014_C206_1209/21_X014_C206_1209_1.jpg,Training/labels/종이류/상자류/21_X014_C206_1209/21_X014_C206_1209_1.json,0,종이류/상자류,종이류,상자류,종이류/상자류,True,True,BOX,561.0,289.0,1286.0,800.0,725.0,511.0,0.17866271219135801,1.4187866927592956
Training,Training/images/종이류/상자류/21_X021_C704_1215/21_X021_C704_1215_2.jpg,Training/labels/종이류/상자류/21_X021_C704_1215/21_X021_C704_1215_2.json,0,종이류/상자류,종이류,상자류,종이류/상자류,True,True,BOX,490.0,142.0,1565.0,1287.0,1075.0,1145.0,0.44496319914396437,0.9388646288209607
Training,Training/images/종이류/상자류/21_X055_C203_1012/21_X055_C203_1012_0.jpg,Training/labels/종이류/상자류/21_X055_C203_1012/21_X055_C203_1012_0.json,0,종이류/상자류,종이류,상자류,종이류/상자류,True,True,BOX,762.0,577.0,1267.0,956.0,505.0,379.0,0.06922562210648148,1.3324538258575198
Training,Training/images/종이류/상자류/21_X059_C701_1230/21_X059_C701_1230_0.jpg,Training/labels/종이류/상자류/21_X059_C701_1230/21_X059_C701_1230_0.json,0,종이류/상자류,종이류,상자류,종이류/상자류,True,True,BOX,814.0,396.0,1598.0,859.0,784.0,463.0,0.15132989811062753,1.693304535637149
Training,Training/images/종이류/상자류/21_X060_C203_1008/21_X060_C203_1008_2.jpg,Training/labels/종이류/상자류/21_X060_C203_1008/21_X060_C203_1008_2.json,0,종이류/상자류,종이류,상자류,종이류/상자류,True,True,BOX,422.0,161.0,1424.0,980.0,1002.0,819.0,0.2966618948464341,1.2234432234432235
Training,Training/images/종이류/상자류/21_X161_C705_1210/21_X161_C705_1210_1.jpg,Training/labels/종이류/상자류/21_X161_C705_1210/21_X161_C705_1210_1.json,0,종이류/상자류,종이류,상자류,종이류/상자류,True,True,BOX,333.0,354.0,1402.0,1101.0,1069.0,747.0,0.28882486979166666,1.431057563587684
Training,Training/images/종이류/신문지/21_X006_C205_1013/21_X006_C205_1013_3.jpg,Training/labels/종이류/신문지/21_X006_C205_1013/21_X006_C205_1013_3.json,0,종이류/신문지,종이류,신문지,종이류/신문지,True,True,BOX,697.0,199.0,1330.0,740.0,633.0,541.0,0.1651490162037037,1.1700554528650646
Training,Training/images/종이류/신문지/21_X007_C509_1230/21_X007_C509_1230_1.jpg,Training/labels/종이류/신문지/21_X007_C509_1230/21_X007_C509_1230_1.json,0,종이류/신문지,종이류,신문지,종이류/신문지,True,True,BOX,415.0,336.0,1401.0,1313.0,986.0,977.0,0.34842375578703705,1.0092118730808597
Training,Training/images/종이류/신문지/21_X012_C173_1008/21_X012_C173_1008_1.jpg,Training/labels/종이류/신문지/21_X012_C173_1008/21_X012_C173_1008_1.json,0,종이류/신문지,종이류,신문지,종이류/신문지,True,True,BOX,439.0,280.0,1439.0,834.0,1000.0,554.0,0.2002718491526404,1.8050541516245486
Training,Training/images/종이류/신문지/21_X018_C172_0929/21_X018_C172_0929_0.jpg,Training/labels/종이류/신문지/21_X018_C172_0929/21_X018_C172_0929_0.json,0,종이류/신문지,종이류,신문지,종이류/신문지,True,True,BOX,700.0,431.0,1359.0,1170.0,659.0,739.0,0.17614330150462962,0.8917456021650879
Training,Training/images/종이류/신문지/21_X024_C705_0105/21_X024_C705_0105_2.jpg,Training/labels/종이류/신문지/21_X024_C705_0105/21_X024_C705_0105_2.json,0,종이류/신문지,종이류,신문지,종이류/신문지,True,True,BOX,432.0,207.0,1488.0,1401.0,1056.0,1194.0,0.4560416666666667,0.8844221105527639
Training,Training/images/종이류/신문지/21_X027_C184_0928/21_X027_C184_0928_2.jpg,Training/labels/종이류/신문지/21_X027_C184_0928/21_X027_C184_0928_2.json,0,종이류/신문지,종이류,신문지,종이류/신문지,True,True,BOX,734.0,53.0,1467.0,909.0,733.0,856.0,0.2615805359614455,0.8563084112149533
Training,Training/images/종이류/신문지/21_X036_C705_0106/21_X036_C705_0106_2.jpg,Training/labels/종이류/신문지/21_X036_C705_0106/21_X036_C705_0106_2.json,0,종이류/신문지,종이류,신문지,종이류/신문지,True,True,BOX,344.0,418.0,1524.0,1116.0,1180.0,698.0,0.29790219907407406,1.6905444126074498
Training,Training/images/종이류/신문지/21_X044_C801_0220/21_X044_C801_0220_2.jpg,Training/labels/종이류/신문지/21_X044_C801_0220/21_X044_C801_0220_2.json,0,종이류/신문지,종이류,신문지,종이류/신문지,True,True,BOX,456.0,389.0,1602.0,1147.0,1146.0,758.0,0.3140248134652091,1.5118733509234827
Training,Training/images/종이류/신문지/21_X074_C172_0107/21_X074_C172_0107_3.jpg,Training/labels/종이류/신문지/21_X074_C172_0107/21_X074_C172_0107_3.json,0,종이류/신문지,종이류,신문지,종이류/신문지,True,True,BOX,662.0,337.0,1423.0,1139.0,761.0,802.0,0.2207472511574074,0.9488778054862843
Training,Training/images/종이류/신발상자/21_X002_C166_1013/21_X002_C166_1013_0.jpg,Training/labels/종이류/신발상자/21_X002_C166_1013/21_X002_C166_1013_0.json,0,종이류/신발상자,종이류,신발상자,종이류/신발상자,True,True,BOX,481.0,281.0,1585.0,1413.0,1104.0,1132.0,0.33901041666666665,0.9752650176678446
Training,Training/images/종이류/신발상자/21_X004_C198_1111/21_X004_C198_1111_1.jpg,Training/labels/종이류/신발상자/21_X004_C198_1111/21_X004_C198_1111_1.json,0,종이류/신발상자,종이류,신발상자,종이류/신발상자,True,True,BOX,203.0,364.0,1641.0,1119.0,1438.0,755.0,0.39268301504629627,1.904635761589404
Training,Training/images/종이류/신발상자/21_X007_C205_1014/21_X007_C205_1014_2.jpg,Training/labels/종이류/신발상자/21_X007_C205_1014/21_X007_C205_1014_2.json,0,종이류/신발상자,종이류,신발상자,종이류/신발상자,True,True,BOX,355.0,139.0,1163.0,784.0,808.0,645.0,0.2513310185185185,1.2527131782945737
Training,Training/images/종이류/신발상자/21_X013_C166_1013/21_X013_C166_1013_3.jpg,Training/labels/종이류/신발상자/21_X013_C166_1013/21_X013_C166_1013_3.json,0,종이류/신발상자,종이류,신발상자,종이류/신발상자,True,True,BOX,516.0,469.0,1449.0,1529.0,933.0,1060.0,0.26827799479166664,0.880188679245283
Training,Training/images/종이류/신발상자/21_X018_C205_1014/21_X018_C205_1014_2.jpg,Training/labels/종이류/신발상자/21_X018_C205_1014/21_X018_C205_1014_2.json,0,종이류/신발상자,종이류,신발상자,종이류/신발상자,True,True,BOX,312.0,65.0,1163.0,874.0,851.0,809.0,0.3320114776234568,1.0519159456118665
Training,Training/images/종이류/신발상자/21_X024_C187_1113/21_X024_C187_1113_0.jpg,Training/labels/종이류/신발상자/21_X024_C187_1113/21_X024_C187_1113_0.json,0,종이류/신발상자,종이류,신발상자,종이류/신발상자,True,True,BOX,240.0,218.0,1695.0,1193.0,1455.0,975.0,0.5131022135416666,1.4923076923076923
Training,Training/images/종이류/신발상자/21_X026_C203_1012/21_X026_C203_1012_4.jpg,Training/labels/종이류/신발상자/21_X026_C203_1012/21_X026_C203_1012_4.json,0,종이류/신발상자,종이류,신발상자,종이류/신발상자,True,True,BOX,385.0,150.0,1767.0,890.0,1382.0,740.0,0.3698929398148148,1.8675675675675676
Training,Training/images/종이류/신발상자/21_X034_C203_1007/21_X034_C203_1007_4.jpg,Training/labels/종이류/신발상자/21_X034_C203_1007/21_X034_C203_1007_4.json,0,종이류/신발상자,종이류,신발상자,종이류/신발상자,True,True,BOX,599.0,220.0,1429.0,1163.0,830.0,943.0,0.28309100115740743,0.88016967126193
Training,Training/images/종이류/신발상자/21_X071_C705_1210/21_X071_C705_1210_4.jpg,Training/labels/종이류/신발상자/21_X071_C705_1210/21_X071_C705_1210_4.json,0,종이류/신발상자,종이류,신발상자,종이류/신발상자,True,True,BOX,664.0,334.0,1449.0,1116.0,785.0,782.0,0.22203052662037037,1.0038363171355498
Training,Training/images/종이류/음료수곽/21_X003_C320_1112_5/21_X003_C320_1112_5_4.jpg,Training/labels/종이류/음료수곽/21_X003_C320_1112_5/21_X003_C320_1112_5_4.json,0,종이류/음료수곽,종이류,음료수곽,종이류/음료수곽,True,True,BOX,447.0,198.0,966.0,1755.0,519.0,1557.0,0.292275390625,0.3333333333333333
Training,Training/images/종이류/음료수곽/21_X004_C035_1014/21_X004_C035_1014_2.jpg,Training/labels/종이류/음료수곽/21_X004_C035_1014/21_X004_C035_1014_2.json,0,종이류/음료수곽,종이류,음료수곽,종이류/음료수곽,True,True,BOX,464.0,551.0,1536.0,928.0,1072.0,377.0,0.14617476851851852,2.843501326259947
Training,Training/images/종이류/음료수곽/21_X005_C188_1112/21_X005_C188_1112_2.jpg,Training/labels/종이류/음료수곽/21_X005_C188_1112/21_X005_C188_1112_2.json,0,종이류/음료수곽,종이류,음료수곽,종이류/음료수곽,True,True,BOX,767.0,180.0,1224.0,1247.0,457.0,1067.0,0.17636682581018517,0.42830365510777885
Training,Training/images/종이류/음료수곽/21_X007_C705_1214/21_X007_C705_1214_2.jpg,Training/labels/종이류/음료수곽/21_X007_C705_1214/21_X007_C705_1214_2.json,0,종이류/음료수곽,종이류,음료수곽,종이류/음료수곽,True,True,BOX,643.0,616.0,1322.0,1443.0,679.0,827.0,0.15232557508680555,0.8210399032648126
Training,Training/images/종이류/음료수곽/21_X008_C164_1013/21_X008_C164_1013_3.jpg,Training/labels/종이류/음료수곽/21_X008_C164_1013/21_X008_C164_1013_3.json,0,종이류/음료수곽,종이류,음료수곽,종이류/음료수곽,True,True,BOX,653.0,474.0,1131.0,1219.0,478.0,745.0,0.1288013599537037,0.6416107382550336
Training,Training/images/종이류/음료수곽/21_X008_C184_0923/21_X008_C184_0923_0.jpg,Training/labels/종이류/음료수곽/21_X008_C184_0923/21_X008_C184_0923_0.json,0,종이류/음료수곽,종이류,음료수곽,종이류/음료수곽,True,True,BOX,600.0,432.0,1308.0,812.0,708.0,380.0,0.12974537037037037,1.8631578947368421
Training,Training/images/종이류/음료수곽/21_X010_C320_1111_6/21_X010_C320_1111_6_3.jpg,Training/labels/종이류/음료수곽/21_X010_C320_1111_6/21_X010_C320_1111_6_3.json,0,종이류/음료수곽,종이류,음료수곽,종이류/음료수곽,True,True,BOX,437.0,243.0,1359.0,638.0,922.0,395.0,0.17563175154320987,2.3341772151898734
Training,Training/images/종이류/음료수곽/21_X014_C042_1019/21_X014_C042_1019_4.jpg,Training/labels/종이류/음료수곽/21_X014_C042_1019/21_X014_C042_1019_4.json,0,종이류/음료수곽,종이류,음료수곽,종이류/음료수곽,True,True,BOX,502.0,422.0,1177.0,1200.0,675.0,778.0,0.18994140625,0.8676092544987146
Training,Training/images/종이류/음료수곽/21_X057_C206_1209/21_X057_C206_1209_2.jpg,Training/labels/종이류/음료수곽/21_X057_C206_1209/21_X057_C206_1209_2.json,0,종이류/음료수곽,종이류,음료수곽,종이류/음료수곽,True,True,BOX,536.0,319.0,1332.0,768.0,796.0,449.0,0.17235918209876544,1.7728285077951003
Training,Training/images/종이류/종이봉투/21_X002_C024_1005/21_X002_C024_1005_2.jpg,Training/labels/종이류/종이봉투/21_X002_C024_1005/21_X002_C024_1005_2.json,0,종이류/종이봉투,종이류,종이봉투,종이류/종이봉투,True,True,BOX,419.0,321.0,1667.0,1086.0,1248.0,765.0,0.3453125,1.6313725490196078
Training,Training/images/종이류/종이봉투/21_X002_C211_1112/21_X002_C211_1112_1.jpg,Training/labels/종이류/종이봉투/21_X002_C211_1112/21_X002_C211_1112_1.json,0,종이류/종이봉투,종이류,종이봉투,종이류/종이봉투,True,True,BOX,151.0,181.0,1814.0,1084.0,1663.0,903.0,0.542862875238591,1.841638981173865
Training,Training/images/종이류/종이봉투/21_X002_C333_1113/21_X002_C333_1113_2.jpg,Training/labels/종이류/종이봉투/21_X002_C333_1113/21_X002_C333_1113_2.json,0,종이류/종이봉투,종이류,종이봉투,종이류/종이봉투,True,True,BOX,864.0,50.0,1489.0,882.0,625.0,832.0,0.2109910085370208,0.7512019230769231
Training,Training/images/종이류/종이봉투/21_X006_C052_1111/21_X006_C052_1111_3.jpg,Training/labels/종이류/종이봉투/21_X006_C052_1111/21_X006_C052_1111_3.json,0,종이류/종이봉투,종이류,종이봉투,종이류/종이봉투,True,True,BOX,411.0,165.0,1547.0,1224.0,1136.0,1059.0,0.4351215277777778,1.072710103871577
Training,Training/images/종이류/종이봉투/21_X007_C166_1020/21_X007_C166_1020_3.jpg,Training/labels/종이류/종이봉투/21_X007_C166_1020/21_X007_C166_1020_3.json,0,종이류/종이봉투,종이류,종이봉투,종이류/종이봉투,True,True,BOX,676.0,154.0,1492.0,1632.0,816.0,1478.0,0.3271614583333333,0.5520974289580515
Training,Training/images/종이류/종이봉투/21_X021_C205_1015/21_X021_C205_1015_2.jpg,Training/labels/종이류/종이봉투/21_X021_C205_1015/21_X021_C205_1015_2.json,0,종이류/종이봉투,종이류,종이봉투,종이류/종이봉투,True,True,BOX,355.0,290.0,1252.0,719.0,897.0,429.0,0.18557725694444444,2.090909090909091
Training,Training/images/종이류/종이봉투/21_X025_C193_1113/21_X025_C193_1113_4.jpg,Training/labels/종이류/종이봉투/21_X025_C193_1113/21_X025_C193_1113_4.json,0,종이류/종이봉투,종이류,종이봉투,종이류/종이봉투,True,True,BOX,475.0,299.0,1576.0,1029.0,1101.0,730.0,0.29070095486111114,1.5082191780821919
Training,Training/images/종이류/종이봉투/21_X025_C206_1013/21_X025_C206_1013_0.jpg,Training/labels/종이류/종이봉투/21_X025_C206_1013/21_X025_C206_1013_0.json,0,종이류/종이봉투,종이류,종이봉투,종이류/종이봉투,True,True,BOX,684.0,288.0,1274.0,735.0,590.0,447.0,0.12718460648148147,1.319910514541387
Training,Training/images/종이류/종이봉투/21_X050_C705_1210/21_X050_C705_1210_1.jpg,Training/labels/종이류/종이봉투/21_X050_C705_1210/21_X050_C705_1210_1.json,0,종이류/종이봉투,종이류,종이봉투,종이류/종이봉투,True,True,BOX,521.0,500.0,1402.0,1284.0,881.0,784.0,0.24982060185185184,1.1237244897959184
Training,Training/images/종이류/책자/21_X007_C509_0317/21_X007_C509_0317_0.jpg,Training/labels/종이류/책자/21_X007_C509_0317/21_X007_C509_0317_0.json,0,종이류/책자,종이류,책자,종이류/책자,True,True,BOX,199.0,344.0,1149.0,1272.0,950.0,928.0,0.31869975128694544,1.0237068965517242
Training,Training/images/종이류/책자/21_X031_C509_0318/21_X031_C509_0318_0.jpg,Training/labels/종이류/책자/21_X031_C509_0318/21_X031_C509_0318_0.json,0,종이류/책자,종이류,책자,종이류/책자,True,True,BOX,147.0,336.0,1308.0,1266.0,1161.0,930.0,0.3903240499739719,1.2483870967741935
Training,Training/images/종이류/책자/21_X084_C509_0318/21_X084_C509_0318_2.jpg,Training/labels/종이류/책자/21_X084_C509_0318/21_X084_C509_0318_2.json,0,종이류/책자,종이류,책자,종이류/책자,True,True,BOX,295.0,78.0,1241.0,1268.0,946.0,1190.0,0.40695673549655853,0.7949579831932773
Training,Training/images/종이류/책자/21_X090_C977_0319/21_X090_C977_0319_1.jpg,Training/labels/종이류/책자/21_X090_C977_0319/21_X090_C977_0319_1.json,0,종이류/책자,종이류,책자,종이류/책자,True,True,BOX,368.0,596.0,848.0,1321.0,480.0,725.0,0.12580253340274164,0.6620689655172414
Training,Training/images/종이류/책자/21_X145_C015_0131/21_X145_C015_0131_3.jpg,Training/labels/종이류/책자/21_X145_C015_0131/21_X145_C015_0131_3.json,0,종이류/책자,종이류,책자,종이류/책자,True,True,BOX,559.0,614.0,1363.0,995.0,804.0,381.0,0.14764879403088668,2.1102362204724407
Training,Training/images/종이류/책자/21_X145_C015_0131/21_X145_C015_0131_3.jpg,Training/labels/종이류/책자/21_X145_C015_0131/21_X145_C015_0131_3.json,1,종이류/책자,유리병,박카스병,유리병/박카스병,False,True,BOX,703.0,229.0,846.0,519.0,143.0,290.0,0.01998862475176895,0.49310344827586206
Training,Training/images/종이류/책자/21_X164_C972_0319/21_X164_C972_0319_3.jpg,Training/labels/종이류/책자/21_X164_C972_0319/21_X164_C972_0319_3.json,0,종이류/책자,종이류,책자,종이류/책자,True,True,BOX,523.0,270.0,1584.0,1152.0,1061.0,882.0,0.33829385736595524,1.2029478458049887
Training,Training/images/종이류/책자/21_X179_C972_0319/21_X179_C972_0319_3.jpg,Training/labels/종이류/책자/21_X179_C972_0319/21_X179_C972_0319_3.json,0,종이류/책자,종이류,책자,종이류/책자,True,True,BOX,653.0,285.0,1620.0,1054.0,967.0,769.0,0.26882085430042224,1.257477243172952
Training,Training/images/종이류/책자/21_X222_C977_0319/21_X222_C977_0319_1.jpg,Training/labels/종이류/책자/21_X222_C977_0319/21_X222_C977_0319_1.json,0,종이류/책자,종이류,책자,종이류/책자,True,True,BOX,429.0,197.0,1522.0,1043.0,1093.0,846.0,0.3342725143154607,1.2919621749408983
Training,Training/images/종이류/책자/21_X228_C509_0318/21_X228_C509_0318_0.jpg,Training/labels/종이류/책자/21_X228_C509_0318/21_X228_C509_0318_0.json,0,종이류/책자,종이류,책자,종이류/책자,True,True,BOX,444.0,671.0,1058.0,1284.0,614.0,613.0,0.1360626699057204,1.0016313213703099
Training,Training/images/종이류/포장상자/21_X004_C171_1007/21_X004_C171_1007_0.jpg,Training/labels/종이류/포장상자/21_X004_C171_1007/21_X004_C171_1007_0.json,0,종이류/포장상자,종이류,포장상자,종이류/포장상자,True,True,BOX,475.0,330.0,1356.0,790.0,881.0,460.0,0.14657841435185184,1.9152173913043478
Training,Training/images/종이류/포장상자/21_X005_C184_1012/21_X005_C184_1012_1.jpg,Training/labels/종이류/포장상자/21_X005_C184_1012/21_X005_C184_1012_1.json,0,종이류/포장상자,종이류,포장상자,종이류/포장상자,True,True,BOX,709.0,218.0,1211.0,800.0,502.0,582.0,0.1218019910951023,0.8625429553264605
Training,Training/images/종이류/포장상자/21_X007_C061_0128/21_X007_C061_0128_4.jpg,Training/labels/종이류/포장상자/21_X007_C061_0128/21_X007_C061_0128_4.json,0,종이류/포장상자,종이류,포장상자,종이류/포장상자,True,True,BOX,1104.0,591.0,1397.0,915.0,293.0,324.0,0.04578125,0.904320987654321
Training,Training/images/종이류/포장상자/21_X007_C061_0128/21_X007_C061_0128_4.jpg,Training/labels/종이류/포장상자/21_X007_C061_0128/21_X007_C061_0128_4.json,1,종이류/포장상자,종이류,포장상자,종이류/포장상자,True,True,BOX,396.0,130.0,1031.0,645.0,635.0,515.0,0.15770881558641975,1.233009708737864
Training,Training/images/종이류/포장상자/21_X019_C172_1007/21_X019_C172_1007_2.jpg,Training/labels/종이류/포장상자/21_X019_C172_1007/21_X019_C172_1007_2.json,0,종이류/포장상자,종이류,포장상자,종이류/포장상자,True,True,BOX,559.0,312.0,1455.0,1175.0,896.0,863.0,0.27967592592592594,1.0382387022016222
Training,Training/images/종이류/포장상자/21_X020_C701_1229/21_X020_C701_1229_1.jpg,Training/labels/종이류/포장상자/21_X020_C701_1229/21_X020_C701_1229_1.json,0,종이류/포장상자,종이류,포장상자,종이류/포장상자,True,True,BOX,651.0,185.0,1099.0,1074.0,448.0,889.0,0.1920679012345679,0.5039370078740157
Training,Training/images/종이류/포장상자/21_X028_C206_1013/21_X028_C206_1013_2.jpg,Training/labels/종이류/포장상자/21_X028_C206_1013/21_X028_C206_1013_2.json,0,종이류/포장상자,종이류,포장상자,종이류/포장상자,True,True,BOX,425.0,203.0,1517.0,723.0,1092.0,520.0,0.2738425925925926,2.1
Training,Training/images/종이류/포장상자/21_X035_C203_1012/21_X035_C203_1012_3.jpg,Training/labels/종이류/포장상자/21_X035_C203_1012/21_X035_C203_1012_3.json,0,종이류/포장상자,종이류,포장상자,종이류/포장상자,True,True,BOX,428.0,182.0,1626.0,1102.0,1198.0,920.0,0.3986400462962963,1.3021739130434782
Training,Training/images/종이류/포장상자/21_X051_C012_1111/21_X051_C012_1111_0.jpg,Training/labels/종이류/포장상자/21_X051_C012_1111/21_X051_C012_1111_0.json,0,종이류/포장상자,종이류,포장상자,종이류/포장상자,True,True,BOX,794.0,499.0,1303.0,869.0,509.0,370.0,0.06811704282407408,1.3756756756756756
Training,Training/images/종이류/포장상자/21_X064_C705_1210/21_X064_C705_1210_2.jpg,Training/labels/종이류/포장상자/21_X064_C705_1210/21_X064_C705_1210_2.json,0,종이류/포장상자,종이류,포장상자,종이류/포장상자,True,True,BOX,423.0,338.0,1438.0,1310.0,1015.0,972.0,0.267626953125,1.044238683127572
Training,Training/images/캔류/기타/22_X010_C045_1105/22_X010_C045_1105_0.jpg,Training/labels/캔류/기타/22_X010_C045_1105/22_X010_C045_1105_0.json,0,캔류/기타,캔류,기타,캔류/기타,True,True,BOX,1265.0,498.0,2269.0,1319.0,1004.0,821.0,0.13754792494339785,1.222898903775883
Training,Training/images/캔류/기타/22_X010_C045_1105/22_X010_C045_1105_1.jpg,Training/labels/캔류/기타/22_X010_C045_1105/22_X010_C045_1105_1.json,0,캔류/기타,캔류,기타,캔류/기타,True,True,BOX,914.0,564.0,2159.0,1565.0,1245.0,1001.0,0.20796037982186338,1.2437562437562437
Training,Training/images/캔류/기타/22_X010_C045_1105/22_X010_C045_1105_2.jpg,Training/labels/캔류/기타/22_X010_C045_1105/22_X010_C045_1105_2.json,0,캔류/기타,캔류,기타,캔류/기타,True,True,BOX,1157.0,406.0,2259.0,1669.0,1102.0,1263.0,0.23225342015891323,0.8725257323832145
Training,Training/images/캔류/기타/22_X010_C045_1105/22_X010_C045_1105_3.jpg,Training/labels/캔류/기타/22_X010_C045_1105/22_X010_C045_1105_3.json,0,캔류/기타,캔류,기타,캔류/기타,True,True,BOX,1253.0,465.0,2198.0,1333.0,945.0,868.0,0.13687644175317185,1.0887096774193548
Training,Training/images/캔류/기타/22_X010_C045_1105/22_X010_C045_1105_4.jpg,Training/labels/캔류/기타/22_X010_C045_1105/22_X010_C045_1105_4.json,0,캔류/기타,캔류,기타,캔류/기타,True,True,BOX,1335.0,333.0,2156.0,1160.0,821.0,827.0,0.11329893817548806,0.992744860943168
Training,Training/images/캔류/맥주캔/22_X001_C329_1106/22_X001_C329_1106_2.jpg,Training/labels/캔류/맥주캔/22_X001_C329_1106/22_X001_C329_1106_2.json,0,캔류/맥주캔,캔류,맥주캔,캔류/맥주캔,True,True,BOX,637.0,327.0,1255.0,1499.0,618.0,1172.0,0.19647786458333333,0.5273037542662116
Training,Training/images/캔류/맥주캔/22_X003_C025_1012/22_X003_C025_1012_3.jpg,Training/labels/캔류/맥주캔/22_X003_C025_1012/22_X003_C025_1012_3.json,0,캔류/맥주캔,캔류,맥주캔,캔류/맥주캔,True,True,BOX,581.0,71.0,1151.0,1074.0,570.0,1003.0,0.2066740412979351,0.5682951146560319
Training,Training/images/캔류/맥주캔/22_X016_C509_0125/22_X016_C509_0125_2.jpg,Training/labels/캔류/맥주캔/22_X016_C509_0125/22_X016_C509_0125_2.json,0,캔류/맥주캔,캔류,맥주캔,캔류/맥주캔,True,True,BOX,558.0,232.0,1038.0,744.0,480.0,512.0,0.11828566643018518,0.9375
Training,Training/images/캔류/맥주캔/22_X019_C509_0406/22_X019_C509_0406_3.jpg,Training/labels/캔류/맥주캔/22_X019_C509_0406/22_X019_C509_0406_3.json,0,캔류/맥주캔,캔류,맥주캔,캔류/맥주캔,True,True,POLYGON->BOX,243.0,632.0,808.0,1379.0,565.0,747.0,0.15257352941176472,0.7563587684069611
Training,Training/images/캔류/맥주캔/22_X055_C053_1104/22_X055_C053_1104_4.jpg,Training/labels/캔류/맥주캔/22_X055_C053_1104/22_X055_C053_1104_4.json,0,캔류/맥주캔,캔류,맥주캔,캔류/맥주캔,True,True,BOX,805.0,367.0,1147.0,633.0,342.0,266.0,0.04387152777777778,1.2857142857142858
Training,Training/images/캔류/맥주캔/22_X065_C053_1104/22_X065_C053_1104_4.jpg,Training/labels/캔류/맥주캔/22_X065_C053_1104/22_X065_C053_1104_4.json,0,캔류/맥주캔,캔류,맥주캔,캔류/맥주캔,True,True,BOX,734.0,387.0,1162.0,712.0,428.0,325.0,0.06708140432098765,1.3169230769230769
Training,Training/images/캔류/맥주캔/22_X210_C001_0321/22_X210_C001_0321_4.jpg,Training/labels/캔류/맥주캔/22_X210_C001_0321/22_X210_C001_0321_4.json,0,캔류/맥주캔,캔류,맥주캔,캔류/맥주캔,True,True,BOX,794.0,409.0,1016.0,628.0,222.0,219.0,0.023433975360055526,1.0136986301369864
Training,Training/images/캔류/맥주캔/22_X262_C001_0321/22_X262_C001_0321_0.jpg,Training/labels/캔류/맥주캔/22_X262_C001_0321/22_X262_C001_0321_0.json,0,캔류/맥주캔,캔류,맥주캔,캔류/맥주캔,True,True,BOX,640.0,233.0,1118.0,606.0,478.0,373.0,0.08593807237742689,1.2815013404825737
Training,Training/images/캔류/맥주캔/22_X495_C509_0406/22_X495_C509_0406_2.jpg,Training/labels/캔류/맥주캔/22_X495_C509_0406/22_X495_C509_0406_2.json,0,캔류/맥주캔,캔류,맥주캔,캔류/맥주캔,True,True,POLYGON->BOX,1060.0,688.0,1442.0,1107.0,382.0,419.0,0.057861212331540283,0.9116945107398569
Training,Training/images/캔류/스팸류/22_X001_C057_1008/22_X001_C057_1008_3.jpg,Training/labels/캔류/스팸류/22_X001_C057_1008/22_X001_C057_1008_3.json,0,캔류/스팸류,캔류,스팸류,캔류/스팸류,True,True,BOX,828.0,380.0,927.0,550.0,99.0,170.0,0.008116319444444445,0.5823529411764706
Training,Training/images/캔류/스팸류/22_X001_C194_1106/22_X001_C194_1106_1.jpg,Training/labels/캔류/스팸류/22_X001_C194_1106/22_X001_C194_1106_1.json,0,캔류/스팸류,캔류,스팸류,캔류/스팸류,True,True,BOX,419.0,266.0,985.0,982.0,566.0,716.0,0.19543595679012346,0.7905027932960894
Training,Training/images/캔류/스팸류/22_X002_C026_1014/22_X002_C026_1014_3.jpg,Training/labels/캔류/스팸류/22_X002_C026_1014/22_X002_C026_1014_3.json,0,캔류/스팸류,캔류,스팸류,캔류/스팸류,True,True,BOX,182.0,323.0,1821.0,1253.0,1639.0,930.0,0.5513129340277778,1.7623655913978495
Training,Training/images/캔류/스팸류/22_X002_C106_0321/22_X002_C106_0321_1.jpg,Training/labels/캔류/스팸류/22_X002_C106_0321/22_X002_C106_0321_1.json,0,캔류/스팸류,캔류,스팸류,캔류/스팸류,True,True,BOX,519.0,246.0,1154.0,804.0,635.0,558.0,0.17078778414020476,1.1379928315412187
Training,Training/images/캔류/스팸류/22_X004_C187_1021/22_X004_C187_1021_4.jpg,Training/labels/캔류/스팸류/22_X004_C187_1021/22_X004_C187_1021_4.json,0,캔류/스팸류,캔류,스팸류,캔류/스팸류,True,True,BOX,720.0,482.0,975.0,776.0,255.0,294.0,0.027115885416666666,0.8673469387755102
Training,Training/images/캔류/스팸류/22_X007_C026_1012/22_X007_C026_1012_4.jpg,Training/labels/캔류/스팸류/22_X007_C026_1012/22_X007_C026_1012_4.json,0,캔류/스팸류,캔류,스팸류,캔류/스팸류,True,True,BOX,435.0,361.0,1557.0,1137.0,1122.0,776.0,0.31491319444444443,1.4458762886597938
Training,Training/images/캔류/스팸류/22_X007_C320_1106/22_X007_C320_1106_0.jpg,Training/labels/캔류/스팸류/22_X007_C320_1106/22_X007_C320_1106_0.json,0,캔류/스팸류,캔류,스팸류,캔류/스팸류,True,True,BOX,600.0,263.0,1033.0,660.0,433.0,397.0,0.08289978780864198,1.0906801007556675
Training,Training/images/캔류/스팸류/22_X009_C052_1103/22_X009_C052_1103_1.jpg,Training/labels/캔류/스팸류/22_X009_C052_1103/22_X009_C052_1103_1.json,0,캔류/스팸류,캔류,스팸류,캔류/스팸류,True,True,BOX,744.0,519.0,1510.0,1117.0,766.0,598.0,0.1656785300925926,1.2809364548494984
Training,Training/images/캔류/스팸류/22_X040_C090_0321/22_X040_C090_0321_3.jpg,Training/labels/캔류/스팸류/22_X040_C090_0321/22_X040_C090_0321_3.json,0,캔류/스팸류,캔류,스팸류,캔류/스팸류,True,True,BOX,496.0,176.0,1132.0,901.0,636.0,725.0,0.22225114234484356,0.8772413793103448
Training,Training/images/캔류/음료수캔/22_X004_C326_1104/22_X004_C326_1104_0.jpg,Training/labels/캔류/음료수캔/22_X004_C326_1104/22_X004_C326_1104_0.json,0,캔류/음료수캔,캔류,음료수캔,캔류/음료수캔,True,True,BOX,553.0,280.0,1299.0,818.0,746.0,538.0,0.19355131172839507,1.3866171003717471
Training,Training/images/캔류/음료수캔/22_X007_C023_1106/22_X007_C023_1106_3.jpg,Training/labels/캔류/음료수캔/22_X007_C023_1106/22_X007_C023_1106_3.json,0,캔류/음료수캔,캔류,음료수캔,캔류/음료수캔,True,True,BOX,686.0,116.0,1139.0,701.0,453.0,585.0,0.12779947916666667,0.7743589743589744
Training,Training/images/캔류/음료수캔/22_X011_C024_1012/22_X011_C024_1012_3.jpg,Training/labels/캔류/음료수캔/22_X011_C024_1012/22_X011_C024_1012_3.json,0,캔류/음료수캔,캔류,음료수캔,캔류/음료수캔,True,True,BOX,453.0,298.0,1289.0,1022.0,836.0,724.0,0.21891782407407406,1.1546961325966851
Training,Training/images/캔류/음료수캔/22_X011_C043_1023/22_X011_C043_1023_2.jpg,Training/labels/캔류/음료수캔/22_X011_C043_1023/22_X011_C043_1023_2.json,0,캔류/음료수캔,캔류,음료수캔,캔류/음료수캔,True,True,BOX,799.0,129.0,1286.0,713.0,487.0,584.0,0.11856854603365184,0.833904109589041
Training,Training/images/캔류/음료수캔/22_X012_C053_1007/22_X012_C053_1007_0.jpg,Training/labels/캔류/음료수캔/22_X012_C053_1007/22_X012_C053_1007_0.json,0,캔류/음료수캔,캔류,음료수캔,캔류/음료수캔,True,True,BOX,697.0,626.0,1160.0,834.0,463.0,208.0,0.034832175925925926,2.2259615384615383
Training,Training/images/캔류/음료수캔/22_X017_C509_0512/22_X017_C509_0512_0.jpg,Training/labels/캔류/음료수캔/22_X017_C509_0512/22_X017_C509_0512_0.json,0,캔류/음료수캔,캔류,음료수캔,캔류/음료수캔,True,True,BOX,445.0,549.0,893.0,826.0,448.0,277.0,0.04486089421019145,1.6173285198555956
Training,Training/images/캔류/음료수캔/22_X030_C804_0219/22_X030_C804_0219_1.jpg,Training/labels/캔류/음료수캔/22_X030_C804_0219/22_X030_C804_0219_1.json,0,캔류/음료수캔,캔류,음료수캔,캔류/음료수캔,True,True,BOX,834.0,344.0,1172.0,946.0,338.0,602.0,0.07355688588119613,0.5614617940199336
Training,Training/images/캔류/음료수캔/22_X047_C999_0420/22_X047_C999_0420_2.jpg,Training/labels/캔류/음료수캔/22_X047_C999_0420/22_X047_C999_0420_2.json,0,캔류/음료수캔,캔류,음료수캔,캔류/음료수캔,True,True,POLYGON->BOX,885.0,143.0,1248.0,925.0,363.0,782.0,0.13682399213372665,0.4641943734015345
Training,Training/images/캔류/음료수캔/22_X393_C999_0320/22_X393_C999_0320_1.jpg,Training/labels/캔류/음료수캔/22_X393_C999_0320/22_X393_C999_0320_1.json,0,캔류/음료수캔,캔류,음료수캔,캔류/음료수캔,True,True,BOX,742.0,182.0,1189.0,779.0,447.0,597.0,0.1286265833767135,0.7487437185929648
Training,Training/images/캔류/참기름캔/22_X001_C205_1105/22_X001_C205_1105_2.jpg,Training/labels/캔류/참기름캔/22_X001_C205_1105/22_X001_C205_1105_2.json,0,캔류/참기름캔,캔류,참기름캔,캔류/참기름캔,True,True,BOX,726.0,375.0,1080.0,834.0,354.0,459.0,0.078359375,0.7712418300653595
Training,Training/images/캔류/참기름캔/22_X002_C023_1104/22_X002_C023_1104_2.jpg,Training/labels/캔류/참기름캔/22_X002_C023_1104/22_X002_C023_1104_2.json,0,캔류/참기름캔,캔류,참기름캔,캔류/참기름캔,True,True,BOX,232.0,269.0,1442.0,722.0,1210.0,453.0,0.26433738425925923,2.671081677704194
Training,Training/images/캔류/참기름캔/22_X002_C187_1103/22_X002_C187_1103_0.jpg,Training/labels/캔류/참기름캔/22_X002_C187_1103/22_X002_C187_1103_0.json,0,캔류/참기름캔,캔류,참기름캔,캔류/참기름캔,True,True,BOX,124.0,218.0,1526.0,933.0,1402.0,715.0,0.3625687210648148,1.9608391608391609
Training,Training/images/캔류/참기름캔/22_X002_C329_1109/22_X002_C329_1109_2.jpg,Training/labels/캔류/참기름캔/22_X002_C329_1109/22_X002_C329_1109_2.json,0,캔류/참기름캔,캔류,참기름캔,캔류/참기름캔,True,True,BOX,376.0,670.0,1551.0,1403.0,1175.0,733.0,0.2336357964409722,1.6030013642564802
Training,Training/images/캔류/참기름캔/22_X003_C187_1021/22_X003_C187_1021_3.jpg,Training/labels/캔류/참기름캔/22_X003_C187_1021/22_X003_C187_1021_3.json,0,캔류/참기름캔,캔류,참기름캔,캔류/참기름캔,True,True,BOX,475.0,416.0,1402.0,1039.0,927.0,623.0,0.20888346354166668,1.4879614767255216
Training,Training/images/캔류/참기름캔/22_X006_C187_1021/22_X006_C187_1021_2.jpg,Training/labels/캔류/참기름캔/22_X006_C187_1021/22_X006_C187_1021_2.json,0,캔류/참기름캔,캔류,참기름캔,캔류/참기름캔,True,True,BOX,480.0,196.0,1065.0,1036.0,585.0,840.0,0.177734375,0.6964285714285714
Training,Training/images/캔류/참기름캔/22_X007_C330_1102/22_X007_C330_1102_3.jpg,Training/labels/캔류/참기름캔/22_X007_C330_1102/22_X007_C330_1102_3.json,0,캔류/참기름캔,캔류,참기름캔,캔류/참기름캔,True,True,BOX,605.0,131.0,1276.0,921.0,671.0,790.0,0.2556375385802469,0.8493670886075949
Training,Training/images/캔류/참기름캔/22_X089_C900_1104/22_X089_C900_1104_3.jpg,Training/labels/캔류/참기름캔/22_X089_C900_1104/22_X089_C900_1104_3.json,0,캔류/참기름캔,캔류,참기름캔,캔류/참기름캔,True,True,BOX,246.0,229.0,1677.0,884.0,1431.0,655.0,0.339013671875,2.184732824427481
Training,Training/images/캔류/참기름캔/22_X140_C900_1104/22_X140_C900_1104_0.jpg,Training/labels/캔류/참기름캔/22_X140_C900_1104/22_X140_C900_1104_0.json,0,캔류/참기름캔,캔류,참기름캔,캔류/참기름캔,True,True,BOX,495.0,281.0,1459.0,777.0,964.0,496.0,0.2305864197530864,1.9435483870967742
Training,Training/images/캔류/커피캔/22_X001_C057_1006/22_X001_C057_1006_3.jpg,Training/labels/캔류/커피캔/22_X001_C057_1006/22_X001_C057_1006_3.json,0,캔류/커피캔,캔류,커피캔,캔류/커피캔,True,True,BOX,677.0,274.0,774.0,461.0,97.0,187.0,0.008747588734567902,0.5187165775401069
Training,Training/images/캔류/커피캔/22_X001_C057_1006/22_X001_C057_1006_3.jpg,Training/labels/캔류/커피캔/22_X001_C057_1006/22_X001_C057_1006_3.json,1,캔류/커피캔,캔류,커피캔,캔류/커피캔,True,True,BOX,904.0,335.0,1008.0,520.0,104.0,185.0,0.009278549382716049,0.5621621621621622
Training,Training/images/캔류/커피캔/22_X001_C164_1006/22_X001_C164_1006_3.jpg,Training/labels/캔류/커피캔/22_X001_C164_1006/22_X001_C164_1006_3.json,0,캔류/커피캔,캔류,커피캔,캔류/커피캔,True,True,BOX,146.0,362.0,1465.0,970.0,1319.0,608.0,0.2900578703703704,2.169407894736842
Training,Training/images/캔류/커피캔/22_X004_C024_1105/22_X004_C024_1105_0.jpg,Training/labels/캔류/커피캔/22_X004_C024_1105/22_X004_C024_1105_0.json,0,캔류/커피캔,캔류,커피캔,캔류/커피캔,True,True,BOX,678.0,489.0,972.0,656.0,294.0,167.0,0.02367766203703704,1.7604790419161678
Training,Training/images/캔류/커피캔/22_X004_C207_1027/22_X004_C207_1027_4.jpg,Training/labels/캔류/커피캔/22_X004_C207_1027/22_X004_C207_1027_4.json,0,캔류/커피캔,캔류,커피캔,캔류/커피캔,True,True,BOX,474.0,442.0,1340.0,983.0,866.0,541.0,0.16945384837962962,1.600739371534196
Training,Training/images/캔류/커피캔/22_X006_C012_1109/22_X006_C012_1109_0.jpg,Training/labels/캔류/커피캔/22_X006_C012_1109/22_X006_C012_1109_0.json,0,캔류/커피캔,캔류,커피캔,캔류/커피캔,True,True,BOX,801.0,574.0,1367.0,852.0,566.0,278.0,0.056911168981481484,2.035971223021583
Training,Training/images/캔류/커피캔/22_X006_C034_1102/22_X006_C034_1102_2.jpg,Training/labels/캔류/커피캔/22_X006_C034_1102/22_X006_C034_1102_2.json,0,캔류/커피캔,캔류,커피캔,캔류/커피캔,True,True,BOX,673.0,354.0,1180.0,1073.0,507.0,719.0,0.1318478732638889,0.7051460361613352
Training,Training/images/캔류/커피캔/22_X015_C023_1029/22_X015_C023_1029_0.jpg,Training/labels/캔류/커피캔/22_X015_C023_1029/22_X015_C023_1029_0.json,0,캔류/커피캔,캔류,커피캔,캔류/커피캔,True,True,BOX,823.0,587.0,1257.0,802.0,434.0,215.0,0.03374927662037037,2.0186046511627906
Training,Training/images/캔류/커피캔/22_X040_C101_0321/22_X040_C101_0321_1.jpg,Training/labels/캔류/커피캔/22_X040_C101_0321/22_X040_C101_0321_1.json,0,캔류/커피캔,캔류,커피캔,캔류/커피캔,True,True,BOX,694.0,331.0,1044.0,719.0,350.0,388.0,0.06545587753292074,0.9020618556701031
Training,Training/images/캔류/커피캔/22_X141_C999_0420/22_X141_C999_0420_4.jpg,Training/labels/캔류/커피캔/22_X141_C999_0420/22_X141_C999_0420_4.json,0,캔류/커피캔,캔류,커피캔,캔류/커피캔,True,True,POLYGON->BOX,222.0,734.0,874.0,1159.0,652.0,425.0,0.13356276630612915,1.5341176470588236
Training,Training/images/캔류/통조림캔/22_X002_C026_1020/22_X002_C026_1020_0.jpg,Training/labels/캔류/통조림캔/22_X002_C026_1020/22_X002_C026_1020_0.json,0,캔류/통조림캔,캔류,통조림캔,캔류/통조림캔,True,True,BOX,809.0,557.0,1232.0,997.0,423.0,440.0,0.06731770833333334,0.9613636363636363
Training,Training/images/캔류/통조림캔/22_X002_C509_0129/22_X002_C509_0129_0.jpg,Training/labels/캔류/통조림캔/22_X002_C509_0129/22_X002_C509_0129_0.json,0,캔류/통조림캔,캔류,통조림캔,캔류/통조림캔,True,True,BOX,537.0,364.0,1242.0,1078.0,705.0,714.0,0.18196902654867256,0.9873949579831933
Training,Training/images/캔류/통조림캔/22_X009_C175_1013/22_X009_C175_1013_3.jpg,Training/labels/캔류/통조림캔/22_X009_C175_1013/22_X009_C175_1013_3.json,0,캔류/통조림캔,캔류,통조림캔,캔류/통조림캔,True,True,BOX,567.0,1009.0,951.0,1564.0,384.0,555.0,0.07708333333333334,0.6918918918918919
Training,Training/images/캔류/통조림캔/22_X011_C166_1014/22_X011_C166_1014_3.jpg,Training/labels/캔류/통조림캔/22_X011_C166_1014/22_X011_C166_1014_3.json,0,캔류/통조림캔,캔류,통조림캔,캔류/통조림캔,True,True,BOX,670.0,521.0,1601.0,1325.0,931.0,804.0,0.20305013020833335,1.157960199004975
Training,Training/images/캔류/통조림캔/22_X012_C024_1105/22_X012_C024_1105_3.jpg,Training/labels/캔류/통조림캔/22_X012_C024_1105/22_X012_C024_1105_3.json,0,캔류/통조림캔,캔류,통조림캔,캔류/통조림캔,True,True,BOX,504.0,322.0,1158.0,830.0,654.0,508.0,0.1602199074074074,1.2874015748031495
Training,Training/images/캔류/통조림캔/22_X022_C026_1109/22_X022_C026_1109_0.jpg,Training/labels/캔류/통조림캔/22_X022_C026_1109/22_X022_C026_1109_0.json,0,캔류/통조림캔,캔류,통조림캔,캔류/통조림캔,True,True,BOX,851.0,483.0,1150.0,797.0,299.0,314.0,0.04527681327160494,0.9522292993630573
Training,Training/images/캔류/통조림캔/22_X032_C204_1209/22_X032_C204_1209_4.jpg,Training/labels/캔류/통조림캔/22_X032_C204_1209/22_X032_C204_1209_4.json,0,캔류/통조림캔,캔류,통조림캔,캔류/통조림캔,True,True,BOX,950.0,648.0,1108.0,812.0,158.0,164.0,0.009372106481481481,0.9634146341463414
Training,Training/images/캔류/통조림캔/22_X045_C091_0321/22_X045_C091_0321_4.jpg,Training/labels/캔류/통조림캔/22_X045_C091_0321/22_X045_C091_0321_4.json,0,캔류/통조림캔,캔류,통조림캔,캔류/통조림캔,True,True,BOX,570.0,179.0,1252.0,790.0,682.0,611.0,0.20085121560915417,1.11620294599018
Training,Training/images/캔류/통조림캔/22_X126_C900_1027/22_X126_C900_1027_0.jpg,Training/labels/캔류/통조림캔/22_X126_C900_1027/22_X126_C900_1027_0.json,0,캔류/통조림캔,캔류,통조림캔,캔류/통조림캔,True,True,BOX,776.0,567.0,1065.0,775.0,289.0,208.0,0.02174189814814815,1.3894230769230769
Training,Training/images/페트병/기타/23_X004_C509_0511/23_X004_C509_0511_1.jpg,Training/labels/페트병/기타/23_X004_C509_0511/23_X004_C509_0511_1.json,0,페트병/기타,페트병,기타,페트병/기타,True,True,BOX,489.0,523.0,971.0,880.0,482.0,357.0,0.06220501474926254,1.350140056022409
Training,Training/images/페트병/기타/23_X011_C509_0511/23_X011_C509_0511_4.jpg,Training/labels/페트병/기타/23_X011_C509_0511/23_X011_C509_0511_4.json,0,페트병/기타,페트병,기타,페트병/기타,True,True,BOX,354.0,844.0,659.0,1284.0,305.0,440.0,0.06468467426301888,0.6931818181818182
Training,Training/images/페트병/기타/23_X013_C509_0511/23_X013_C509_0511_4.jpg,Training/labels/페트병/기타/23_X013_C509_0511/23_X013_C509_0511_4.json,0,페트병/기타,페트병,기타,페트병/기타,True,True,BOX,0.0,637.0,1022.0,930.0,1022.0,293.0,0.10825018798079704,3.4880546075085324
Training,Training/images/페트병/기타/23_X014_C061_1109/23_X014_C061_1109_3.jpg,Training/labels/페트병/기타/23_X014_C061_1109/23_X014_C061_1109_3.json,0,페트병/기타,페트병,기타,페트병/기타,True,True,BOX,816.0,274.0,1033.0,997.0,217.0,723.0,0.07555182724076508,0.30013831258644535
Training,Training/images/페트병/기타/23_X015_C090_0321/23_X015_C090_0321_4.jpg,Training/labels/페트병/기타/23_X015_C090_0321/23_X015_C090_0321_4.json,0,페트병/기타,페트병,기타,페트병/기타,True,True,BOX,413.0,104.0,1266.0,789.0,853.0,685.0,0.28163620413750556,1.2452554744525548
Training,Training/images/페트병/기타/23_X019_C509_0511/23_X019_C509_0511_4.jpg,Training/labels/페트병/기타/23_X019_C509_0511/23_X019_C509_0511_4.json,0,페트병/기타,페트병,기타,페트병/기타,True,True,BOX,309.0,107.0,674.0,989.0,365.0,882.0,0.155170917924692,0.41383219954648526
Training,Training/images/페트병/기타/23_X020_C509_0511/23_X020_C509_0511_0.jpg,Training/labels/페트병/기타/23_X020_C509_0511/23_X020_C509_0511_0.json,0,페트병/기타,페트병,기타,페트병/기타,True,True,BOX,860.0,707.0,1304.0,904.0,444.0,197.0,0.031619816068020126,2.253807106598985
Training,Training/images/페트병/기타/23_X042_C802_0221/23_X042_C802_0221_4.jpg,Training/labels/페트병/기타/23_X042_C802_0221/23_X042_C802_0221_4.json,0,페트병/기타,페트병,기타,페트병/기타,True,True,BOX,474.0,613.0,1641.0,985.0,1167.0,372.0,0.15693649141072358,3.1370967741935485
Training,Training/images/페트병/기타/23_X109_C509_0326/23_X109_C509_0326_3.jpg,Training/labels/페트병/기타/23_X109_C509_0326/23_X109_C509_0326_3.json,0,페트병/기타,페트병,기타,페트병/기타,True,True,BOX,540.0,752.0,808.0,1222.0,268.0,470.0,0.045534733067268206,0.5702127659574469
Training,Training/images/페트병/일회용음료수잔/23_X002_C021_1015/23_X002_C021_1015_4.jpg,Training/labels/페트병/일회용음료수잔/23_X002_C021_1015/23_X002_C021_1015_4.json,0,페트병/일회용음료수잔,페트병,일회용음료수잔,페트병/일회용음료수잔,True,True,BOX,784.0,338.0,1273.0,935.0,489.0,597.0,0.12170568812847066,0.8190954773869347
Training,Training/images/페트병/일회용음료수잔/23_X004_C162_1106/23_X004_C162_1106_3.jpg,Training/labels/페트병/일회용음료수잔/23_X004_C162_1106/23_X004_C162_1106_3.json,0,페트병/일회용음료수잔,페트병,일회용음료수잔,페트병/일회용음료수잔,True,True,BOX,557.0,330.0,1300.0,906.0,743.0,576.0,0.15479166666666666,1.2899305555555556
Training,Training/images/페트병/일회용음료수잔/23_X004_C203_1110/23_X004_C203_1110_4.jpg,Training/labels/페트병/일회용음료수잔/23_X004_C203_1110/23_X004_C203_1110_4.json,0,페트병/일회용음료수잔,페트병,일회용음료수잔,페트병/일회용음료수잔,True,True,BOX,579.0,177.0,1329.0,785.0,750.0,608.0,0.2199074074074074,1.2335526315789473
Training,Training/images/페트병/일회용음료수잔/23_X007_C204_1015/23_X007_C204_1015_0.jpg,Training/labels/페트병/일회용음료수잔/23_X007_C204_1015/23_X007_C204_1015_0.json,0,페트병/일회용음료수잔,페트병,일회용음료수잔,페트병/일회용음료수잔,True,True,BOX,678.0,239.0,1342.0,1061.0,664.0,822.0,0.19731042859621725,0.8077858880778589
Training,Training/images/페트병/일회용음료수잔/23_X010_C166_1016/23_X010_C166_1016_0.jpg,Training/labels/페트병/일회용음료수잔/23_X010_C166_1016/23_X010_C166_1016_0.json,0,페트병/일회용음료수잔,페트병,일회용음료수잔,페트병/일회용음료수잔,True,True,BOX,616.0,354.0,1354.0,1446.0,738.0,1092.0,0.21861328125,0.6758241758241759
Training,Training/images/페트병/일회용음료수잔/23_X010_C203_1016/23_X010_C203_1016_3.jpg,Training/labels/페트병/일회용음료수잔/23_X010_C203_1016/23_X010_C203_1016_3.json,0,페트병/일회용음료수잔,페트병,일회용음료수잔,페트병/일회용음료수잔,True,True,BOX,327.0,303.0,1626.0,918.0,1299.0,615.0,0.2889485677083333,2.1121951219512196
Training,Training/images/페트병/일회용음료수잔/23_X010_C319_1102/23_X010_C319_1102_2.jpg,Training/labels/페트병/일회용음료수잔/23_X010_C319_1102/23_X010_C319_1102_2.json,0,페트병/일회용음료수잔,페트병,일회용음료수잔,페트병/일회용음료수잔,True,True,BOX,908.0,346.0,1172.0,725.0,264.0,379.0,0.03618923611111111,0.6965699208443272
Training,Training/images/페트병/일회용음료수잔/23_X063_C499_0326/23_X063_C499_0326_3.jpg,Training/labels/페트병/일회용음료수잔/23_X063_C499_0326/23_X063_C499_0326_3.json,0,페트병/일회용음료수잔,페트병,일회용음료수잔,페트병/일회용음료수잔,True,True,BOX,897.0,377.0,1430.0,1010.0,533.0,633.0,0.1219666406385563,0.8420221169036335
Training,Training/images/페트병/일회용음료수잔/23_X309_C509_0401/23_X309_C509_0401_3.jpg,Training/labels/페트병/일회용음료수잔/23_X309_C509_0401/23_X309_C509_0401_3.json,0,페트병/일회용음료수잔,페트병,일회용음료수잔,페트병/일회용음료수잔,True,True,BOX,815.0,318.0,1343.0,863.0,528.0,545.0,0.10402568106888774,0.9688073394495413
Training,Training/images/페트병/페트병/23_X002_C033_1013/23_X002_C033_1013_1.jpg,Training/labels/페트병/페트병/23_X002_C033_1013/23_X002_C033_1013_1.json,0,페트병/페트병,페트병,페트병,페트병/페트병,True,True,BOX,490.0,589.0,1490.0,913.0,1000.0,324.0,0.1171875,3.0864197530864197
Training,Training/images/페트병/페트병/23_X002_C039_1211/23_X002_C039_1211_3.jpg,Training/labels/페트병/페트병/23_X002_C039_1211/23_X002_C039_1211_3.json,0,페트병/페트병,페트병,페트병,페트병/페트병,True,True,BOX,729.0,681.0,1151.0,925.0,422.0,244.0,0.04965663580246914,1.7295081967213115
Training,Training/images/페트병/페트병/23_X002_C039_1211/23_X002_C039_1211_3.jpg,Training/labels/페트병/페트병/23_X002_C039_1211/23_X002_C039_1211_3.json,1,페트병/페트병,페트병,페트병,페트병/페트병,True,True,BOX,784.0,186.0,958.0,531.0,174.0,345.0,0.02894965277777778,0.5043478260869565
Training,Training/images/페트병/페트병/23_X003_C203_0929/23_X003_C203_0929_3.jpg,Training/labels/페트병/페트병/23_X003_C203_0929/23_X003_C203_0929_3.json,0,페트병/페트병,페트병,페트병,페트병/페트병,True,True,BOX,700.0,96.0,1019.0,1158.0,319.0,1062.0,0.12253255208333333,0.300376647834275
Training,Training/images/페트병/페트병/23_X005_C323_1030/23_X005_C323_1030_3.jpg,Training/labels/페트병/페트병/23_X005_C323_1030/23_X005_C323_1030_3.json,0,페트병/페트병,페트병,페트병,페트병/페트병,True,True,BOX,664.0,251.0,1363.0,783.0,699.0,532.0,0.17933449074074073,1.3139097744360901
Training,Training/images/페트병/페트병/23_X006_C211_1105/23_X006_C211_1105_0.jpg,Training/labels/페트병/페트병/23_X006_C211_1105/23_X006_C211_1105_0.json,0,페트병/페트병,페트병,페트병,페트병/페트병,True,True,BOX,253.0,355.0,1799.0,966.0,1546.0,611.0,0.34165436921296294,2.530278232405892
Training,Training/images/페트병/페트병/23_X016_C025_1015/23_X016_C025_1015_4.jpg,Training/labels/페트병/페트병/23_X016_C025_1015/23_X016_C025_1015_4.json,0,페트병/페트병,페트병,페트병,페트병/페트병,True,True,BOX,542.0,98.0,1062.0,1246.0,520.0,1148.0,0.2158019550002892,0.4529616724738676
Training,Training/images/페트병/페트병/23_X041_C013_1027/23_X041_C013_1027_0.jpg,Training/labels/페트병/페트병/23_X041_C013_1027/23_X041_C013_1027_0.json,0,페트병/페트병,페트병,페트병,페트병/페트병,True,True,BOX,466.0,378.0,1491.0,688.0,1025.0,310.0,0.15323591820987653,3.306451612903226
Training,Training/images/페트병/페트병/23_X061_C704_1211/23_X061_C704_1211_3.jpg,Training/labels/페트병/페트병/23_X061_C704_1211/23_X061_C704_1211_3.json,0,페트병/페트병,페트병,페트병,페트병/페트병,True,True,BOX,866.0,158.0,1222.0,1209.0,356.0,1051.0,0.13532841435185186,0.33872502378686964
Training,Training/images/페트병/페트병/23_X064_C499_0326/23_X064_C499_0326_4.jpg,Training/labels/페트병/페트병/23_X064_C499_0326/23_X064_C499_0326_4.json,0,페트병/페트병,페트병,페트병,페트병/페트병,True,True,BOX,496.0,167.0,830.0,989.0,334.0,822.0,0.09924952281797675,0.40632603406326034
Training,Training/images/플라스틱류/기타/24_X004_C333_0115/24_X004_C333_0115_3.jpg,Training/labels/플라스틱류/기타/24_X004_C333_0115/24_X004_C333_0115_3.json,0,플라스틱류/기타,플라스틱류,기타,플라스틱류/기타,True,True,BOX,1043.0,340.0,1402.0,897.0,359.0,557.0,0.0809893382108737,0.644524236983842
Training,Training/images/플라스틱류/기타/24_X006_C803_0218/24_X006_C803_0218_2.jpg,Training/labels/플라스틱류/기타/24_X006_C803_0218/24_X006_C803_0218_2.json,0,플라스틱류/기타,플라스틱류,기타,플라스틱류/기타,True,True,POLYGON->BOX,246.0,820.0,1159.0,1443.0,913.0,623.0,0.20562171033605184,1.4654895666131622
Training,Training/images/플라스틱류/기타/24_X009_C509_0125/24_X009_C509_0125_4.jpg,Training/labels/플라스틱류/기타/24_X009_C509_0125/24_X009_C509_0125_4.json,0,플라스틱류/기타,플라스틱류,기타,플라스틱류/기타,True,True,BOX,628.0,130.0,1551.0,1357.0,923.0,1227.0,0.40940807739024815,0.752241238793806
Training,Training/images/플라스틱류/기타/24_X013_C172_1006/24_X013_C172_1006_2.jpg,Training/labels/플라스틱류/기타/24_X013_C172_1006/24_X013_C172_1006_2.json,0,플라스틱류/기타,플라스틱류,기타,플라스틱류/기타,True,True,BOX,603.0,296.0,1231.0,952.0,628.0,656.0,0.14892706345074902,0.9573170731707317
Training,Training/images/플라스틱류/기타/24_X014_C176_0925/24_X014_C176_0925_1.jpg,Training/labels/플라스틱류/기타/24_X014_C176_0925/24_X014_C176_0925_1.json,0,플라스틱류/기타,플라스틱류,기타,플라스틱류/기타,True,True,BOX,783.0,40.0,1083.0,1069.0,300.0,1029.0,0.11159552316501822,0.2915451895043732
Training,Training/images/플라스틱류/기타/24_X014_C195_1216/24_X014_C195_1216_0.jpg,Training/labels/플라스틱류/기타/24_X014_C195_1216/24_X014_C195_1216_0.json,0,플라스틱류/기타,플라스틱류,기타,플라스틱류/기타,True,True,BOX,424.0,496.0,672.0,1051.0,248.0,555.0,0.049757070969980915,0.44684684684684683
Training,Training/images/플라스틱류/기타/24_X014_C195_1216/24_X014_C195_1216_0.jpg,Training/labels/플라스틱류/기타/24_X014_C195_1216/24_X014_C195_1216_0.json,1,플라스틱류/기타,플라스틱류,기타,플라스틱류/기타,True,True,BOX,1245.0,466.0,1486.0,1007.0,241.0,541.0,0.0471329313436289,0.4454713493530499
Training,Training/images/플라스틱류/기타/24_X014_C211_1207/24_X014_C211_1207_0.jpg,Training/labels/플라스틱류/기타/24_X014_C211_1207/24_X014_C211_1207_0.json,0,플라스틱류/기타,플라스틱류,기타,플라스틱류/기타,True,True,BOX,123.0,297.0,691.0,794.0,568.0,497.0,0.10205043669385158,1.1428571428571428
Training,Training/images/플라스틱류/기타/24_X014_C211_1207/24_X014_C211_1207_0.jpg,Training/labels/플라스틱류/기타/24_X014_C211_1207/24_X014_C211_1207_0.json,1,플라스틱류/기타,플라스틱류,기타,플라스틱류/기타,True,True,BOX,1219.0,276.0,1740.0,952.0,521.0,676.0,0.12731939383422985,0.7707100591715976
Training,Training/images/플라스틱류/기타/24_X041_C801_0220/24_X041_C801_0220_2.jpg,Training/labels/플라스틱류/기타/24_X041_C801_0220/24_X041_C801_0220_2.json,0,플라스틱류/기타,플라스틱류,기타,플라스틱류/기타,True,True,BOX,533.0,179.0,1742.0,1318.0,1209.0,1139.0,0.4978060471976401,1.061457418788411
Training,Training/images/플라스틱류/기타/24_X049_C803_0218/24_X049_C803_0218_3.jpg,Training/labels/플라스틱류/기타/24_X049_C803_0218/24_X049_C803_0218_3.json,0,플라스틱류/기타,플라스틱류,기타,플라스틱류/기타,True,True,POLYGON->BOX,401.0,438.0,889.0,1422.0,488.0,984.0,0.17359014402221065,0.4959349593495935
Training,Training/images/플라스틱류/대용량플라스틱통/24_X001_C203_1210/24_X001_C203_1210_3.jpg,Training/labels/플라스틱류/대용량플라스틱통/24_X001_C203_1210/24_X001_C203_1210_3.json,0,플라스틱류/대용량플라스틱통,플라스틱류,대용량플라스틱통,플라스틱류/대용량플라스틱통,True,True,BOX,190.0,292.0,735.0,1098.0,545.0,806.0,0.15887948495370371,0.6761786600496278
Training,Training/images/플라스틱류/대용량플라스틱통/24_X001_C203_1210/24_X001_C203_1210_3.jpg,Training/labels/플라스틱류/대용량플라스틱통/24_X001_C203_1210/24_X001_C203_1210_3.json,1,플라스틱류/대용량플라스틱통,플라스틱류,대용량플라스틱통,플라스틱류/대용량플라스틱통,True,True,BOX,1013.0,275.0,1596.0,1053.0,583.0,778.0,0.1640530960648148,0.7493573264781491
Training,Training/images/플라스틱류/대용량플라스틱통/24_X002_C320_1210/24_X002_C320_1210_1.jpg,Training/labels/플라스틱류/대용량플라스틱통/24_X002_C320_1210/24_X002_C320_1210_1.json,0,플라스틱류/대용량플라스틱통,플라스틱류,대용량플라스틱통,플라스틱류/대용량플라스틱통,True,True,BOX,712.0,139.0,1139.0,301.0,427.0,162.0,0.033359375,2.6358024691358026
Training,Training/images/플라스틱류/대용량플라스틱통/24_X002_C320_1210/24_X002_C320_1210_1.jpg,Training/labels/플라스틱류/대용량플라스틱통/24_X002_C320_1210/24_X002_C320_1210_1.json,1,플라스틱류/대용량플라스틱통,플라스틱류,대용량플라스틱통,플라스틱류/대용량플라스틱통,True,True,BOX,480.0,393.0,1314.0,860.0,834.0,467.0,0.1878269675925926,1.785867237687366
Training,Training/images/플라스틱류/대용량플라스틱통/24_X005_C044_1216/24_X005_C044_1216_2.jpg,Training/labels/플라스틱류/대용량플라스틱통/24_X005_C044_1216/24_X005_C044_1216_2.json,0,플라스틱류/대용량플라스틱통,플라스틱류,대용량플라스틱통,플라스틱류/대용량플라스틱통,True,True,BOX,582.0,611.0,942.0,1076.0,360.0,465.0,0.060515356585111924,0.7741935483870968
Training,Training/images/플라스틱류/대용량플라스틱통/24_X005_C044_1216/24_X005_C044_1216_2.jpg,Training/labels/플라스틱류/대용량플라스틱통/24_X005_C044_1216/24_X005_C044_1216_2.json,1,플라스틱류/대용량플라스틱통,플라스틱류,대용량플라스틱통,플라스틱류/대용량플라스틱통,True,True,BOX,1120.0,414.0,1458.0,838.0,338.0,424.0,0.05180750766383249,0.7971698113207547
Training,Training/images/플라스틱류/대용량플라스틱통/24_X005_C044_1216/24_X005_C044_1216_2.jpg,Training/labels/플라스틱류/대용량플라스틱통/24_X005_C044_1216/24_X005_C044_1216_2.json,2,플라스틱류/대용량플라스틱통,플라스틱류,대용량플라스틱통,플라스틱류/대용량플라스틱통,True,True,BOX,111.0,0.0,532.0,243.0,421.0,243.0,0.03698269130661114,1.7325102880658436
Training,Training/images/플라스틱류/대용량플라스틱통/24_X008_C187_1210/24_X008_C187_1210_0.jpg,Training/labels/플라스틱류/대용량플라스틱통/24_X008_C187_1210/24_X008_C187_1210_0.json,0,플라스틱류/대용량플라스틱통,플라스틱류,대용량플라스틱통,플라스틱류/대용량플라스틱통,True,True,BOX,467.0,247.0,957.0,787.0,490.0,540.0,0.095703125,0.9074074074074074
Training,Training/images/플라스틱류/대용량플라스틱통/24_X008_C187_1210/24_X008_C187_1210_0.jpg,Training/labels/플라스틱류/대용량플라스틱통/24_X008_C187_1210/24_X008_C187_1210_0.json,1,플라스틱류/대용량플라스틱통,플라스틱류,대용량플라스틱통,플라스틱류/대용량플라스틱통,True,True,BOX,606.0,1243.0,994.0,1668.0,388.0,425.0,0.059642650462962965,0.9129411764705883
Training,Training/images/플라스틱류/대용량플라스틱통/24_X009_C061_1111_7/24_X009_C061_1111_7_1.jpg,Training/labels/플라스틱류/대용량플라스틱통/24_X009_C061_1111_7/24_X009_C061_1111_7_1.json,0,플라스틱류/대용량플라스틱통,플라스틱류,대용량플라스틱통,플라스틱류/대용량플라스틱통,True,True,BOX,433.0,116.0,1495.0,872.0,1062.0,756.0,0.3871875,1.4047619047619047
Training,Training/images/플라스틱류/대용량플라스틱통/24_X009_C196_1113/24_X009_C196_1113_3.jpg,Training/labels/플라스틱류/대용량플라스틱통/24_X009_C196_1113/24_X009_C196_1113_3.json,0,플라스틱류/대용량플라스틱통,플라스틱류,대용량플라스틱통,플라스틱류/대용량플라스틱통,True,True,BOX,788.0,87.0,1189.0,759.0,401.0,672.0,0.1299537037037037,0.5967261904761905
Training,Training/images/플라스틱류/대용량플라스틱통/24_X014_C027_1019/24_X014_C027_1019_1.jpg,Training/labels/플라스틱류/대용량플라스틱통/24_X014_C027_1019/24_X014_C027_1019_1.json,0,플라스틱류/대용량플라스틱통,플라스틱류,대용량플라스틱통,플라스틱류/대용량플라스틱통,True,True,BOX,354.0,296.0,1161.0,1707.0,807.0,1411.0,0.4118478732638889,0.5719347980155918
Training,Training/images/플라스틱류/대용량플라스틱통/24_X021_C211_1204/24_X021_C211_1204_4.jpg,Training/labels/플라스틱류/대용량플라스틱통/24_X021_C211_1204/24_X021_C211_1204_4.json,0,플라스틱류/대용량플라스틱통,플라스틱류,대용량플라스틱통,플라스틱류/대용량플라스틱통,True,True,BOX,703.0,113.0,1075.0,615.0,372.0,502.0,0.06754340277777778,0.7410358565737052
Training,Training/images/플라스틱류/대용량플라스틱통/24_X021_C211_1204/24_X021_C211_1204_4.jpg,Training/labels/플라스틱류/대용량플라스틱통/24_X021_C211_1204/24_X021_C211_1204_4.json,1,플라스틱류/대용량플라스틱통,플라스틱류,대용량플라스틱통,플라스틱류/대용량플라스틱통,True,True,BOX,637.0,774.0,1143.0,1361.0,506.0,587.0,0.10742983217592593,0.8620102214650767
Training,Training/images/플라스틱류/대용량플라스틱통/24_X037_C803_0219/24_X037_C803_0219_3.jpg,Training/labels/플라스틱류/대용량플라스틱통/24_X037_C803_0219/24_X037_C803_0219_3.json,0,플라스틱류/대용량플라스틱통,플라스틱류,대용량플라스틱통,플라스틱류/대용량플라스틱통,True,True,BOX,828.0,642.0,1311.0,1335.0,483.0,693.0,0.12100143154606975,0.696969696969697
Training,Training/images/플라스틱류/밀폐용기/24_X003_C193_1216/24_X003_C193_1216_0.jpg,Training/labels/플라스틱류/밀폐용기/24_X003_C193_1216/24_X003_C193_1216_0.json,0,플라스틱류/밀폐용기,플라스틱류,밀폐용기,플라스틱류/밀폐용기,True,True,BOX,745.0,259.0,1120.0,672.0,375.0,413.0,0.05601671006944445,0.9079903147699758
Training,Training/images/플라스틱류/밀폐용기/24_X003_C193_1216/24_X003_C193_1216_0.jpg,Training/labels/플라스틱류/밀폐용기/24_X003_C193_1216/24_X003_C193_1216_0.json,1,플라스틱류/밀폐용기,플라스틱류,밀폐용기,플라스틱류/밀폐용기,True,True,BOX,701.0,800.0,1167.0,1292.0,466.0,492.0,0.08292534722222222,0.9471544715447154
Training,Training/images/플라스틱류/밀폐용기/24_X005_C169_1211/24_X005_C169_1211_2.jpg,Training/labels/플라스틱류/밀폐용기/24_X005_C169_1211/24_X005_C169_1211_2.json,0,플라스틱류/밀폐용기,플라스틱류,밀폐용기,플라스틱류/밀폐용기,True,True,BOX,304.0,227.0,584.0,743.0,280.0,516.0,0.06963965527213835,0.5426356589147286
Training,Training/images/플라스틱류/밀폐용기/24_X005_C169_1211/24_X005_C169_1211_2.jpg,Training/labels/플라스틱류/밀폐용기/24_X005_C169_1211/24_X005_C169_1211_2.json,1,플라스틱류/밀폐용기,플라스틱류,대용량플라스틱통,플라스틱류/대용량플라스틱통,False,True,BOX,976.0,196.0,1644.0,851.0,668.0,655.0,0.21089517419553858,1.0198473282442748
Training,Training/images/플라스틱류/밀폐용기/24_X006_C710_1215/24_X006_C710_1215_0.jpg,Training/labels/플라스틱류/밀폐용기/24_X006_C710_1215/24_X006_C710_1215_0.json,0,플라스틱류/밀폐용기,플라스틱류,밀폐용기,플라스틱류/밀폐용기,True,True,BOX,343.0,368.0,1656.0,1141.0,1313.0,773.0,0.36709671585648146,1.6985769728331177
Training,Training/images/플라스틱류/밀폐용기/24_X010_C188_1111/24_X010_C188_1111_4.jpg,Training/labels/플라스틱류/밀폐용기/24_X010_C188_1111/24_X010_C188_1111_4.json,0,플라스틱류/밀폐용기,플라스틱류,밀폐용기,플라스틱류/밀폐용기,True,True,BOX,931.0,414.0,1217.0,1052.0,286.0,638.0,0.06599681712962963,0.4482758620689655
Training,Training/images/플라스틱류/밀폐용기/24_X011_C169_1203/24_X011_C169_1203_1.jpg,Training/labels/플라스틱류/밀폐용기/24_X011_C169_1203/24_X011_C169_1203_1.json,0,플라스틱류/밀폐용기,플라스틱류,밀폐용기,플라스틱류/밀폐용기,True,True,BOX,471.0,385.0,843.0,798.0,372.0,413.0,0.07409143518518518,0.9007263922518159
Training,Training/images/플라스틱류/밀폐용기/24_X011_C169_1203/24_X011_C169_1203_1.jpg,Training/labels/플라스틱류/밀폐용기/24_X011_C169_1203/24_X011_C169_1203_1.json,1,플라스틱류/밀폐용기,플라스틱류,밀폐용기,플라스틱류/밀폐용기,True,True,BOX,1028.0,366.0,1347.0,780.0,319.0,414.0,0.06368923611111112,0.7705314009661836
Training,Training/images/플라스틱류/밀폐용기/24_X014_C045_1210/24_X014_C045_1210_2.jpg,Training/labels/플라스틱류/밀폐용기/24_X014_C045_1210/24_X014_C045_1210_2.json,0,플라스틱류/밀폐용기,플라스틱류,밀폐용기,플라스틱류/밀폐용기,True,True,BOX,769.0,216.0,1302.0,472.0,533.0,256.0,0.06580246913580247,2.08203125
Training,Training/images/플라스틱류/밀폐용기/24_X014_C045_1210/24_X014_C045_1210_2.jpg,Training/labels/플라스틱류/밀폐용기/24_X014_C045_1210/24_X014_C045_1210_2.json,1,플라스틱류/밀폐용기,플라스틱류,밀폐용기,플라스틱류/밀폐용기,True,True,BOX,606.0,562.0,1203.0,924.0,597.0,362.0,0.10422164351851852,1.649171270718232
Training,Training/images/플라스틱류/밀폐용기/24_X030_C705_1210/24_X030_C705_1210_3.jpg,Training/labels/플라스틱류/밀폐용기/24_X030_C705_1210/24_X030_C705_1210_3.json,0,플라스틱류/밀폐용기,플라스틱류,밀폐용기,플라스틱류/밀폐용기,True,True,BOX,396.0,404.0,1056.0,1161.0,660.0,757.0,0.18070746527777778,0.8718626155878467
Training,Training/images/플라스틱류/밀폐용기/24_X247_C107_0322/24_X247_C107_0322_0.jpg,Training/labels/플라스틱류/밀폐용기/24_X247_C107_0322/24_X247_C107_0322_0.json,0,플라스틱류/밀폐용기,플라스틱류,밀폐용기,플라스틱류/밀폐용기,True,True,BOX,685.0,498.0,1060.0,766.0,375.0,268.0,0.048441205390710854,1.3992537313432836
Training,Training/images/플라스틱류/밀폐용기/24_X432_C501_0329/24_X432_C501_0329_3.jpg,Training/labels/플라스틱류/밀폐용기/24_X432_C501_0329/24_X432_C501_0329_3.json,0,플라스틱류/밀폐용기,플라스틱류,밀폐용기,플라스틱류/밀폐용기,True,True,BOX,504.0,393.0,1368.0,1185.0,864.0,792.0,0.24737116085372202,1.0909090909090908
Training,Training/images/플라스틱류/바구니/24_X001_C027_1023/24_X001_C027_1023_0.jpg,Training/labels/플라스틱류/바구니/24_X001_C027_1023/24_X001_C027_1023_0.json,0,플라스틱류/바구니,플라스틱류,바구니,플라스틱류/바구니,True,True,BOX,680.0,561.0,1191.0,1022.0,511.0,461.0,0.08520363136574075,1.1084598698481563
Training,Training/images/플라스틱류/바구니/24_X001_C211_1210/24_X001_C211_1210_2.jpg,Training/labels/플라스틱류/바구니/24_X001_C211_1210/24_X001_C211_1210_2.json,0,플라스틱류/바구니,플라스틱류,바구니,플라스틱류/바구니,True,True,BOX,228.0,352.0,813.0,1004.0,585.0,652.0,0.13795572916666668,0.897239263803681
Training,Training/images/플라스틱류/바구니/24_X001_C211_1210/24_X001_C211_1210_2.jpg,Training/labels/플라스틱류/바구니/24_X001_C211_1210/24_X001_C211_1210_2.json,1,플라스틱류/바구니,플라스틱류,바구니,플라스틱류/바구니,True,True,BOX,1073.0,363.0,1639.0,973.0,566.0,610.0,0.12487702546296296,0.9278688524590164
Training,Training/images/플라스틱류/바구니/24_X003_C320_1218/24_X003_C320_1218_2.jpg,Training/labels/플라스틱류/바구니/24_X003_C320_1218/24_X003_C320_1218_2.json,0,플라스틱류/바구니,플라스틱류,바구니,플라스틱류/바구니,True,True,BOX,1124.0,400.0,1685.0,822.0,561.0,422.0,0.11416956018518519,1.3293838862559242
Training,Training/images/플라스틱류/바구니/24_X003_C320_1218/24_X003_C320_1218_2.jpg,Training/labels/플라스틱류/바구니/24_X003_C320_1218/24_X003_C320_1218_2.json,1,플라스틱류/바구니,플라스틱류,바구니,플라스틱류/바구니,True,True,BOX,275.0,454.0,845.0,875.0,570.0,421.0,0.11572627314814815,1.3539192399049882
Training,Training/images/플라스틱류/바구니/24_X006_C024_1211/24_X006_C024_1211_4.jpg,Training/labels/플라스틱류/바구니/24_X006_C024_1211/24_X006_C024_1211_4.json,0,플라스틱류/바구니,플라스틱류,바구니,플라스틱류/바구니,True,True,BOX,184.0,195.0,832.0,656.0,648.0,461.0,0.1440625,1.405639913232104
Training,Training/images/플라스틱류/바구니/24_X006_C024_1211/24_X006_C024_1211_4.jpg,Training/labels/플라스틱류/바구니/24_X006_C024_1211/24_X006_C024_1211_4.json,1,플라스틱류/바구니,플라스틱류,바구니,플라스틱류/바구니,True,True,BOX,1138.0,157.0,1673.0,503.0,535.0,346.0,0.0892698688271605,1.546242774566474
Training,Training/images/플라스틱류/바구니/24_X010_C805_0925/24_X010_C805_0925_1.jpg,Training/labels/플라스틱류/바구니/24_X010_C805_0925/24_X010_C805_0925_1.json,0,플라스틱류/바구니,플라스틱류,바구니,플라스틱류/바구니,True,True,POLYGON->BOX,786.0,200.0,1329.0,778.0,543.0,578.0,0.1308444644554505,0.9394463667820069
Training,Training/images/플라스틱류/바구니/24_X012_C023_1016/24_X012_C023_1016_0.jpg,Training/labels/플라스틱류/바구니/24_X012_C023_1016/24_X012_C023_1016_0.json,0,플라스틱류/바구니,플라스틱류,바구니,플라스틱류/바구니,True,True,BOX,504.0,366.0,1278.0,1159.0,774.0,793.0,0.22199869791666665,0.9760403530895334
Training,Training/images/플라스틱류/바구니/24_X016_C509_1001/24_X016_C509_1001_3.jpg,Training/labels/플라스틱류/바구니/24_X016_C509_1001/24_X016_C509_1001_3.json,0,플라스틱류/바구니,플라스틱류,바구니,플라스틱류/바구니,True,True,BOX,68.0,284.0,1207.0,852.0,1139.0,568.0,0.233874139626352,2.005281690140845
Training,Training/images/플라스틱류/바구니/24_X017_C169_1204/24_X017_C169_1204_0.jpg,Training/labels/플라스틱류/바구니/24_X017_C169_1204/24_X017_C169_1204_0.json,0,플라스틱류/바구니,플라스틱류,바구니,플라스틱류/바구니,True,True,BOX,283.0,212.0,875.0,791.0,592.0,579.0,0.16521487651107641,1.0224525043177892
Training,Training/images/플라스틱류/바구니/24_X017_C169_1204/24_X017_C169_1204_0.jpg,Training/labels/플라스틱류/바구니/24_X017_C169_1204/24_X017_C169_1204_0.json,1,플라스틱류/바구니,플라스틱류,밀폐용기,플라스틱류/밀폐용기,False,True,BOX,1244.0,468.0,1475.0,625.0,231.0,157.0,0.01748076811845682,1.4713375796178343
Training,Training/images/플라스틱류/바구니/24_X071_C802_0217/24_X071_C802_0217_3.jpg,Training/labels/플라스틱류/바구니/24_X071_C802_0217/24_X071_C802_0217_3.json,0,플라스틱류/바구니,플라스틱류,밀폐용기,플라스틱류/밀폐용기,False,True,POLYGON->BOX,1039.0,307.0,1492.0,872.0,453.0,565.0,0.12336601307189543,0.8017699115044248
Training,Training/images/플라스틱류/바구니/24_X071_C802_0217/24_X071_C802_0217_3.jpg,Training/labels/플라스틱류/바구니/24_X071_C802_0217/24_X071_C802_0217_3.json,1,플라스틱류/바구니,플라스틱류,바구니,플라스틱류/바구니,True,True,BOX,201.0,191.0,766.0,640.0,565.0,449.0,0.12227668845315905,1.2583518930957684
Training,Training/images/플라스틱류/욕실용품/24_X001_C329_1106/24_X001_C329_1106_4.jpg,Training/labels/플라스틱류/욕실용품/24_X001_C329_1106/24_X001_C329_1106_4.json,0,플라스틱류/욕실용품,플라스틱류,욕실용품,플라스틱류/욕실용품,True,True,BOX,496.0,773.0,1446.0,1169.0,950.0,396.0,0.10205078125,2.398989898989899
Training,Training/images/플라스틱류/욕실용품/24_X002_C045_1217/24_X002_C045_1217_1.jpg,Training/labels/플라스틱류/욕실용품/24_X002_C045_1217/24_X002_C045_1217_1.json,0,플라스틱류/욕실용품,플라스틱류,욕실용품,플라스틱류/욕실용품,True,True,BOX,1012.0,249.0,1318.0,916.0,306.0,667.0,0.09842881944444444,0.4587706146926537
Training,Training/images/플라스틱류/욕실용품/24_X002_C045_1217/24_X002_C045_1217_1.jpg,Training/labels/플라스틱류/욕실용품/24_X002_C045_1217/24_X002_C045_1217_1.json,1,플라스틱류/욕실용품,플라스틱류,욕실용품,플라스틱류/욕실용품,True,True,BOX,449.0,241.0,738.0,776.0,289.0,535.0,0.07456356095679012,0.5401869158878505
Training,Training/images/플라스틱류/욕실용품/24_X002_C189_1111/24_X002_C189_1111_0.jpg,Training/labels/플라스틱류/욕실용품/24_X002_C189_1111/24_X002_C189_1111_0.json,0,플라스틱류/욕실용품,플라스틱류,욕실용품,플라스틱류/욕실용품,True,True,BOX,906.0,313.0,1086.0,733.0,180.0,420.0,0.0205078125,0.42857142857142855
Training,Training/images/플라스틱류/욕실용품/24_X005_C198_1217/24_X005_C198_1217_5.jpg,Training/labels/플라스틱류/욕실용품/24_X005_C198_1217/24_X005_C198_1217_5.json,0,플라스틱류/욕실용품,플라스틱류,욕실용품,플라스틱류/욕실용품,True,True,BOX,887.0,790.0,1660.0,1140.0,773.0,350.0,0.09785517939814815,2.2085714285714286
Training,Training/images/플라스틱류/욕실용품/24_X005_C198_1217/24_X005_C198_1217_5.jpg,Training/labels/플라스틱류/욕실용품/24_X005_C198_1217/24_X005_C198_1217_5.json,1,플라스틱류/욕실용품,플라스틱류,욕실용품,플라스틱류/욕실용품,True,True,BOX,713.0,197.0,1235.0,455.0,522.0,258.0,0.0487109375,2.0232558139534884
Training,Training/images/플라스틱류/욕실용품/24_X012_C190_1216/24_X012_C190_1216_1.jpg,Training/labels/플라스틱류/욕실용품/24_X012_C190_1216/24_X012_C190_1216_1.json,0,플라스틱류/욕실용품,플라스틱류,욕실용품,플라스틱류/욕실용품,True,True,BOX,394.0,569.0,679.0,868.0,285.0,299.0,0.030805353114697207,0.9531772575250836
Training,Training/images/플라스틱류/욕실용품/24_X012_C190_1216/24_X012_C190_1216_1.jpg,Training/labels/플라스틱류/욕실용품/24_X012_C190_1216/24_X012_C190_1216_1.json,1,플라스틱류/욕실용품,플라스틱류,밀폐용기,플라스틱류/밀폐용기,False,True,BOX,1195.0,567.0,1456.0,821.0,261.0,254.0,0.02396538261322228,1.0275590551181102
Training,Training/images/플라스틱류/욕실용품/24_X016_C039_1215/24_X016_C039_1215_3.jpg,Training/labels/플라스틱류/욕실용품/24_X016_C039_1215/24_X016_C039_1215_3.json,0,플라스틱류/욕실용품,플라스틱류,욕실용품,플라스틱류/욕실용품,True,True,BOX,566.0,167.0,1387.0,416.0,821.0,249.0,0.0985865162037037,3.2971887550200805
Training,Training/images/플라스틱류/욕실용품/24_X016_C039_1215/24_X016_C039_1215_3.jpg,Training/labels/플라스틱류/욕실용품/24_X016_C039_1215/24_X016_C039_1215_3.json,1,플라스틱류/욕실용품,플라스틱류,밀폐용기,플라스틱류/밀폐용기,False,True,BOX,516.0,536.0,1181.0,1028.0,665.0,492.0,0.15778356481481481,1.3516260162601625
Training,Training/images/플라스틱류/욕실용품/24_X036_C211_0107/24_X036_C211_0107_0.jpg,Training/labels/플라스틱류/욕실용품/24_X036_C211_0107/24_X036_C211_0107_0.json,0,플라스틱류/욕실용품,플라스틱류,밀폐용기,플라스틱류/밀폐용기,False,True,BOX,1124.0,600.0,1794.0,922.0,670.0,322.0,0.07799034067904448,2.080745341614907
Training,Training/images/플라스틱류/욕실용품/24_X036_C211_0107/24_X036_C211_0107_0.jpg,Training/labels/플라스틱류/욕실용품/24_X036_C211_0107/24_X036_C211_0107_0.json,1,플라스틱류/욕실용품,플라스틱류,욕실용품,플라스틱류/욕실용품,True,True,BOX,129.0,622.0,517.0,851.0,388.0,229.0,0.03212013418936896,1.6943231441048034
Training,Training/images/플라스틱류/욕실용품/24_X369_C501_0329/24_X369_C501_0329_1.jpg,Training/labels/플라스틱류/욕실용품/24_X369_C501_0329/24_X369_C501_0329_1.json,0,플라스틱류/욕실용품,플라스틱류,욕실용품,플라스틱류/욕실용품,True,True,BOX,825.0,354.0,1299.0,1031.0,474.0,677.0,0.11600511886170398,0.7001477104874446
Training,Training/images/플라스틱류/욕실용품/24_X649_C501_0329/24_X649_C501_0329_4.jpg,Training/labels/플라스틱류/욕실용품/24_X649_C501_0329/24_X649_C501_0329_4.json,0,플라스틱류/욕실용품,플라스틱류,욕실용품,플라스틱류/욕실용품,True,True,BOX,595.0,112.0,985.0,1173.0,390.0,1061.0,0.1495857192434496,0.36757775683317623
Training,Training/images/플라스틱류/장남감/24_X004_C052_1012/24_X004_C052_1012_0.jpg,Training/labels/플라스틱류/장남감/24_X004_C052_1012/24_X004_C052_1012_0.json,0,플라스틱류/장남감,플라스틱류,장남감,플라스틱류/장남감,True,True,BOX,699.0,431.0,1054.0,640.0,355.0,209.0,0.02682160622361039,1.6985645933014355
Training,Training/images/플라스틱류/장남감/24_X015_C173_1211/24_X015_C173_1211_3.jpg,Training/labels/플라스틱류/장남감/24_X015_C173_1211/24_X015_C173_1211_3.json,0,플라스틱류/장남감,플라스틱류,장남감,플라스틱류/장남감,True,True,BOX,811.0,283.0,1203.0,454.0,392.0,171.0,0.024244791666666668,2.2923976608187133
Training,Training/images/플라스틱류/장남감/24_X015_C173_1211/24_X015_C173_1211_3.jpg,Training/labels/플라스틱류/장남감/24_X015_C173_1211/24_X015_C173_1211_3.json,1,플라스틱류/장남감,플라스틱류,장남감,플라스틱류/장남감,True,True,BOX,548.0,597.0,1562.0,1150.0,1014.0,553.0,0.20281467013888888,1.833634719710669
Training,Training/images/플라스틱류/장남감/24_X015_C173_1211/24_X015_C173_1211_3.jpg,Training/labels/플라스틱류/장남감/24_X015_C173_1211/24_X015_C173_1211_3.json,2,플라스틱류/장남감,플라스틱류,밀폐용기,플라스틱류/밀폐용기,False,True,BOX,262.0,27.0,433.0,69.0,171.0,42.0,0.00259765625,4.071428571428571
Training,Training/images/플라스틱류/장남감/24_X085_C501_0329/24_X085_C501_0329_0.jpg,Training/labels/플라스틱류/장남감/24_X085_C501_0329/24_X085_C501_0329_0.json,0,플라스틱류/장남감,플라스틱류,장남감,플라스틱류/장남감,True,True,BOX,707.0,460.0,1157.0,866.0,450.0,406.0,0.06604633003643935,1.1083743842364533
Training,Training/images/플라스틱류/장남감/24_X132_C099_0321/24_X132_C099_0321_4.jpg,Training/labels/플라스틱류/장남감/24_X132_C099_0321/24_X132_C099_0321_4.json,0,플라스틱류/장남감,플라스틱류,장남감,플라스틱류/장남감,True,True,BOX,937.0,199.0,1453.0,708.0,516.0,509.0,0.12647783565547738,1.0137524557956779
Training,Training/images/플라스틱류/장남감/24_X171_C509_0320/24_X171_C509_0320_0.jpg,Training/labels/플라스틱류/장남감/24_X171_C509_0320/24_X171_C509_0320_0.json,0,플라스틱류/장남감,플라스틱류,장남감,플라스틱류/장남감,True,True,BOX,838.0,463.0,1163.0,578.0,325.0,115.0,0.017998161418587393,2.8260869565217392
Training,Training/images/플라스틱류/장남감/24_X269_C509_0329/24_X269_C509_0329_1.jpg,Training/labels/플라스틱류/장남감/24_X269_C509_0329/24_X269_C509_0329_1.json,0,플라스틱류/장남감,플라스틱류,장남감,플라스틱류/장남감,True,True,BOX,96.0,547.0,881.0,1310.0,785.0,763.0,0.2886975340775445,1.0288335517693317
Training,Training/images/플라스틱류/장남감/24_X355_C509_0329/24_X355_C509_0329_3.jpg,Training/labels/플라스틱류/장남감/24_X355_C509_0329/24_X355_C509_0329_3.json,0,플라스틱류/장남감,플라스틱류,장남감,플라스틱류/장남감,True,True,BOX,325.0,633.0,817.0,1201.0,492.0,568.0,0.13469836312105962,0.8661971830985915
Training,Training/images/플라스틱류/장남감/24_X525_C509_0329/24_X525_C509_0329_4.jpg,Training/labels/플라스틱류/장남감/24_X525_C509_0329/24_X525_C509_0329_4.json,0,플라스틱류/장남감,플라스틱류,장남감,플라스틱류/장남감,True,True,BOX,991.0,388.0,1286.0,671.0,295.0,283.0,0.030179955463011162,1.0424028268551238
Training,Training/images/플라스틱류/장남감/24_X544_C999_0328/24_X544_C999_0328_2.jpg,Training/labels/플라스틱류/장남감/24_X544_C999_0328/24_X544_C999_0328_2.json,0,플라스틱류/장남감,플라스틱류,장남감,플라스틱류/장남감,True,True,BOX,225.0,684.0,949.0,1217.0,724.0,533.0,0.1860007326431064,1.3583489681050656
Training,Training/images/형광등/LED전구/25_X002_C024_1105/25_X002_C024_1105_5.jpg,Training/labels/형광등/LED전구/25_X002_C024_1105/25_X002_C024_1105_5.json,0,형광등/LED전구,형광등,LED전구,형광등/LED전구,True,True,BOX,491.0,200.0,918.0,446.0,427.0,246.0,0.0506568287037037,1.7357723577235773
Training,Training/images/형광등/LED전구/25_X003_C012_1026/25_X003_C012_1026_1.jpg,Training/labels/형광등/LED전구/25_X003_C012_1026/25_X003_C012_1026_1.json,0,형광등/LED전구,형광등,LED전구,형광등/LED전구,True,True,BOX,555.0,67.0,1232.0,998.0,677.0,931.0,0.22796838831018518,0.7271750805585392
Training,Training/images/형광등/LED전구/25_X004_C198_1126/25_X004_C198_1126_1.jpg,Training/labels/형광등/LED전구/25_X004_C198_1126/25_X004_C198_1126_1.json,0,형광등/LED전구,형광등,LED전구,형광등/LED전구,True,True,BOX,427.0,682.0,1356.0,972.0,929.0,290.0,0.09744285300925926,3.203448275862069
Training,Training/images/형광등/LED전구/25_X009_C198_1201/25_X009_C198_1201_1.jpg,Training/labels/형광등/LED전구/25_X009_C198_1201/25_X009_C198_1201_1.json,0,형광등/LED전구,형광등,LED전구,형광등/LED전구,True,True,BOX,911.0,547.0,1244.0,764.0,333.0,217.0,0.026136067708333332,1.5345622119815667
Training,Training/images/형광등/LED전구/25_X011_C318_1214/25_X011_C318_1214_3.jpg,Training/labels/형광등/LED전구/25_X011_C318_1214/25_X011_C318_1214_3.json,0,형광등/LED전구,형광등,LED전구,형광등/LED전구,True,True,BOX,852.0,518.0,1247.0,855.0,395.0,337.0,0.04814633969907407,1.172106824925816
Training,Training/images/형광등/LED전구/25_X015_C193_1201/25_X015_C193_1201_1.jpg,Training/labels/형광등/LED전구/25_X015_C193_1201/25_X015_C193_1201_1.json,0,형광등/LED전구,형광등,LED전구,형광등/LED전구,True,True,BOX,299.0,488.0,1723.0,814.0,1424.0,326.0,0.1679050925925926,4.368098159509202
Training,Training/images/형광등/LED전구/25_X018_C015_1116/25_X018_C015_1116_0.jpg,Training/labels/형광등/LED전구/25_X018_C015_1116/25_X018_C015_1116_0.json,0,형광등/LED전구,형광등,LED전구,형광등/LED전구,True,True,BOX,800.0,406.0,960.0,520.0,160.0,114.0,0.008796296296296297,1.4035087719298245
Training,Training/images/형광등/LED전구/25_X020_C192_1201/25_X020_C192_1201_4.jpg,Training/labels/형광등/LED전구/25_X020_C192_1201/25_X020_C192_1201_4.json,0,형광등/LED전구,형광등,LED전구,형광등/LED전구,True,True,BOX,896.0,608.0,1305.0,1016.0,409.0,408.0,0.060355902777777776,1.0024509803921569
Training,Training/images/형광등/LED전구/25_X027_C193_1201/25_X027_C193_1201_2.jpg,Training/labels/형광등/LED전구/25_X027_C193_1201/25_X027_C193_1201_2.json,0,형광등/LED전구,형광등,LED전구,형광등/LED전구,True,True,BOX,488.0,135.0,1592.0,1144.0,1104.0,1009.0,0.40289930555555553,1.0941526263627355
Training,Training/images/형광등/기타/25_X005_C204_1209/25_X005_C204_1209_0.jpg,Training/labels/형광등/기타/25_X005_C204_1209/25_X005_C204_1209_0.json,0,형광등/기타,형광등,기타,형광등/기타,True,True,BOX,370.0,513.0,1194.0,1088.0,824.0,575.0,0.17139845292818956,1.4330434782608696
Training,Training/images/형광등/기타/25_X005_C204_1209/25_X005_C204_1209_2.jpg,Training/labels/형광등/기타/25_X005_C204_1209/25_X005_C204_1209_2.json,0,형광등/기타,형광등,기타,형광등/기타,True,True,BOX,890.0,249.0,1297.0,887.0,407.0,638.0,0.09393488956954678,0.6379310344827587
Training,Training/images/형광등/기타/25_X005_C204_1209/25_X005_C204_1209_3.jpg,Training/labels/형광등/기타/25_X005_C204_1209/25_X005_C204_1209_3.json,0,형광등/기타,형광등,기타,형광등/기타,True,True,BOX,932.0,323.0,1259.0,855.0,327.0,532.0,0.06293195539299191,0.6146616541353384
Training,Training/images/형광등/기타/25_X005_C204_1209/25_X005_C204_1209_4.jpg,Training/labels/형광등/기타/25_X005_C204_1209/25_X005_C204_1209_4.json,0,형광등/기타,형광등,기타,형광등/기타,True,True,BOX,883.0,637.0,1066.0,858.0,183.0,221.0,0.014630366466388286,0.8280542986425339
Training,Training/images/형광등/기타/25_X009_C198_1208/25_X009_C198_1208_1.jpg,Training/labels/형광등/기타/25_X009_C198_1208/25_X009_C198_1208_1.json,0,형광등/기타,형광등,기타,형광등/기타,True,True,BOX,255.0,460.0,583.0,814.0,328.0,354.0,0.04199652777777778,0.9265536723163842
Training,Training/images/형광등/기타/25_X009_C198_1208/25_X009_C198_1208_1.jpg,Training/labels/형광등/기타/25_X009_C198_1208/25_X009_C198_1208_1.json,1,형광등/기타,형광등,기타,형광등/기타,True,True,BOX,1376.0,442.0,1688.0,794.0,312.0,352.0,0.03972222222222222,0.8863636363636364
Training,Training/images/형광등/기타/25_X009_C198_1208/25_X009_C198_1208_2.jpg,Training/labels/형광등/기타/25_X009_C198_1208/25_X009_C198_1208_2.json,0,형광등/기타,형광등,기타,형광등/기타,True,True,BOX,232.0,565.0,545.0,927.0,313.0,362.0,0.04098162615740741,0.8646408839779005
Training,Training/images/형광등/기타/25_X009_C198_1208/25_X009_C198_1208_2.jpg,Training/labels/형광등/기타/25_X009_C198_1208/25_X009_C198_1208_2.json,1,형광등/기타,형광등,기타,형광등/기타,True,True,BOX,1384.0,620.0,1700.0,978.0,316.0,358.0,0.04091724537037037,0.88268156424581
Training,Training/images/형광등/기타/25_X009_C198_1208/25_X009_C198_1208_3.jpg,Training/labels/형광등/기타/25_X009_C198_1208/25_X009_C198_1208_3.json,0,형광등/기타,형광등,기타,형광등/기타,True,True,BOX,466.0,84.0,796.0,387.0,330.0,303.0,0.03616536458333333,1.0891089108910892
Training,Training/images/형광등/기타/25_X009_C198_1208/25_X009_C198_1208_3.jpg,Training/labels/형광등/기타/25_X009_C198_1208/25_X009_C198_1208_3.json,1,형광등/기타,형광등,기타,형광등/기타,True,True,BOX,1069.0,886.0,1504.0,1281.0,435.0,395.0,0.06214735243055555,1.1012658227848102
Training,Training/images/형광등/기타/25_X009_C198_1208/25_X009_C198_1208_4.jpg,Training/labels/형광등/기타/25_X009_C198_1208/25_X009_C198_1208_4.json,0,형광등/기타,형광등,기타,형광등/기타,True,True,BOX,351.0,633.0,688.0,971.0,337.0,338.0,0.041198640046296295,0.9970414201183432
Training,Training/images/형광등/기타/25_X009_C198_1208/25_X009_C198_1208_4.jpg,Training/labels/형광등/기타/25_X009_C198_1208/25_X009_C198_1208_4.json,1,형광등/기타,형광등,기타,형광등/기타,True,True,BOX,1186.0,242.0,1502.0,507.0,316.0,265.0,0.030287905092592594,1.1924528301886792
Training,Training/images/형광등/기타/25_X009_C198_1208/25_X009_C198_1208_5.jpg,Training/labels/형광등/기타/25_X009_C198_1208/25_X009_C198_1208_5.json,0,형광등/기타,형광등,기타,형광등/기타,True,True,BOX,485.0,194.0,767.0,424.0,282.0,230.0,0.02345920138888889,1.2260869565217392
Training,Training/images/형광등/기타/25_X009_C198_1208/25_X009_C198_1208_5.jpg,Training/labels/형광등/기타/25_X009_C198_1208/25_X009_C198_1208_5.json,1,형광등/기타,형광등,기타,형광등/기타,True,True,BOX,1021.0,876.0,1329.0,1271.0,308.0,395.0,0.04400318287037037,0.779746835443038
Training,Training/images/형광등/백열전구/25_X001_C169_1201/25_X001_C169_1201_0.jpg,Training/labels/형광등/백열전구/25_X001_C169_1201/25_X001_C169_1201_0.json,0,형광등/백열전구,형광등,백열전구,형광등/백열전구,True,True,BOX,700.0,448.0,1029.0,811.0,329.0,363.0,0.05759403935185185,0.90633608815427
Training,Training/images/형광등/백열전구/25_X003_C055_1105/25_X003_C055_1105_0.jpg,Training/labels/형광등/백열전구/25_X003_C055_1105/25_X003_C055_1105_0.json,0,형광등/백열전구,형광등,백열전구,형광등/백열전구,True,True,BOX,632.0,264.0,1066.0,644.0,434.0,380.0,0.07953317901234568,1.1421052631578947
Training,Training/images/형광등/백열전구/25_X005_C163_1120/25_X005_C163_1120_2.jpg,Training/labels/형광등/백열전구/25_X005_C163_1120/25_X005_C163_1120_2.json,0,형광등/백열전구,형광등,백열전구,형광등/백열전구,True,True,BOX,605.0,300.0,1373.0,861.0,768.0,561.0,0.20777777777777778,1.3689839572192513
Training,Training/images/형광등/백열전구/25_X005_C169_1211/25_X005_C169_1211_4.jpg,Training/labels/형광등/백열전구/25_X005_C169_1211/25_X005_C169_1211_4.json,0,형광등/백열전구,형광등,백열전구,형광등/백열전구,True,True,BOX,858.0,410.0,1158.0,681.0,300.0,271.0,0.03920717592592592,1.1070110701107012
Training,Training/images/형광등/백열전구/25_X008_C323_1202/25_X008_C323_1202_1.jpg,Training/labels/형광등/백열전구/25_X008_C323_1202/25_X008_C323_1202_1.json,0,형광등/백열전구,형광등,백열전구,형광등/백열전구,True,True,BOX,611.0,436.0,1151.0,766.0,540.0,330.0,0.0859375,1.6363636363636365
Training,Training/images/형광등/백열전구/25_X017_C324_1118/25_X017_C324_1118_0.jpg,Training/labels/형광등/백열전구/25_X017_C324_1118/25_X017_C324_1118_0.json,0,형광등/백열전구,형광등,백열전구,형광등/백열전구,True,True,BOX,898.0,368.0,1388.0,793.0,490.0,425.0,0.07532190393518519,1.1529411764705881
Training,Training/images/형광등/백열전구/25_X020_C038_1203/25_X020_C038_1203_3.jpg,Training/labels/형광등/백열전구/25_X020_C038_1203/25_X020_C038_1203_3.json,0,형광등/백열전구,형광등,백열전구,형광등/백열전구,True,True,BOX,497.0,226.0,868.0,641.0,371.0,415.0,0.07425009645061728,0.8939759036144578
Training,Training/images/형광등/백열전구/25_X129_C900_1210/25_X129_C900_1210_3.jpg,Training/labels/형광등/백열전구/25_X129_C900_1210/25_X129_C900_1210_3.json,0,형광등/백열전구,형광등,백열전구,형광등/백열전구,True,True,BOX,552.0,364.0,1230.0,1203.0,678.0,839.0,0.20574435763888888,0.8081048867699643
Training,Training/images/형광등/백열전구/25_X442_C900_1109/25_X442_C900_1109_0.jpg,Training/labels/형광등/백열전구/25_X442_C900_1109/25_X442_C900_1109_0.json,0,형광등/백열전구,형광등,백열전구,형광등/백열전구,True,True,BOX,921.0,662.0,1084.0,792.0,163.0,130.0,0.007664207175925926,1.2538461538461538
Training,Training/images/형광등/안정기내장형/25_X002_C173_1118/25_X002_C173_1118_3.jpg,Training/labels/형광등/안정기내장형/25_X002_C173_1118/25_X002_C173_1118_3.json,0,형광등/안정기내장형,형광등,안정기내장형,형광등/안정기내장형,True,True,BOX,800.0,297.0,1194.0,1075.0,394.0,778.0,0.11086950231481481,0.506426735218509
Training,Training/images/형광등/안정기내장형/25_X004_C038_1210/25_X004_C038_1210_4.jpg,Training/labels/형광등/안정기내장형/25_X004_C038_1210/25_X004_C038_1210_4.json,0,형광등/안정기내장형,형광등,안정기내장형,형광등/안정기내장형,True,True,BOX,771.0,252.0,1268.0,882.0,497.0,630.0,0.1509982638888889,0.7888888888888889
Training,Training/images/형광등/안정기내장형/25_X005_C188_1111/25_X005_C188_1111_4.jpg,Training/labels/형광등/안정기내장형/25_X005_C188_1111/25_X005_C188_1111_4.json,0,형광등/안정기내장형,형광등,안정기내장형,형광등/안정기내장형,True,True,BOX,742.0,447.0,977.0,867.0,235.0,420.0,0.035698784722222224,0.5595238095238095
Training,Training/images/형광등/안정기내장형/25_X006_C024_1111/25_X006_C024_1111_0.jpg,Training/labels/형광등/안정기내장형/25_X006_C024_1111/25_X006_C024_1111_0.json,0,형광등/안정기내장형,형광등,안정기내장형,형광등/안정기내장형,True,True,BOX,631.0,474.0,1087.0,634.0,456.0,160.0,0.03518518518518519,2.85
Training,Training/images/형광등/안정기내장형/25_X007_C196-1120/25_X007_C196-1120_0.jpg,Training/labels/형광등/안정기내장형/25_X007_C196-1120/25_X007_C196-1120_0.json,0,형광등/안정기내장형,형광등,안정기내장형,형광등/안정기내장형,True,True,BOX,635.0,457.0,1178.0,643.0,543.0,186.0,0.048706597222222224,2.9193548387096775
Training,Training/images/형광등/안정기내장형/25_X014_C196_1201/25_X014_C196_1201_2.jpg,Training/labels/형광등/안정기내장형/25_X014_C196_1201/25_X014_C196_1201_2.json,0,형광등/안정기내장형,형광등,안정기내장형,형광등/안정기내장형,True,True,BOX,598.0,264.0,1289.0,802.0,691.0,538.0,0.17928144290123457,1.2843866171003717
Training,Training/images/형광등/안정기내장형/25_X015_C195_1125/25_X015_C195_1125_0.jpg,Training/labels/형광등/안정기내장형/25_X015_C195_1125/25_X015_C195_1125_0.json,0,형광등/안정기내장형,형광등,안정기내장형,형광등/안정기내장형,True,True,BOX,141.0,459.0,1651.0,901.0,1510.0,442.0,0.24139901620370371,3.416289592760181
Training,Training/images/형광등/안정기내장형/25_X073_C900_1225/25_X073_C900_1225_0.jpg,Training/labels/형광등/안정기내장형/25_X073_C900_1225/25_X073_C900_1225_0.json,0,형광등/안정기내장형,형광등,안정기내장형,형광등/안정기내장형,True,True,BOX,756.0,362.0,1230.0,586.0,474.0,224.0,0.0512037037037037,2.1160714285714284
Training,Training/images/형광등/안정기내장형/25_X145_C900_1225/25_X145_C900_1225_3.jpg,Training/labels/형광등/안정기내장형/25_X145_C900_1225/25_X145_C900_1225_3.json,0,형광등/안정기내장형,형광등,안정기내장형,형광등/안정기내장형,True,True,BOX,585.0,231.0,1308.0,759.0,723.0,528.0,0.18409722222222222,1.3693181818181819
Training,Training/images/형광등/직관형/25_X001_C015_1102/25_X001_C015_1102_1.jpg,Training/labels/형광등/직관형/25_X001_C015_1102/25_X001_C015_1102_1.json,0,형광등/직관형,형광등,직관형,형광등/직관형,True,True,BOX,407.0,348.0,1597.0,545.0,1190.0,197.0,0.11305459104938272,6.040609137055838
Training,Training/images/형광등/직관형/25_X001_C163_1110/25_X001_C163_1110_0.jpg,Training/labels/형광등/직관형/25_X001_C163_1110/25_X001_C163_1110_0.json,0,형광등/직관형,형광등,직관형,형광등/직관형,True,True,BOX,350.0,502.0,1555.0,673.0,1205.0,171.0,0.09937065972222223,7.046783625730995
Training,Training/images/형광등/직관형/25_X001_C209_1105/25_X001_C209_1105_1.jpg,Training/labels/형광등/직관형/25_X001_C209_1105/25_X001_C209_1105_1.json,0,형광등/직관형,형광등,직관형,형광등/직관형,True,True,BOX,42.0,598.0,1812.0,861.0,1770.0,263.0,0.16837022569444443,6.730038022813688
Training,Training/images/형광등/직관형/25_X001_C332_1211/25_X001_C332_1211_3.jpg,Training/labels/형광등/직관형/25_X001_C332_1211/25_X001_C332_1211_3.json,0,형광등/직관형,형광등,직관형,형광등/직관형,True,True,BOX,994.0,81.0,1243.0,945.0,249.0,864.0,0.09222222222222222,0.2881944444444444
Training,Training/images/형광등/직관형/25_X011_C189_1124/25_X011_C189_1124_4.jpg,Training/labels/형광등/직관형/25_X011_C189_1124/25_X011_C189_1124_4.json,0,형광등/직관형,형광등,직관형,형광등/직관형,True,True,BOX,1071.0,111.0,1287.0,1405.0,216.0,1294.0,0.0758203125,0.16692426584234932
Training,Training/images/형광등/직관형/25_X329_C900_1104/25_X329_C900_1104_4.jpg,Training/labels/형광등/직관형/25_X329_C900_1104/25_X329_C900_1104_4.json,0,형광등/직관형,형광등,직관형,형광등/직관형,True,True,BOX,94.0,144.0,1844.0,1202.0,1750.0,1058.0,0.6696686921296297,1.6540642722117203
Training,Training/images/형광등/직관형/25_X350_C900_1210/25_X350_C900_1210_1.jpg,Training/labels/형광등/직관형/25_X350_C900_1210/25_X350_C900_1210_1.json,0,형광등/직관형,형광등,직관형,형광등/직관형,True,True,BOX,513.0,44.0,1788.0,1404.0,1275.0,1360.0,0.6271701388888888,0.9375
Training,Training/images/형광등/직관형/25_X351_C900_1104/25_X351_C900_1104_2.jpg,Training/labels/형광등/직관형/25_X351_C900_1104/25_X351_C900_1104_2.json,0,형광등/직관형,형광등,직관형,형광등/직관형,True,True,BOX,193.0,307.0,1748.0,1066.0,1555.0,759.0,0.4268825954861111,2.048748353096179
Training,Training/images/형광등/직관형/25_X597_C900_1210/25_X597_C900_1210_0.jpg,Training/labels/형광등/직관형/25_X597_C900_1210/25_X597_C900_1210_0.json,0,형광등/직관형,형광등,직관형,형광등/직관형,True,True,BOX,605.0,218.0,758.0,1381.0,153.0,1163.0,0.04826904296875,0.13155631986242478
Training,Training/images/형광등/콤팩트형/25_X001_C026_1109/25_X001_C026_1109_3.jpg,Training/labels/형광등/콤팩트형/25_X001_C026_1109/25_X001_C026_1109_3.json,0,형광등/콤팩트형,형광등,콤팩트형,형광등/콤팩트형,True,True,BOX,731.0,265.0,1138.0,1031.0,407.0,766.0,0.15034818672839506,0.5313315926892951
Training,Training/images/형광등/콤팩트형/25_X002_C039_1210/25_X002_C039_1210_3.jpg,Training/labels/형광등/콤팩트형/25_X002_C039_1210/25_X002_C039_1210_3.json,0,형광등/콤팩트형,형광등,콤팩트형,형광등/콤팩트형,True,True,BOX,799.0,44.0,987.0,897.0,188.0,853.0,0.07733603395061728,0.22039859320046892
Training,Training/images/형광등/콤팩트형/25_X004_C053_1112/25_X004_C053_1112_1.jpg,Training/labels/형광등/콤팩트형/25_X004_C053_1112/25_X004_C053_1112_1.json,0,형광등/콤팩트형,형광등,콤팩트형,형광등/콤팩트형,True,True,BOX,105.0,402.0,1777.0,597.0,1672.0,195.0,0.1572337962962963,8.574358974358974
Training,Training/images/형광등/콤팩트형/25_X007_C323_1202/25_X007_C323_1202_0.jpg,Training/labels/형광등/콤팩트형/25_X007_C323_1202/25_X007_C323_1202_0.json,0,형광등/콤팩트형,형광등,콤팩트형,형광등/콤팩트형,True,True,BOX,495.0,336.0,1316.0,462.0,821.0,126.0,0.04988715277777778,6.515873015873016
Training,Training/images/형광등/콤팩트형/25_X007_C323_1202/25_X007_C323_1202_0.jpg,Training/labels/형광등/콤팩트형/25_X007_C323_1202/25_X007_C323_1202_0.json,1,형광등/콤팩트형,형광등,콤팩트형,형광등/콤팩트형,True,True,BOX,797.0,501.0,1131.0,627.0,334.0,126.0,0.02029513888888889,2.6507936507936507
Training,Training/images/형광등/콤팩트형/25_X012_C320_1217/25_X012_C320_1217_3.jpg,Training/labels/형광등/콤팩트형/25_X012_C320_1217/25_X012_C320_1217_3.json,0,형광등/콤팩트형,형광등,콤팩트형,형광등/콤팩트형,True,True,BOX,742.0,219.0,1019.0,942.0,277.0,723.0,0.09658130787037036,0.3831258644536653
Training,Training/images/형광등/콤팩트형/25_X018_C187_1208/25_X018_C187_1208_4.jpg,Training/labels/형광등/콤팩트형/25_X018_C187_1208/25_X018_C187_1208_4.json,0,형광등/콤팩트형,형광등,백열전구,형광등/백열전구,False,True,BOX,1219.0,596.0,1673.0,1044.0,454.0,448.0,0.07356481481481482,1.0133928571428572
Training,Training/images/형광등/콤팩트형/25_X018_C187_1208/25_X018_C187_1208_4.jpg,Training/labels/형광등/콤팩트형/25_X018_C187_1208/25_X018_C187_1208_4.json,1,형광등/콤팩트형,형광등,콤팩트형,형광등/콤팩트형,True,True,BOX,326.0,143.0,791.0,425.0,465.0,282.0,0.04742838541666667,1.648936170212766
Training,Training/images/형광등/콤팩트형/25_X211_C900_1225/25_X211_C900_1225_3.jpg,Training/labels/형광등/콤팩트형/25_X211_C900_1225/25_X211_C900_1225_3.json,0,형광등/콤팩트형,형광등,콤팩트형,형광등/콤팩트형,True,True,BOX,619.0,226.0,1396.0,841.0,777.0,615.0,0.23044704861111112,1.2634146341463415
Training,Training/images/형광등/콤팩트형/25_X239_C900_1210/25_X239_C900_1210_2.jpg,Training/labels/형광등/콤팩트형/25_X239_C900_1210/25_X239_C900_1210_2.json,0,형광등/콤팩트형,형광등,콤팩트형,형광등/콤팩트형,True,True,BOX,822.0,120.0,1202.0,1238.0,380.0,1118.0,0.15366030092592592,0.33989266547406083
Training,Training/images/형광등/콤팩트형/25_X333_C900_1225/25_X333_C900_1225_0.jpg,Training/labels/형광등/콤팩트형/25_X333_C900_1225/25_X333_C900_1225_0.json,0,형광등/콤팩트형,형광등,콤팩트형,형광등/콤팩트형,True,True,BOX,966.0,350.0,1323.0,684.0,357.0,334.0,0.05750289351851852,1.0688622754491017
Training,Training/images/형광등/환형/25_X002_C324_1208/25_X002_C324_1208_0.jpg,Training/labels/형광등/환형/25_X002_C324_1208/25_X002_C324_1208_0.json,0,형광등/환형,형광등,환형,형광등/환형,True,True,BOX,198.0,420.0,1339.0,1564.0,1141.0,1144.0,0.472115162037037,0.9973776223776224
Training,Training/images/형광등/환형/25_X005_C024_1104/25_X005_C024_1104_2.jpg,Training/labels/형광등/환형/25_X005_C024_1104/25_X005_C024_1104_2.json,0,형광등/환형,형광등,환형,형광등/환형,True,True,BOX,269.0,251.0,1371.0,753.0,1102.0,502.0,0.2667843364197531,2.195219123505976
Training,Training/images/형광등/환형/25_X006_C203_1202/25_X006_C203_1202_3.jpg,Training/labels/형광등/환형/25_X006_C203_1202/25_X006_C203_1202_3.json,0,형광등/환형,형광등,환형,형광등/환형,True,True,BOX,229.0,278.0,1761.0,1041.0,1532.0,763.0,0.42278501157407405,2.0078636959370906
Training,Training/images/형광등/환형/25_X007_C023_1211/25_X007_C023_1211_3.jpg,Training/labels/형광등/환형/25_X007_C023_1211/25_X007_C023_1211_3.json,0,형광등/환형,형광등,환형,형광등/환형,True,True,BOX,573.0,241.0,1241.0,907.0,668.0,666.0,0.21454861111111112,1.003003003003003
Training,Training/images/형광등/환형/25_X007_C045_1202/25_X007_C045_1202_3.jpg,Training/labels/형광등/환형/25_X007_C045_1202/25_X007_C045_1202_3.json,0,형광등/환형,형광등,환형,형광등/환형,True,True,BOX,407.0,231.0,1387.0,869.0,980.0,638.0,0.22614293981481481,1.536050156739812
Training,Training/images/형광등/환형/25_X015_C039_1204/25_X015_C039_1204_1.jpg,Training/labels/형광등/환형/25_X015_C039_1204/25_X015_C039_1204_1.json,0,형광등/환형,형광등,환형,형광등/환형,True,True,BOX,179.0,312.0,1746.0,769.0,1567.0,457.0,0.34535059799382717,3.428884026258206
Training,Training/images/형광등/환형/25_X017_C900_1209/25_X017_C900_1209_0.jpg,Training/labels/형광등/환형/25_X017_C900_1209/25_X017_C900_1209_0.json,0,형광등/환형,형광등,환형,형광등/환형,True,True,BOX,176.0,180.0,873.0,809.0,697.0,629.0,0.2114260223765432,1.1081081081081081
Training,Training/images/형광등/환형/25_X017_C900_1209/25_X017_C900_1209_0.jpg,Training/labels/형광등/환형/25_X017_C900_1209/25_X017_C900_1209_0.json,1,형광등/환형,형광등,콤팩트형,형광등/콤팩트형,False,True,BOX,1239.0,173.0,1535.0,747.0,296.0,574.0,0.08193672839506173,0.5156794425087108
Training,Training/images/형광등/환형/25_X024_C163_1208/25_X024_C163_1208_2.jpg,Training/labels/형광등/환형/25_X024_C163_1208/25_X024_C163_1208_2.json,0,형광등/환형,형광등,환형,형광등/환형,True,True,BOX,336.0,319.0,1599.0,992.0,1263.0,673.0,0.3074359809027778,1.8766716196136701
Training,Training/images/형광등/환형/25_X043_C332_1204/25_X043_C332_1204_0.jpg,Training/labels/형광등/환형/25_X043_C332_1204/25_X043_C332_1204_0.json,0,형광등/환형,형광등,환형,형광등/환형,True,True,BOX,596.0,115.0,1509.0,1004.0,913.0,889.0,0.34793252743484226,1.0269966254218224
Validation,Validation/images/고철류/고철/12_X001_C015_0131/12_X001_C015_0131_2.jpg,Validation/labels/고철류/고철/12_X001_C015_0131/12_X001_C015_0131_2.json,0,고철류/고철,고철류,고철,고철류/고철,True,True,BOX,483.0,281.0,1580.0,661.0,1097.0,380.0,0.20092737193205698,2.886842105263158
Validation,Validation/images/고철류/고철/12_X054_C509_0407/12_X054_C509_0407_0.jpg,Validation/labels/고철류/고철/12_X054_C509_0407/12_X054_C509_0407_0.json,0,고철류/고철,고철류,고철,고철류/고철,True,True,POLYGON->BOX,546.0,313.0,771.0,1027.0,225.0,714.0,0.05807522123893805,0.31512605042016806
Validation,Validation/images/고철류/골프채/12_X002_C973_0319/12_X002_C973_0319_3.jpg,Validation/labels/고철류/골프채/12_X002_C973_0319/12_X002_C973_0319_3.json,0,고철류/골프채,고철류,골프채,고철류/골프채,True,True,BOX,160.0,434.0,1311.0,1335.0,1151.0,901.0,0.37489552605703047,1.2774694783573808
Validation,Validation/images/고철류/골프채/12_X003_C509_0319/12_X003_C509_0319_3.jpg,Validation/labels/고철류/골프채/12_X003_C509_0319/12_X003_C509_0319_3.json,0,고철류/골프채,고철류,골프채,고철류/골프채,True,True,BOX,475.0,481.0,868.0,1663.0,393.0,1182.0,0.16792686100989068,0.33248730964467005
Validation,Validation/images/고철류/기타/12_X001_C045_0201/12_X001_C045_0201_2.jpg,Validation/labels/고철류/기타/12_X001_C045_0201/12_X001_C045_0201_2.json,0,고철류/기타,고철류,기타,고철류/기타,True,True,BOX,470.0,316.0,1532.0,900.0,1062.0,584.0,0.22420614263404476,1.8184931506849316
Validation,Validation/images/고철류/기타/12_X012_C045_0130/12_X012_C045_0130_4.jpg,Validation/labels/고철류/기타/12_X012_C045_0130/12_X012_C045_0130_4.json,0,고철류/기타,고철류,기타,고철류/기타,True,True,BOX,668.0,429.0,1418.0,1147.0,750.0,718.0,0.19466857539475968,1.0445682451253482
Validation,Validation/images/고철류/비철금속/12_X002_C187_1109/12_X002_C187_1109_0.jpg,Validation/labels/고철류/비철금속/12_X002_C187_1109/12_X002_C187_1109_0.json,0,고철류/비철금속,고철류,비철금속,고철류/비철금속,True,True,BOX,623.0,354.0,1322.0,1063.0,699.0,709.0,0.17925021701388888,0.9858956276445698
Validation,Validation/images/고철류/비철금속/12_X005_C024_1102/12_X005_C024_1102_3.jpg,Validation/labels/고철류/비철금속/12_X005_C024_1102/12_X005_C024_1102_3.json,0,고철류/비철금속,고철류,비철금속,고철류/비철금속,True,True,BOX,803.0,161.0,1546.0,1203.0,743.0,1042.0,0.2800224247685185,0.7130518234165067
Validation,Validation/images/고철류/전기프라이팬/12_X004_C045_1125/12_X004_C045_1125_2.jpg,Validation/labels/고철류/전기프라이팬/12_X004_C045_1125/12_X004_C045_1125_2.json,0,고철류/전기프라이팬,고철류,전기프라이팬,고철류/전기프라이팬,True,True,BOX,434.0,327.0,1494.0,767.0,1060.0,440.0,0.22492283950617284,2.409090909090909
Validation,Validation/images/고철류/전기프라이팬/12_X004_C188_1116/12_X004_C188_1116_4.jpg,Validation/labels/고철류/전기프라이팬/12_X004_C188_1116/12_X004_C188_1116_4.json,0,고철류/전기프라이팬,고철류,전기프라이팬,고철류/전기프라이팬,True,True,BOX,295.0,133.0,1578.0,1142.0,1283.0,1009.0,0.4682244646990741,1.2715559960356788
Validation,Validation/images/고철류/주전자/12_X004_C193_1209/12_X004_C193_1209_0.jpg,Validation/labels/고철류/주전자/12_X004_C193_1209/12_X004_C193_1209_0.json,0,고철류/주전자,고철류,주전자,고철류/주전자,True,True,BOX,248.0,512.0,943.0,930.0,695.0,418.0,0.10501981028399561,1.6626794258373205
Validation,Validation/images/고철류/주전자/12_X004_C193_1209/12_X004_C193_1209_0.jpg,Validation/labels/고철류/주전자/12_X004_C193_1209/12_X004_C193_1209_0.json,1,고철류/주전자,고철류,주전자,고철류/주전자,True,True,BOX,1239.0,352.0,1592.0,769.0,353.0,417.0,0.05321338712476141,0.8465227817745803
Validation,Validation/images/고철류/주전자/12_X005_C702_1216/12_X005_C702_1216_3.jpg,Validation/labels/고철류/주전자/12_X005_C702_1216/12_X005_C702_1216_3.json,0,고철류/주전자,고철류,주전자,고철류/주전자,True,True,BOX,659.0,220.0,1213.0,861.0,554.0,641.0,0.1712548225308642,0.8642745709828393
Validation,Validation/images/고철류/철옷걸이/12_X001_C185_0929/12_X001_C185_0929_4.jpg,Validation/labels/고철류/철옷걸이/12_X001_C185_0929/12_X001_C185_0929_4.json,0,고철류/철옷걸이,고철류,철옷걸이,고철류/철옷걸이,True,True,BOX,851.0,390.0,1755.0,976.0,904.0,586.0,0.2095274257598051,1.5426621160409557
Validation,Validation/images/고철류/철옷걸이/12_X006_C211_1124/12_X006_C211_1124_3.jpg,Validation/labels/고철류/철옷걸이/12_X006_C211_1124/12_X006_C211_1124_3.json,0,고철류/철옷걸이,고철류,철옷걸이,고철류/철옷걸이,True,True,BOX,248.0,509.0,1786.0,1186.0,1538.0,677.0,0.3764047949563306,2.2717872968980797
Validation,Validation/images/고철류/프라이팬/12_X005_C058_0207/12_X005_C058_0207_3.jpg,Validation/labels/고철류/프라이팬/12_X005_C058_0207/12_X005_C058_0207_3.json,0,고철류/프라이팬,고철류,프라이팬,고철류/프라이팬,True,True,POLYGON->BOX,266.0,191.0,1623.0,829.0,1357.0,638.0,0.3129757360171207,2.126959247648903
Validation,Validation/images/고철류/프라이팬/12_X022_C175_1207/12_X022_C175_1207_0.jpg,Validation/labels/고철류/프라이팬/12_X022_C175_1207/12_X022_C175_1207_0.json,0,고철류/프라이팬,고철류,프라이팬,고철류/프라이팬,True,True,BOX,605.0,540.0,765.0,907.0,160.0,367.0,0.021227370004048816,0.4359673024523161
Validation,Validation/images/고철류/프라이팬/12_X022_C175_1207/12_X022_C175_1207_0.jpg,Validation/labels/고철류/프라이팬/12_X022_C175_1207/12_X022_C175_1207_0.json,1,고철류/프라이팬,고철류,프라이팬,고철류/프라이팬,True,True,BOX,1034.0,471.0,1321.0,889.0,287.0,418.0,0.04336789287986581,0.6866028708133971
Validation,Validation/images/나무/기타/13_X001_C038_1118/13_X001_C038_1118_3.jpg,Validation/labels/나무/기타/13_X001_C038_1118/13_X001_C038_1118_3.json,0,나무/기타,나무,기타,나무/기타,True,True,BOX,291.0,251.0,1529.0,895.0,1238.0,644.0,0.38448688271604936,1.9223602484472049
Validation,Validation/images/나무/기타/13_X016_C058_0202/13_X016_C058_0202_1.jpg,Validation/labels/나무/기타/13_X016_C058_0202/13_X016_C058_0202_1.json,0,나무/기타,나무,기타,나무/기타,True,True,BOX,1092.0,260.0,1150.0,955.0,58.0,695.0,0.014572126785817572,0.08345323741007195
Validation,Validation/images/나무/나무행거/13_X002_C012_1014/13_X002_C012_1014_4.jpg,Validation/labels/나무/나무행거/13_X002_C012_1014/13_X002_C012_1014_4.json,0,나무/나무행거,나무,나무행거,나무/나무행거,True,True,BOX,151.0,430.0,1895.0,1041.0,1744.0,611.0,0.3854108796296296,2.8543371522094927
Validation,Validation/images/나무/나무행거/13_X004_C061_0131/13_X004_C061_0131_3.jpg,Validation/labels/나무/나무행거/13_X004_C061_0131/13_X004_C061_0131_3.json,0,나무/나무행거,나무,나무행거,나무/나무행거,True,True,BOX,386.0,215.0,1407.0,996.0,1021.0,781.0,0.3845490933641975,1.3072983354673495
Validation,Validation/images/나무/도마/13_X001_C034_1030/13_X001_C034_1030_3.jpg,Validation/labels/나무/도마/13_X001_C034_1030/13_X001_C034_1030_3.json,0,나무/도마,나무,도마,나무/도마,True,True,BOX,325.0,134.0,1436.0,1134.0,1111.0,1000.0,0.40183738425925924,1.111
Validation,Validation/images/나무/도마/13_X001_C036_1026/13_X001_C036_1026_3.jpg,Validation/labels/나무/도마/13_X001_C036_1026/13_X001_C036_1026_3.json,0,나무/도마,나무,도마,나무/도마,True,True,BOX,728.0,635.0,1520.0,1380.0,792.0,745.0,0.16005859375,1.0630872483221476
Validation,Validation/images/나무/액자/13_X002_C162_1126/13_X002_C162_1126_4.jpg,Validation/labels/나무/액자/13_X002_C162_1126/13_X002_C162_1126_4.json,0,나무/액자,나무,액자,나무/액자,True,True,BOX,846.0,296.0,1202.0,542.0,356.0,246.0,0.03167534722222222,1.4471544715447155
Validation,Validation/images/나무/액자/13_X003_C044_1030_6/13_X003_C044_1030_6_2.jpg,Validation/labels/나무/액자/13_X003_C044_1030_6/13_X003_C044_1030_6_2.json,0,나무/액자,나무,액자,나무/액자,True,True,BOX,244.0,264.0,1768.0,1224.0,1524.0,960.0,0.5291666666666667,1.5875
Validation,Validation/images/나무/장식품/13_X023_C803_0129/13_X023_C803_0129_0.jpg,Validation/labels/나무/장식품/13_X023_C803_0129/13_X023_C803_0129_0.json,0,나무/장식품,나무,장식품,나무/장식품,True,True,POLYGON->BOX,441.0,68.0,1609.0,1298.0,1168.0,1230.0,0.5193475620336631,0.9495934959349593
Validation,Validation/images/나무/장식품/13_X085_C024_0225/13_X085_C024_0225_5.jpg,Validation/labels/나무/장식품/13_X085_C024_0225/13_X085_C024_0225_5.json,0,나무/장식품,나무,액자,나무/액자,False,True,BOX,693.0,185.0,1102.0,415.0,409.0,230.0,0.04534193224979274,1.7782608695652173
Validation,Validation/images/나무/장식품/13_X085_C024_0225/13_X085_C024_0225_5.jpg,Validation/labels/나무/장식품/13_X085_C024_0225/13_X085_C024_0225_5.json,1,나무/장식품,나무,장식품,나무/장식품,True,True,BOX,452.0,518.0,1249.0,937.0,797.0,419.0,0.16096120847552395,1.902147971360382
Validation,Validation/images/나무/주걱/13_X057_C553_0122/13_X057_C553_0122_1.jpg,Validation/labels/나무/주걱/13_X057_C553_0122/13_X057_C553_0122_1.json,0,나무/주걱,나무,주걱,나무/주걱,True,True,BOX,788.0,127.0,1060.0,1303.0,272.0,1176.0,0.11569444444444445,0.23129251700680273
Validation,Validation/images/나무/주걱/13_X215_C509_0314/13_X215_C509_0314_2.jpg,Validation/labels/나무/주걱/13_X215_C509_0314/13_X215_C509_0314_2.json,0,나무/주걱,나무,주걱,나무/주걱,True,True,BOX,642.0,339.0,1040.0,976.0,398.0,637.0,0.0916500375961594,0.6248037676609105
Validation,Validation/images/나무/주방용품/13_X015_C023_0306/13_X015_C023_0306_1.jpg,Validation/labels/나무/주방용품/13_X015_C023_0306/13_X015_C023_0306_1.json,0,나무/주방용품,나무,주방용품,나무/주방용품,True,True,BOX,360.0,485.0,1821.0,592.0,1461.0,107.0,0.07528022956745181,13.654205607476635
Validation,Validation/images/나무/주방용품/13_X015_C023_0306/13_X015_C023_0306_1.jpg,Validation/labels/나무/주방용품/13_X015_C023_0306/13_X015_C023_0306_1.json,1,나무/주방용품,나무,주방용품,나무/주방용품,True,True,BOX,242.0,666.0,1775.0,865.0,1533.0,199.0,0.14690689256145018,7.703517587939698
Validation,Validation/images/나무/주방용품/13_X287_C999_0317/13_X287_C999_0317_4.jpg,Validation/labels/나무/주방용품/13_X287_C999_0317/13_X287_C999_0317_4.json,0,나무/주방용품,나무,주방용품,나무/주방용품,True,True,BOX,535.0,280.0,1237.0,540.0,702.0,260.0,0.08797501301405518,2.7
Validation,Validation/images/나무/포장재/13_X002_C055_0129/13_X002_C055_0129_4.jpg,Validation/labels/나무/포장재/13_X002_C055_0129/13_X002_C055_0129_4.json,0,나무/포장재,나무,포장재,나무/포장재,True,True,BOX,353.0,199.0,1349.0,831.0,996.0,632.0,0.30340679044479146,1.5759493670886076
Validation,Validation/images/나무/포장재/13_X154_C050_0226/13_X154_C050_0226_2.jpg,Validation/labels/나무/포장재/13_X154_C050_0226/13_X154_C050_0226_2.json,0,나무/포장재,나무,포장재,나무/포장재,True,True,BOX,253.0,169.0,828.0,574.0,575.0,405.0,0.11224622592399791,1.4197530864197532
Validation,Validation/images/나무/포장재/13_X154_C050_0226/13_X154_C050_0226_2.jpg,Validation/labels/나무/포장재/13_X154_C050_0226/13_X154_C050_0226_2.json,1,나무/포장재,나무,주방용품,나무/주방용품,False,True,BOX,912.0,565.0,1358.0,939.0,446.0,374.0,0.08039986889544412,1.1925133689839573
Validation,Validation/images/도기류/그릇류/14_X014_C055_1120/14_X014_C055_1120_3.jpg,Validation/labels/도기류/그릇류/14_X014_C055_1120/14_X014_C055_1120_3.json,0,도기류/그릇류,도기류,그릇류,도기류/그릇류,True,True,BOX,635.0,229.0,1111.0,767.0,476.0,538.0,0.12349922839506172,0.8847583643122676
Validation,Validation/images/도기류/그릇류/14_X014_C701_1229/14_X014_C701_1229_2.jpg,Validation/labels/도기류/그릇류/14_X014_C701_1229/14_X014_C701_1229_2.json,0,도기류/그릇류,도기류,그릇류,도기류/그릇류,True,True,BOX,430.0,69.0,1724.0,680.0,1294.0,611.0,0.3812856867283951,2.1178396072013093
Validation,Validation/images/도기류/기타/14_X007_C508_0408/14_X007_C508_0408_1.jpg,Validation/labels/도기류/기타/14_X007_C508_0408/14_X007_C508_0408_1.json,0,도기류/기타,도기류,기타,도기류/기타,True,True,POLYGON->BOX,652.0,129.0,1318.0,806.0,666.0,677.0,0.21732604546243275,0.983751846381093
Validation,Validation/images/도기류/기타/14_X022_C508_0408/14_X022_C508_0408_3.jpg,Validation/labels/도기류/기타/14_X022_C508_0408/14_X022_C508_0408_3.json,0,도기류/기타,도기류,기타,도기류/기타,True,True,POLYGON->BOX,666.0,390.0,1389.0,1207.0,723.0,817.0,0.21353570189137602,0.8849449204406364
Validation,Validation/images/도기류/뚝배기/14_X001_C187_1112/14_X001_C187_1112_3.jpg,Validation/labels/도기류/뚝배기/14_X001_C187_1112/14_X001_C187_1112_3.json,0,도기류/뚝배기,도기류,뚝배기,도기류/뚝배기,True,True,BOX,589.0,118.0,1644.0,941.0,1055.0,823.0,0.31404260706018516,1.2818955042527338
Validation,Validation/images/도기류/뚝배기/14_X019_C323_0116/14_X019_C323_0116_0.jpg,Validation/labels/도기류/뚝배기/14_X019_C323_0116/14_X019_C323_0116_0.json,0,도기류/뚝배기,도기류,뚝배기,도기류/뚝배기,True,True,BOX,142.0,253.0,1171.0,1604.0,1029.0,1351.0,0.5028135850694444,0.7616580310880829
Validation,Validation/images/도기류/받침/14_X094_C509_0414/14_X094_C509_0414_4.jpg,Validation/labels/도기류/받침/14_X094_C509_0414/14_X094_C509_0414_4.json,0,도기류/받침,도기류,받침,도기류/받침,True,True,BOX,621.0,160.0,897.0,407.0,276.0,247.0,0.029223251028806584,1.1174089068825912
Validation,Validation/images/도기류/받침/14_X094_C509_0414/14_X094_C509_0414_4.jpg,Validation/labels/도기류/받침/14_X094_C509_0414/14_X094_C509_0414_4.json,1,도기류/받침,도기류,그릇류,도기류/그릇류,False,True,BOX,1115.0,554.0,1479.0,884.0,364.0,330.0,0.0514917695473251,1.103030303030303
Validation,Validation/images/도기류/받침/14_X167_C900_0317/14_X167_C900_0317_2.jpg,Validation/labels/도기류/받침/14_X167_C900_0317/14_X167_C900_0317_2.json,0,도기류/받침,도기류,받침,도기류/받침,True,True,BOX,250.0,118.0,1273.0,892.0,1023.0,774.0,0.3816501821967725,1.321705426356589
Validation,Validation/images/도기류/병/14_X003_C324_1118/14_X003_C324_1118_0.jpg,Validation/labels/도기류/병/14_X003_C324_1118/14_X003_C324_1118_0.json,0,도기류/병,도기류,병,도기류/병,True,True,BOX,761.0,396.0,1031.0,905.0,270.0,509.0,0.04970703125,0.5304518664047151
Validation,Validation/images/도기류/병/14_X004_C163_1203/14_X004_C163_1203_4.jpg,Validation/labels/도기류/병/14_X004_C163_1203/14_X004_C163_1203_4.json,0,도기류/병,도기류,그릇류,도기류/그릇류,False,True,BOX,746.0,328.0,1066.0,674.0,320.0,346.0,0.04002544970790676,0.9248554913294798
Validation,Validation/images/도기류/장식품/14_X001_C015_1119/14_X001_C015_1119_3.jpg,Validation/labels/도기류/장식품/14_X001_C015_1119/14_X001_C015_1119_3.json,0,도기류/장식품,도기류,장식품,도기류/장식품,True,True,BOX,752.0,216.0,1193.0,911.0,441.0,695.0,0.14780815972222222,0.6345323741007194
Validation,Validation/images/도기류/장식품/14_X011_C169_1203/14_X011_C169_1203_2.jpg,Validation/labels/도기류/장식품/14_X011_C169_1203/14_X011_C169_1203_2.json,0,도기류/장식품,도기류,장식품,도기류/장식품,True,True,BOX,855.0,314.0,1217.0,682.0,362.0,368.0,0.06424382716049383,0.9836956521739131
Validation,Validation/images/도기류/주전자/14_X002_C195_1109/14_X002_C195_1109_3.jpg,Validation/labels/도기류/주전자/14_X002_C195_1109/14_X002_C195_1109_3.json,0,도기류/주전자,도기류,주전자,도기류/주전자,True,True,BOX,791.0,241.0,1446.0,1088.0,655.0,847.0,0.20066008391203705,0.7733175914994097
Validation,Validation/images/도기류/주전자/14_X003_C192_1117/14_X003_C192_1117_1.jpg,Validation/labels/도기류/주전자/14_X003_C192_1117/14_X003_C192_1117_1.json,0,도기류/주전자,도기류,주전자,도기류/주전자,True,True,BOX,419.0,344.0,1366.0,1070.0,947.0,726.0,0.24866970486111112,1.3044077134986225
Validation,Validation/images/도기류/컵/14_X001_C172_1006/14_X001_C172_1006_2.jpg,Validation/labels/도기류/컵/14_X001_C172_1006/14_X001_C172_1006_2.json,0,도기류/컵,도기류,컵,도기류/컵,True,True,BOX,627.0,319.0,1360.0,917.0,733.0,598.0,0.15854094328703705,1.225752508361204
Validation,Validation/images/도기류/컵/14_X027_C045_0128/14_X027_C045_0128_0.jpg,Validation/labels/도기류/컵/14_X027_C045_0128/14_X027_C045_0128_0.json,0,도기류/컵,도기류,컵,도기류/컵,True,True,BOX,553.0,535.0,998.0,908.0,445.0,373.0,0.06000383191624732,1.193029490616622
Validation,Validation/images/도기류/항아리/14_X001_C016_1029/14_X001_C016_1029_3.jpg,Validation/labels/도기류/항아리/14_X001_C016_1029/14_X001_C016_1029_3.json,0,도기류/항아리,도기류,항아리,도기류/항아리,True,True,BOX,375.0,363.0,1340.0,1379.0,965.0,1016.0,0.3544305627855862,0.9498031496062992
Validation,Validation/images/도기류/항아리/14_X002_C024_1210/14_X002_C024_1210_0.jpg,Validation/labels/도기류/항아리/14_X002_C024_1210/14_X002_C024_1210_0.json,0,도기류/항아리,도기류,항아리,도기류/항아리,True,True,BOX,472.0,268.0,979.0,740.0,507.0,472.0,0.11540509259259259,1.0741525423728813
Validation,Validation/images/도기류/화분/14_X005_C045_1118/14_X005_C045_1118_1.jpg,Validation/labels/도기류/화분/14_X005_C045_1118/14_X005_C045_1118_1.json,0,도기류/화분,도기류,화분,도기류/화분,True,True,BOX,612.0,204.0,1125.0,788.0,513.0,584.0,0.14447916666666666,0.8784246575342466
Validation,Validation/images/도기류/화분/14_X005_C704_0106/14_X005_C704_0106_3.jpg,Validation/labels/도기류/화분/14_X005_C704_0106/14_X005_C704_0106_3.json,0,도기류/화분,도기류,화분,도기류/화분,True,True,BOX,744.0,288.0,1337.0,1114.0,593.0,826.0,0.17716218171296297,0.7179176755447942
Validation,Validation/images/비닐/과자봉지/15_X371_C889_0330/15_X371_C889_0330_4.jpg,Validation/labels/비닐/과자봉지/15_X371_C889_0330/15_X371_C889_0330_4.json,0,비닐/과자봉지,비닐,과자봉지,비닐/과자봉지,True,True,BOX,575.0,717.0,1014.0,1227.0,439.0,510.0,0.08093657817109144,0.8607843137254902
Validation,Validation/images/비닐/과자봉지/15_X396_C888_0330/15_X396_C888_0330_2.jpg,Validation/labels/비닐/과자봉지/15_X396_C888_0330/15_X396_C888_0330_2.json,0,비닐/과자봉지,비닐,과자봉지,비닐/과자봉지,True,True,BOX,403.0,955.0,923.0,1295.0,520.0,340.0,0.063913470993117,1.5294117647058822
Validation,Validation/images/비닐/기타/15_X001_C807_0925/15_X001_C807_0925_1.jpg,Validation/labels/비닐/기타/15_X001_C807_0925/15_X001_C807_0925_1.json,0,비닐/기타,비닐,기타,비닐/기타,True,True,BOX,577.0,152.0,1512.0,1388.0,935.0,1236.0,0.41777286135693215,0.7564724919093851
Validation,Validation/images/비닐/기타/15_X006_C205_1015/15_X006_C205_1015_0.jpg,Validation/labels/비닐/기타/15_X006_C205_1015/15_X006_C205_1015_0.json,0,비닐/기타,비닐,기타,비닐/기타,True,True,BOX,512.0,170.0,1172.0,749.0,660.0,579.0,0.18428819444444444,1.1398963730569949
Validation,Validation/images/비닐/리필용기/15_X007_C164_1023/15_X007_C164_1023_2.jpg,Validation/labels/비닐/리필용기/15_X007_C164_1023/15_X007_C164_1023_2.json,0,비닐/리필용기,비닐,리필용기,비닐/리필용기,True,True,BOX,167.0,316.0,1585.0,978.0,1418.0,662.0,0.3395240162037037,2.1419939577039275
Validation,Validation/images/비닐/리필용기/15_X186_C886_0330/15_X186_C886_0330_2.jpg,Validation/labels/비닐/리필용기/15_X186_C886_0330/15_X186_C886_0330_2.json,0,비닐/리필용기,비닐,리필용기,비닐/리필용기,True,True,POLYGON->BOX,560.0,462.0,1107.0,1099.0,547.0,637.0,0.1259612325756261,0.858712715855573
Validation,Validation/images/비닐/봉투/15_X003_C014_1028/15_X003_C014_1028_2.jpg,Validation/labels/비닐/봉투/15_X003_C014_1028/15_X003_C014_1028_2.json,0,비닐/봉투,비닐,봉투,비닐/봉투,True,True,BOX,555.0,126.0,1275.0,619.0,720.0,493.0,0.17118055555555556,1.460446247464503
Validation,Validation/images/비닐/봉투/15_X056_C985_0319/15_X056_C985_0319_2.jpg,Validation/labels/비닐/봉투/15_X056_C985_0319/15_X056_C985_0319_2.json,0,비닐/봉투,비닐,봉투,비닐/봉투,True,True,BOX,326.0,416.0,1214.0,1128.0,888.0,712.0,0.22856151310081554,1.247191011235955
Validation,Validation/images/비닐/에어캡/15_X064_C971_0318/15_X064_C971_0318_4.jpg,Validation/labels/비닐/에어캡/15_X064_C971_0318/15_X064_C971_0318_4.json,0,비닐/에어캡,비닐,에어캡,비닐/에어캡,True,True,BOX,303.0,486.0,1172.0,1373.0,869.0,887.0,0.27864646596101567,0.979706877113867
Validation,Validation/images/비닐/에어캡/15_X093_C501_0318/15_X093_C501_0318_0.jpg,Validation/labels/비닐/에어캡/15_X093_C501_0318/15_X093_C501_0318_0.json,0,비닐/에어캡,비닐,에어캡,비닐/에어캡,True,True,BOX,616.0,561.0,1243.0,1271.0,627.0,710.0,0.16092963734166232,0.8830985915492958
Validation,Validation/images/비닐/일회용덮개/15_X082_C502_1103_5/15_X082_C502_1103_5_4.jpg,Validation/labels/비닐/일회용덮개/15_X082_C502_1103_5/15_X082_C502_1103_5_4.json,0,비닐/일회용덮개,비닐,일회용덮개,비닐/일회용덮개,True,True,BOX,229.0,1149.0,1141.0,1290.0,912.0,141.0,0.046510416666666665,6.468085106382978
Validation,Validation/images/비닐/일회용덮개/15_X132_C501_0318/15_X132_C501_0318_2.jpg,Validation/labels/비닐/일회용덮개/15_X132_C501_0318/15_X132_C501_0318_2.json,0,비닐/일회용덮개,비닐,일회용덮개,비닐/일회용덮개,True,True,BOX,55.0,336.0,1247.0,1272.0,1192.0,936.0,0.4033315981259761,1.2735042735042734
Validation,Validation/images/비닐/포장제/15_X005_C163_1023/15_X005_C163_1023_2.jpg,Validation/labels/비닐/포장제/15_X005_C163_1023/15_X005_C163_1023_2.json,0,비닐/포장제,비닐,포장제,비닐/포장제,True,True,BOX,218.0,344.0,1686.0,1133.0,1468.0,789.0,0.4189279513888889,1.8605830164765527
Validation,Validation/images/비닐/포장제/15_X938_C888_0330/15_X938_C888_0330_4.jpg,Validation/labels/비닐/포장제/15_X938_C888_0330/15_X938_C888_0330_4.json,0,비닐/포장제,비닐,포장제,비닐/포장제,True,True,BOX,480.0,439.0,1135.0,1062.0,655.0,623.0,0.1475161229683614,1.0513643659711076
Validation,Validation/images/스티로폼/네모트레이/16_X106_C581_0116/16_X106_C581_0116_0.jpg,Validation/labels/스티로폼/네모트레이/16_X106_C581_0116/16_X106_C581_0116_0.json,0,스티로폼/네모트레이,스티로폼,네모트레이,스티로폼/네모트레이,True,True,BOX,623.0,358.0,840.0,644.0,217.0,286.0,0.029929591049382715,0.7587412587412588
Validation,Validation/images/스티로폼/네모트레이/16_X106_C581_0116/16_X106_C581_0116_0.jpg,Validation/labels/스티로폼/네모트레이/16_X106_C581_0116/16_X106_C581_0116_0.json,1,스티로폼/네모트레이,스티로폼,네모트레이,스티로폼/네모트레이,True,True,BOX,994.0,345.0,1263.0,712.0,269.0,367.0,0.04760947145061729,0.7329700272479565
Validation,Validation/images/스티로폼/네모트레이/16_X368_C976_0325/16_X368_C976_0325_4.jpg,Validation/labels/스티로폼/네모트레이/16_X368_C976_0325/16_X368_C976_0325_4.json,0,스티로폼/네모트레이,스티로폼,네모트레이,스티로폼/네모트레이,True,True,BOX,476.0,321.0,1179.0,1006.0,703.0,685.0,0.1740828706113714,1.0262773722627738
Validation,Validation/images/스티로폼/보호재/16_X014_C090_0321/16_X014_C090_0321_2.jpg,Validation/labels/스티로폼/보호재/16_X014_C090_0321/16_X014_C090_0321_2.json,0,스티로폼/보호재,스티로폼,보호재,스티로폼/보호재,True,True,BOX,411.0,125.0,1416.0,954.0,1005.0,829.0,0.401577592688993,1.212303980699638
Validation,Validation/images/스티로폼/보호재/16_X073_C102_0321/16_X073_C102_0321_0.jpg,Validation/labels/스티로폼/보호재/16_X073_C102_0321/16_X073_C102_0321_0.json,0,스티로폼/보호재,스티로폼,보호재,스티로폼/보호재,True,True,BOX,416.0,304.0,1514.0,884.0,1098.0,580.0,0.30695818150268955,1.893103448275862
Validation,Validation/images/스티로폼/스티로폼/16_X015_C039_1130/16_X015_C039_1130_0.jpg,Validation/labels/스티로폼/스티로폼/16_X015_C039_1130/16_X015_C039_1130_0.json,0,스티로폼/스티로폼,스티로폼,스티로폼,스티로폼/스티로폼,True,True,BOX,515.0,223.0,1343.0,863.0,828.0,640.0,0.25555555555555554,1.29375
Validation,Validation/images/스티로폼/스티로폼/16_X015_C044_1209/16_X015_C044_1209_3.jpg,Validation/labels/스티로폼/스티로폼/16_X015_C044_1209/16_X015_C044_1209_3.json,0,스티로폼/스티로폼,스티로폼,스티로폼,스티로폼/스티로폼,True,True,BOX,846.0,129.0,1264.0,606.0,418.0,477.0,0.07211588541666666,0.8763102725366876
Validation,Validation/images/스티로폼/스티로폼/16_X015_C044_1209/16_X015_C044_1209_3.jpg,Validation/labels/스티로폼/스티로폼/16_X015_C044_1209/16_X015_C044_1209_3.json,1,스티로폼/스티로폼,스티로폼,스티로폼,스티로폼/스티로폼,True,True,BOX,538.0,741.0,1044.0,1198.0,506.0,457.0,0.0836378761574074,1.1072210065645514
Validation,Validation/images/스티로폼/포장용기/16_X002_C192_0928/16_X002_C192_0928_3.jpg,Validation/labels/스티로폼/포장용기/16_X002_C192_0928/16_X002_C192_0928_3.json,0,스티로폼/포장용기,스티로폼,포장용기,스티로폼/포장용기,True,True,BOX,487.0,276.0,1596.0,1067.0,1109.0,791.0,0.31728117766203706,1.4020227560050569
Validation,Validation/images/스티로폼/포장용기/16_X146_C554_0114/16_X146_C554_0114_3.jpg,Validation/labels/스티로폼/포장용기/16_X146_C554_0114/16_X146_C554_0114_3.json,0,스티로폼/포장용기,스티로폼,포장용기,스티로폼/포장용기,True,True,BOX,706.0,117.0,1511.0,577.0,805.0,460.0,0.13393373842592593,1.75
Validation,Validation/images/스티로폼/포장용기/16_X146_C554_0114/16_X146_C554_0114_3.jpg,Validation/labels/스티로폼/포장용기/16_X146_C554_0114/16_X146_C554_0114_3.json,1,스티로폼/포장용기,스티로폼,포장용기,스티로폼/포장용기,True,True,BOX,227.0,391.0,1342.0,978.0,1115.0,587.0,0.23672779224537038,1.899488926746167
Validation,Validation/images/유리병/기타/17_X018_C196_1123/17_X018_C196_1123_2.jpg,Validation/labels/유리병/기타/17_X018_C196_1123/17_X018_C196_1123_2.json,0,유리병/기타,유리병,기타,유리병/기타,True,True,BOX,691.0,222.0,1137.0,810.0,446.0,588.0,0.12628713941676808,0.7585034013605442
Validation,Validation/images/유리병/기타/17_X354_C500_0331/17_X354_C500_0331_3.jpg,Validation/labels/유리병/기타/17_X354_C500_0331/17_X354_C500_0331_3.json,0,유리병/기타,유리병,기타,유리병/기타,True,True,BOX,598.0,482.0,1199.0,883.0,601.0,401.0,0.087122230898259,1.4987531172069826
Validation,Validation/images/유리병/기타술병/17_X010_C172_1013/17_X010_C172_1013_4.jpg,Validation/labels/유리병/기타술병/17_X010_C172_1013/17_X010_C172_1013_4.json,0,유리병/기타술병,유리병,기타술병,유리병/기타술병,True,True,BOX,767.0,300.0,1111.0,1206.0,344.0,906.0,0.11272569444444444,0.37969094922737306
Validation,Validation/images/유리병/기타술병/17_X013_C172_1113/17_X013_C172_1113_1.jpg,Validation/labels/유리병/기타술병/17_X013_C172_1113/17_X013_C172_1113_1.json,0,유리병/기타술병,유리병,기타술병,유리병/기타술병,True,True,BOX,832.0,373.0,1231.0,1026.0,399.0,653.0,0.09423719618055555,0.6110260336906586
Validation,Validation/images/유리병/맥주병/17_X002_C330_1102/17_X002_C330_1102_3.jpg,Validation/labels/유리병/맥주병/17_X002_C330_1102/17_X002_C330_1102_3.json,0,유리병/맥주병,유리병,맥주병,유리병/맥주병,True,True,BOX,511.0,207.0,1427.0,928.0,916.0,721.0,0.31849729938271604,1.2704576976421638
Validation,Validation/images/유리병/맥주병/17_X034_C509_0129/17_X034_C509_0129_2.jpg,Validation/labels/유리병/맥주병/17_X034_C509_0129/17_X034_C509_0129_2.json,0,유리병/맥주병,유리병,맥주병,유리병/맥주병,True,True,BOX,675.0,199.0,1308.0,1836.0,633.0,1637.0,0.28080035965130734,0.386682956627978
Validation,Validation/images/유리병/물병/17_X023_C329_1106/17_X023_C329_1106_4.jpg,Validation/labels/유리병/물병/17_X023_C329_1106/17_X023_C329_1106_4.json,0,유리병/물병,유리병,물병,유리병/물병,True,True,BOX,619.0,584.0,1151.0,1350.0,532.0,766.0,0.1105447048611111,0.6945169712793734
Validation,Validation/images/유리병/물병/17_X032_C193_1203/17_X032_C193_1203_4.jpg,Validation/labels/유리병/물병/17_X032_C193_1203/17_X032_C193_1203_4.json,0,유리병/물병,유리병,물병,유리병/물병,True,True,BOX,310.0,343.0,1110.0,1068.0,800.0,725.0,0.2097800925925926,1.103448275862069
Validation,Validation/images/유리병/박카스병/17_X003_C188_1123/17_X003_C188_1123_0.jpg,Validation/labels/유리병/박카스병/17_X003_C188_1123/17_X003_C188_1123_0.json,0,유리병/박카스병,유리병,박카스병,유리병/박카스병,True,True,BOX,878.0,549.0,950.0,693.0,72.0,144.0,0.00375,0.5
Validation,Validation/images/유리병/박카스병/17_X020_C209_1117/17_X020_C209_1117_2.jpg,Validation/labels/유리병/박카스병/17_X020_C209_1117/17_X020_C209_1117_2.json,0,유리병/박카스병,유리병,박카스병,유리병/박카스병,True,True,BOX,683.0,464.0,1675.0,1197.0,992.0,733.0,0.2629976851851852,1.3533424283765347
Validation,Validation/images/유리병/소주병/17_X091_C509_0129/17_X091_C509_0129_0.jpg,Validation/labels/유리병/소주병/17_X091_C509_0129/17_X091_C509_0129_0.json,0,유리병/소주병,유리병,소주병,유리병/소주병,True,True,BOX,770.0,19.0,1237.0,1439.0,467.0,1420.0,0.2397261264387761,0.3288732394366197
Validation,Validation/images/유리병/소주병/17_X399_C777_0330/17_X399_C777_0330_3.jpg,Validation/labels/유리병/소주병/17_X399_C777_0330/17_X399_C777_0330_3.json,0,유리병/소주병,유리병,소주병,유리병/소주병,True,True,BOX,252.0,872.0,816.0,1259.0,564.0,387.0,0.10520562207183759,1.4573643410852712
Validation,Validation/images/유리병/음료수병/17_X005_C330_1029/17_X005_C330_1029_2.jpg,Validation/labels/유리병/음료수병/17_X005_C330_1029/17_X005_C330_1029_2.json,0,유리병/음료수병,유리병,음료수병,유리병/음료수병,True,True,BOX,831.0,427.0,1509.0,1033.0,678.0,606.0,0.14860677083333335,1.118811881188119
Validation,Validation/images/유리병/음료수병/17_X005_C501_0331/17_X005_C501_0331_1.jpg,Validation/labels/유리병/음료수병/17_X005_C501_0331/17_X005_C501_0331_1.json,0,유리병/음료수병,유리병,음료수병,유리병/음료수병,True,True,BOX,768.0,451.0,1118.0,1179.0,350.0,728.0,0.09211059054890393,0.4807692307692308
Validation,Validation/images/유리병/주방용기/17_X015_C209_1106/17_X015_C209_1106_2.jpg,Validation/labels/유리병/주방용기/17_X015_C209_1106/17_X015_C209_1106_2.json,0,유리병/주방용기,유리병,주방용기,유리병/주방용기,True,True,BOX,850.0,340.0,1177.0,1096.0,327.0,756.0,0.0894140625,0.43253968253968256
Validation,Validation/images/유리병/주방용기/17_X170_C777_0330/17_X170_C777_0330_1.jpg,Validation/labels/유리병/주방용기/17_X170_C777_0330/17_X170_C777_0330_1.json,0,유리병/주방용기,유리병,주방용기,유리병/주방용기,True,True,BOX,854.0,344.0,1132.0,850.0,278.0,506.0,0.06780226348159717,0.549407114624506
Validation,Validation/images/의류/기타의류/18_X001_C323_1203/18_X001_C323_1203_0.jpg,Validation/labels/의류/기타의류/18_X001_C323_1203/18_X001_C323_1203_0.json,0,의류/기타의류,의류,기타의류,의류/기타의류,True,True,BOX,857.0,407.0,1241.0,885.0,384.0,478.0,0.08851851851851852,0.803347280334728
Validation,Validation/images/의류/기타의류/18_X120_C900_1030/18_X120_C900_1030_4.jpg,Validation/labels/의류/기타의류/18_X120_C900_1030/18_X120_C900_1030_4.json,0,의류/기타의류,의류,기타의류,의류/기타의류,True,True,BOX,777.0,357.0,1108.0,671.0,331.0,314.0,0.05012249228395062,1.0541401273885351
Validation,Validation/images/의류/레깅스/18_X059_C193_1124/18_X059_C193_1124_1.jpg,Validation/labels/의류/레깅스/18_X059_C193_1124/18_X059_C193_1124_1.json,0,의류/레깅스,의류,레깅스,의류/레깅스,True,True,BOX,435.0,313.0,1672.0,1209.0,1237.0,896.0,0.40087962962962964,1.3805803571428572
Validation,Validation/images/의류/레깅스/18_X555_C900_1117/18_X555_C900_1117_4.jpg,Validation/labels/의류/레깅스/18_X555_C900_1117/18_X555_C900_1117_4.json,0,의류/레깅스,의류,레깅스,의류/레깅스,True,True,BOX,690.0,169.0,1192.0,1284.0,502.0,1115.0,0.20244864004629629,0.45022421524663675
Validation,Validation/images/의류/면의류/18_X004_C014_0929/18_X004_C014_0929_2.jpg,Validation/labels/의류/면의류/18_X004_C014_0929/18_X004_C014_0929_2.json,0,의류/면의류,의류,면의류,의류/면의류,True,True,BOX,393.0,252.0,1432.0,687.0,1039.0,435.0,0.21796151620370371,2.3885057471264366
Validation,Validation/images/의류/면의류/18_X032_C178_1120/18_X032_C178_1120_4.jpg,Validation/labels/의류/면의류/18_X032_C178_1120/18_X032_C178_1120_4.json,0,의류/면의류,의류,면의류,의류/면의류,True,True,BOX,508.0,143.0,1247.0,1259.0,739.0,1116.0,0.2982942708333333,0.6621863799283154
Validation,Validation/images/의류/상의/18_X087_C900_1209/18_X087_C900_1209_0.jpg,Validation/labels/의류/상의/18_X087_C900_1209/18_X087_C900_1209_0.json,0,의류/상의,의류,상의,의류/상의,True,True,BOX,301.0,306.0,1464.0,819.0,1163.0,513.0,0.28772135416666667,2.267056530214425
Validation,Validation/images/의류/상의/18_X379_C900_1117/18_X379_C900_1117_3.jpg,Validation/labels/의류/상의/18_X379_C900_1117/18_X379_C900_1117_3.json,0,의류/상의,의류,상의,의류/상의,True,True,BOX,393.0,88.0,1642.0,1241.0,1249.0,1153.0,0.5208684172453704,1.08326105810928
Validation,Validation/images/의류/외투/18_X013_C166_1125/18_X013_C166_1125_1.jpg,Validation/labels/의류/외투/18_X013_C166_1125/18_X013_C166_1125_1.json,0,의류/외투,의류,외투,의류/외투,True,True,BOX,333.0,305.0,1655.0,1217.0,1322.0,912.0,0.3270572916666667,1.4495614035087718
Validation,Validation/images/의류/외투/18_X028_C900_1112/18_X028_C900_1112_1.jpg,Validation/labels/의류/외투/18_X028_C900_1112/18_X028_C900_1112_1.json,0,의류/외투,의류,외투,의류/외투,True,True,BOX,515.0,127.0,1424.0,863.0,909.0,736.0,0.32263888888888886,1.235054347826087
Validation,Validation/images/의류/원피스/18_X007_C044_1113/18_X007_C044_1113_2.jpg,Validation/labels/의류/원피스/18_X007_C044_1113/18_X007_C044_1113_2.json,0,의류/원피스,의류,원피스,의류/원피스,True,True,BOX,171.0,188.0,1883.0,1247.0,1712.0,1059.0,0.6557465277777778,1.6166194523135033
Validation,Validation/images/의류/원피스/18_X122_C900_1030/18_X122_C900_1030_4.jpg,Validation/labels/의류/원피스/18_X122_C900_1030/18_X122_C900_1030_4.json,0,의류/원피스,의류,원피스,의류/원피스,True,True,BOX,555.0,307.0,1155.0,682.0,600.0,375.0,0.10850694444444445,1.6
Validation,Validation/images/의류/하의/18_X003_C178_1127/18_X003_C178_1127_4.jpg,Validation/labels/의류/하의/18_X003_C178_1127/18_X003_C178_1127_4.json,0,의류/하의,의류,하의,의류/하의,True,True,BOX,411.0,178.0,1501.0,1191.0,1090.0,1013.0,0.3993670428240741,1.0760118460019743
Validation,Validation/images/의류/하의/18_X055_C023_1012/18_X055_C023_1012_0.jpg,Validation/labels/의류/하의/18_X055_C023_1012/18_X055_C023_1012_0.json,0,의류/하의,의류,하의,의류/하의,True,True,BOX,587.0,503.0,1361.0,849.0,774.0,346.0,0.09686197916666667,2.2369942196531793
Validation,Validation/images/의류/합성섬유/18_X001_C014_1127/18_X001_C014_1127_4.jpg,Validation/labels/의류/합성섬유/18_X001_C014_1127/18_X001_C014_1127_4.json,0,의류/합성섬유,의류,합성섬유,의류/합성섬유,True,True,BOX,706.0,185.0,1576.0,842.0,870.0,657.0,0.23818631863186318,1.3242009132420092
Validation,Validation/images/의류/합성섬유/18_X002_C178_1111/18_X002_C178_1111_4.jpg,Validation/labels/의류/합성섬유/18_X002_C178_1111/18_X002_C178_1111_4.json,0,의류/합성섬유,의류,합성섬유,의류/합성섬유,True,True,BOX,460.0,182.0,1392.0,1163.0,932.0,981.0,0.33069010416666667,0.9500509683995922
Validation,Validation/images/종이류/기타/21_X023_C061_1113/21_X023_C061_1113_3.jpg,Validation/labels/종이류/기타/21_X023_C061_1113/21_X023_C061_1113_3.json,0,종이류/기타,종이류,기타,종이류/기타,True,True,BOX,442.0,163.0,1110.0,1012.0,668.0,849.0,0.27296381255649327,0.7868080094228505
Validation,Validation/images/종이류/기타/21_X048_C707_1229/21_X048_C707_1229_0.jpg,Validation/labels/종이류/기타/21_X048_C707_1229/21_X048_C707_1229_0.json,0,종이류/기타,종이류,기타,종이류/기타,True,True,BOX,725.0,495.0,1246.0,1101.0,521.0,606.0,0.11413543293423564,0.8597359735973598
Validation,Validation/images/종이류/노트/21_X395_C015_0131/21_X395_C015_0131_3.jpg,Validation/labels/종이류/노트/21_X395_C015_0131/21_X395_C015_0131_3.json,0,종이류/노트,종이류,노트,종이류/노트,True,True,BOX,333.0,299.0,1344.0,854.0,1011.0,555.0,0.2704537567239285,1.8216216216216217
Validation,Validation/images/종이류/노트/21_X462_C015_0131/21_X462_C015_0131_0.jpg,Validation/labels/종이류/노트/21_X462_C015_0131/21_X462_C015_0131_0.json,0,종이류/노트,종이류,노트,종이류/노트,True,True,BOX,800.0,370.0,1383.0,806.0,583.0,436.0,0.12251913548113444,1.3371559633027523
Validation,Validation/images/종이류/상자류/21_X004_C055_0127/21_X004_C055_0127_2.jpg,Validation/labels/종이류/상자류/21_X004_C055_0127/21_X004_C055_0127_2.json,0,종이류/상자류,종이류,상자류,종이류/상자류,True,True,BOX,1028.0,122.0,1432.0,624.0,404.0,502.0,0.09775387047641082,0.8047808764940239
Validation,Validation/images/종이류/상자류/21_X004_C055_0127/21_X004_C055_0127_2.jpg,Validation/labels/종이류/상자류/21_X004_C055_0127/21_X004_C055_0127_2.json,1,종이류/상자류,종이류,상자류,종이류/상자류,True,True,BOX,421.0,286.0,872.0,736.0,451.0,450.0,0.09782231476661461,1.0022222222222221
Validation,Validation/images/종이류/상자류/21_X026_C701_1230/21_X026_C701_1230_4.jpg,Validation/labels/종이류/상자류/21_X026_C701_1230/21_X026_C701_1230_4.json,0,종이류/상자류,종이류,상자류,종이류/상자류,True,True,BOX,545.0,344.0,1233.0,899.0,688.0,555.0,0.1841435185185185,1.2396396396396396
Validation,Validation/images/종이류/신문지/21_X011_C173_1005/21_X011_C173_1005_4.jpg,Validation/labels/종이류/신문지/21_X011_C173_1005/21_X011_C173_1005_4.json,0,종이류/신문지,종이류,신문지,종이류/신문지,True,True,BOX,767.0,690.0,1064.0,929.0,297.0,239.0,0.025673828125,1.2426778242677825
Validation,Validation/images/종이류/신문지/21_X015_C203_1007/21_X015_C203_1007_3.jpg,Validation/labels/종이류/신문지/21_X015_C203_1007/21_X015_C203_1007_3.json,0,종이류/신문지,종이류,신문지,종이류/신문지,True,True,BOX,583.0,159.0,1379.0,1270.0,796.0,1111.0,0.3198625578703704,0.7164716471647165
Validation,Validation/images/종이류/신발상자/21_X013_C027_1016/21_X013_C027_1016_2.jpg,Validation/labels/종이류/신발상자/21_X013_C027_1016/21_X013_C027_1016_2.json,0,종이류/신발상자,종이류,신발상자,종이류/신발상자,True,True,BOX,132.0,369.0,1903.0,1222.0,1771.0,853.0,0.5463914207175926,2.0762016412661195
Validation,Validation/images/종이류/신발상자/21_X033_C205_0126/21_X033_C205_0126_0.jpg,Validation/labels/종이류/신발상자/21_X033_C205_0126/21_X033_C205_0126_0.json,0,종이류/신발상자,종이류,신발상자,종이류/신발상자,True,True,BOX,383.0,849.0,803.0,1477.0,420.0,628.0,0.12713285904332233,0.6687898089171974
Validation,Validation/images/종이류/음료수곽/21_X002_C801_0220/21_X002_C801_0220_0.jpg,Validation/labels/종이류/음료수곽/21_X002_C801_0220/21_X002_C801_0220_0.json,0,종이류/음료수곽,종이류,음료수곽,종이류/음료수곽,True,True,BOX,933.0,306.0,1371.0,644.0,438.0,338.0,0.06171894541998099,1.2958579881656804
Validation,Validation/images/종이류/음료수곽/21_X006_C172_0928/21_X006_C172_0928_4.jpg,Validation/labels/종이류/음료수곽/21_X006_C172_0928/21_X006_C172_0928_4.json,0,종이류/음료수곽,종이류,음료수곽,종이류/음료수곽,True,True,BOX,760.0,404.0,1236.0,1110.0,476.0,706.0,0.12154803240740741,0.6742209631728046
Validation,Validation/images/종이류/종이봉투/21_X002_C052_1113/21_X002_C052_1113_4.jpg,Validation/labels/종이류/종이봉투/21_X002_C052_1113/21_X002_C052_1113_4.json,0,종이류/종이봉투,종이류,종이봉투,종이류/종이봉투,True,True,BOX,232.0,308.0,1461.0,1219.0,1229.0,911.0,0.40495478877314817,1.3490669593852909
Validation,Validation/images/종이류/종이봉투/21_X009_C312_1112/21_X009_C312_1112_1.jpg,Validation/labels/종이류/종이봉투/21_X009_C312_1112/21_X009_C312_1112_1.json,0,종이류/종이봉투,종이류,종이봉투,종이류/종이봉투,True,True,BOX,339.0,97.0,1171.0,844.0,832.0,747.0,0.2995661981606802,1.1137884872824633
Validation,Validation/images/종이류/책자/21_X033_C501_0320/21_X033_C501_0320_2.jpg,Validation/labels/종이류/책자/21_X033_C501_0320/21_X033_C501_0320_2.json,0,종이류/책자,종이류,책자,종이류/책자,True,True,BOX,356.0,309.0,1144.0,888.0,788.0,579.0,0.16493579732778066,1.3609671848013818
Validation,Validation/images/종이류/책자/21_X242_C499_0321/21_X242_C499_0321_0.jpg,Validation/labels/종이류/책자/21_X242_C499_0321/21_X242_C499_0321_0.json,0,종이류/책자,종이류,책자,종이류/책자,True,True,BOX,249.0,423.0,818.0,1152.0,569.0,729.0,0.19993492972410204,0.7805212620027435
Validation,Validation/images/종이류/포장상자/21_X009_C175_1113/21_X009_C175_1113_0.jpg,Validation/labels/종이류/포장상자/21_X009_C175_1113/21_X009_C175_1113_0.json,0,종이류/포장상자,종이류,포장상자,종이류/포장상자,True,True,BOX,803.0,663.0,1115.0,1023.0,312.0,360.0,0.04060385216033316,0.8666666666666667
Validation,Validation/images/종이류/포장상자/21_X071_C172_0107/21_X071_C172_0107_2.jpg,Validation/labels/종이류/포장상자/21_X071_C172_0107/21_X071_C172_0107_2.json,0,종이류/포장상자,종이류,포장상자,종이류/포장상자,True,True,BOX,630.0,368.0,1362.0,1078.0,732.0,710.0,0.18797743055555555,1.0309859154929577
Validation,Validation/images/캔류/맥주캔/22_X001_C058_1109_7/22_X001_C058_1109_7_4.jpg,Validation/labels/캔류/맥주캔/22_X001_C058_1109_7/22_X001_C058_1109_7_4.json,0,캔류/맥주캔,캔류,맥주캔,캔류/맥주캔,True,True,BOX,570.0,212.0,1405.0,860.0,835.0,648.0,0.195703125,1.2885802469135803
Validation,Validation/images/캔류/맥주캔/22_X001_C195_0927/22_X001_C195_0927_2.jpg,Validation/labels/캔류/맥주캔/22_X001_C195_0927/22_X001_C195_0927_2.json,0,캔류/맥주캔,캔류,맥주캔,캔류/맥주캔,True,True,BOX,729.0,248.0,1210.0,945.0,481.0,697.0,0.12125904224537037,0.6901004304160688
Validation,Validation/images/캔류/스팸류/22_X001_C016_1013_5/22_X001_C016_1013_5_4.jpg,Validation/labels/캔류/스팸류/22_X001_C016_1013_5/22_X001_C016_1013_5_4.json,0,캔류/스팸류,캔류,스팸류,캔류/스팸류,True,True,BOX,572.0,912.0,909.0,1180.0,337.0,268.0,0.032666377314814816,1.257462686567164
Validation,Validation/images/캔류/스팸류/22_X001_C193_1111/22_X001_C193_1111_1.jpg,Validation/labels/캔류/스팸류/22_X001_C193_1111/22_X001_C193_1111_1.json,0,캔류/스팸류,캔류,스팸류,캔류/스팸류,True,True,BOX,410.0,318.0,1370.0,1184.0,960.0,866.0,0.30069444444444443,1.1085450346420322
Validation,Validation/images/캔류/음료수캔/22_X006_C163_1105/22_X006_C163_1105_1.jpg,Validation/labels/캔류/음료수캔/22_X006_C163_1105/22_X006_C163_1105_1.json,0,캔류/음료수캔,캔류,음료수캔,캔류/음료수캔,True,True,BOX,697.0,462.0,1101.0,692.0,404.0,230.0,0.04481095679012346,1.7565217391304349
Validation,Validation/images/캔류/음료수캔/22_X010_C205_1106/22_X010_C205_1106_4.jpg,Validation/labels/캔류/음료수캔/22_X010_C205_1106/22_X010_C205_1106_4.json,0,캔류/음료수캔,캔류,음료수캔,캔류/음료수캔,True,True,BOX,638.0,453.0,902.0,619.0,264.0,166.0,0.02113425925925926,1.5903614457831325
Validation,Validation/images/캔류/참기름캔/22_X001_C318_1110_6/22_X001_C318_1110_6_4.jpg,Validation/labels/캔류/참기름캔/22_X001_C318_1110_6/22_X001_C318_1110_6_4.json,0,캔류/참기름캔,캔류,참기름캔,캔류/참기름캔,True,True,BOX,746.0,217.0,1402.0,1264.0,656.0,1047.0,0.2484201388888889,0.626552053486151
Validation,Validation/images/캔류/참기름캔/22_X002_C187_1112/22_X002_C187_1112_4.jpg,Validation/labels/캔류/참기름캔/22_X002_C187_1112/22_X002_C187_1112_4.json,0,캔류/참기름캔,캔류,참기름캔,캔류/참기름캔,True,True,BOX,525.0,284.0,1517.0,1093.0,992.0,809.0,0.2902662037037037,1.226205191594561
Validation,Validation/images/캔류/커피캔/22_X004_C014_1110/22_X004_C014_1110_3.jpg,Validation/labels/캔류/커피캔/22_X004_C014_1110/22_X004_C014_1110_3.json,0,캔류/커피캔,캔류,커피캔,캔류/커피캔,True,True,BOX,643.0,274.0,1357.0,730.0,714.0,456.0,0.1570138888888889,1.5657894736842106
Validation,Validation/images/캔류/커피캔/22_X014_C038_1027/22_X014_C038_1027_0.jpg,Validation/labels/캔류/커피캔/22_X014_C038_1027/22_X014_C038_1027_0.json,0,캔류/커피캔,캔류,커피캔,캔류/커피캔,True,True,BOX,878.0,169.0,1362.0,1255.0,484.0,1086.0,0.19011284722222221,0.44567219152854515
Validation,Validation/images/캔류/통조림캔/22_X005_C026_1007/22_X005_C026_1007_1.jpg,Validation/labels/캔류/통조림캔/22_X005_C026_1007/22_X005_C026_1007_1.json,0,캔류/통조림캔,캔류,통조림캔,캔류/통조림캔,True,True,BOX,136.0,328.0,1757.0,1268.0,1621.0,940.0,0.551121238425926,1.724468085106383
Validation,Validation/images/캔류/통조림캔/22_X008_C509_0111/22_X008_C509_0111_3.jpg,Validation/labels/캔류/통조림캔/22_X008_C509_0111/22_X008_C509_0111_3.json,0,캔류/통조림캔,캔류,통조림캔,캔류/통조림캔,True,True,BOX,628.0,517.0,1217.0,1168.0,589.0,651.0,0.13868598090277778,0.9047619047619048
Validation,Validation/images/페트병/기타/23_X108_C509_0326/23_X108_C509_0326_4.jpg,Validation/labels/페트병/기타/23_X108_C509_0326/23_X108_C509_0326_4.json,0,페트병/기타,페트병,기타,페트병/기타,True,True,BOX,634.0,889.0,1040.0,1365.0,406.0,476.0,0.06986234021632251,0.8529411764705882
Validation,Validation/images/페트병/기타/23_X116_C499_0326/23_X116_C499_0326_0.jpg,Validation/labels/페트병/기타/23_X116_C499_0326/23_X116_C499_0326_0.json,0,페트병/기타,페트병,기타,페트병/기타,True,True,BOX,423.0,112.0,1043.0,1072.0,620.0,960.0,0.21516571230262016,0.6458333333333334
Validation,Validation/images/페트병/일회용음료수잔/23_X005_C166_0928/23_X005_C166_0928_2.jpg,Validation/labels/페트병/일회용음료수잔/23_X005_C166_0928/23_X005_C166_0928_2.json,0,페트병/일회용음료수잔,페트병,일회용음료수잔,페트병/일회용음료수잔,True,True,BOX,875.0,648.0,1363.0,1223.0,488.0,575.0,0.1014373300942796,0.8486956521739131
Validation,Validation/images/페트병/일회용음료수잔/23_X171_C510_0325/23_X171_C510_0325_2.jpg,Validation/labels/페트병/일회용음료수잔/23_X171_C510_0325/23_X171_C510_0325_2.json,0,페트병/일회용음료수잔,페트병,일회용음료수잔,페트병/일회용음료수잔,True,True,BOX,561.0,291.0,916.0,1051.0,355.0,760.0,0.09753311354040141,0.46710526315789475
Validation,Validation/images/페트병/페트병/23_X007_C184_1013/23_X007_C184_1013_0.jpg,Validation/labels/페트병/페트병/23_X007_C184_1013/23_X007_C184_1013_0.json,0,페트병/페트병,페트병,페트병,페트병/페트병,True,True,BOX,700.0,417.0,1130.0,586.0,430.0,169.0,0.030295829372821718,2.544378698224852
Validation,Validation/images/페트병/페트병/23_X135_C509_0326/23_X135_C509_0326_4.jpg,Validation/labels/페트병/페트병/23_X135_C509_0326/23_X135_C509_0326_4.json,0,페트병/페트병,페트병,페트병,페트병/페트병,True,True,BOX,695.0,539.0,1081.0,1380.0,386.0,841.0,0.11735279657585748,0.4589774078478002
Validation,Validation/images/플라스틱류/기타/24_X007_C204_1007/24_X007_C204_1007_0.jpg,Validation/labels/플라스틱류/기타/24_X007_C204_1007/24_X007_C204_1007_0.json,0,플라스틱류/기타,플라스틱류,기타,플라스틱류/기타,True,True,BOX,658.0,201.0,1292.0,1252.0,634.0,1051.0,0.24088076233443229,0.6032350142721218
Validation,Validation/images/플라스틱류/기타/24_X024_C802_0221/24_X024_C802_0221_2.jpg,Validation/labels/플라스틱류/기타/24_X024_C802_0221/24_X024_C802_0221_2.json,0,플라스틱류/기타,플라스틱류,기타,플라스틱류/기타,True,True,BOX,477.0,254.0,1750.0,1015.0,1273.0,761.0,0.35020569437214416,1.6727989487516426
Validation,Validation/images/플라스틱류/대용량플라스틱통/24_X006_C038_1112/24_X006_C038_1112_0.jpg,Validation/labels/플라스틱류/대용량플라스틱통/24_X006_C038_1112/24_X006_C038_1112_0.json,0,플라스틱류/대용량플라스틱통,플라스틱류,대용량플라스틱통,플라스틱류/대용량플라스틱통,True,True,BOX,681.0,313.0,1161.0,900.0,480.0,587.0,0.13587962962962963,0.817717206132879
Validation,Validation/images/플라스틱류/대용량플라스틱통/24_X018_C710_1215/24_X018_C710_1215_3.jpg,Validation/labels/플라스틱류/대용량플라스틱통/24_X018_C710_1215/24_X018_C710_1215_3.json,0,플라스틱류/대용량플라스틱통,플라스틱류,대용량플라스틱통,플라스틱류/대용량플라스틱통,True,True,BOX,522.0,121.0,1448.0,1326.0,926.0,1205.0,0.4035843460648148,0.7684647302904565
Validation,Validation/images/플라스틱류/밀폐용기/24_X056_C107_0322/24_X056_C107_0322_4.jpg,Validation/labels/플라스틱류/밀폐용기/24_X056_C107_0322/24_X056_C107_0322_4.json,0,플라스틱류/밀폐용기,플라스틱류,밀폐용기,플라스틱류/밀폐용기,True,True,BOX,817.0,273.0,1400.0,947.0,583.0,674.0,0.18939884705111149,0.8649851632047477
Validation,Validation/images/플라스틱류/밀폐용기/24_X078_C107_0322/24_X078_C107_0322_3.jpg,Validation/labels/플라스틱류/밀폐용기/24_X078_C107_0322/24_X078_C107_0322_3.json,0,플라스틱류/밀폐용기,플라스틱류,밀폐용기,플라스틱류/밀폐용기,True,True,BOX,741.0,198.0,1440.0,954.0,699.0,756.0,0.254711087975013,0.9246031746031746
Validation,Validation/images/플라스틱류/바구니/24_X005_C053_1216/24_X005_C053_1216_3.jpg,Validation/labels/플라스틱류/바구니/24_X005_C053_1216/24_X005_C053_1216_3.json,0,플라스틱류/바구니,플라스틱류,바구니,플라스틱류/바구니,True,True,BOX,700.0,129.0,1126.0,506.0,426.0,377.0,0.07741049222048701,1.129973474801061
Validation,Validation/images/플라스틱류/바구니/24_X005_C053_1216/24_X005_C053_1216_3.jpg,Validation/labels/플라스틱류/바구니/24_X005_C053_1216/24_X005_C053_1216_3.json,1,플라스틱류/바구니,플라스틱류,바구니,플라스틱류/바구니,True,True,BOX,540.0,585.0,1121.0,1026.0,581.0,441.0,0.1234990456359535,1.3174603174603174
Validation,Validation/images/플라스틱류/바구니/24_X019_C504_1021/24_X019_C504_1021_4.jpg,Validation/labels/플라스틱류/바구니/24_X019_C504_1021/24_X019_C504_1021_4.json,0,플라스틱류/바구니,플라스틱류,바구니,플라스틱류/바구니,True,True,BOX,349.0,816.0,1211.0,1064.0,862.0,248.0,0.07732060185185186,3.475806451612903
Validation,Validation/images/플라스틱류/욕실용품/24_X023_C196_1203/24_X023_C196_1203_2.jpg,Validation/labels/플라스틱류/욕실용품/24_X023_C196_1203/24_X023_C196_1203_2.json,0,플라스틱류/욕실용품,플라스틱류,욕실용품,플라스틱류/욕실용품,True,True,BOX,643.0,81.0,1312.0,679.0,669.0,598.0,0.19293113425925926,1.1187290969899666
Validation,Validation/images/플라스틱류/욕실용품/24_X023_C196_1203/24_X023_C196_1203_2.jpg,Validation/labels/플라스틱류/욕실용품/24_X023_C196_1203/24_X023_C196_1203_2.json,1,플라스틱류/욕실용품,플라스틱류,욕실용품,플라스틱류/욕실용품,True,True,BOX,937.0,802.0,1193.0,963.0,256.0,161.0,0.019876543209876543,1.5900621118012421
Validation,Validation/images/플라스틱류/욕실용품/24_X294_C501_0329/24_X294_C501_0329_3.jpg,Validation/labels/플라스틱류/욕실용품/24_X294_C501_0329/24_X294_C501_0329_3.json,0,플라스틱류/욕실용품,플라스틱류,욕실용품,플라스틱류/욕실용품,True,True,BOX,767.0,367.0,1221.0,1138.0,454.0,771.0,0.1265378275203887,0.5888456549935149
Validation,Validation/images/플라스틱류/장남감/24_X070_C509_0320/24_X070_C509_0320_1.jpg,Validation/labels/플라스틱류/장남감/24_X070_C509_0320/24_X070_C509_0320_1.json,0,플라스틱류/장남감,플라스틱류,장남감,플라스틱류/장남감,True,True,BOX,350.0,276.0,1363.0,759.0,1013.0,483.0,0.23561531560468285,2.0973084886128364
Validation,Validation/images/플라스틱류/장남감/24_X499_C999_0328/24_X499_C999_0328_0.jpg,Validation/labels/플라스틱류/장남감/24_X499_C999_0328/24_X499_C999_0328_0.json,0,플라스틱류/장남감,플라스틱류,장남감,플라스틱류/장남감,True,True,BOX,363.0,514.0,719.0,911.0,356.0,397.0,0.06812231283860644,0.8967254408060453
Validation,Validation/images/형광등/LED전구/25_X002_C023_1203/25_X002_C023_1203_4.jpg,Validation/labels/형광등/LED전구/25_X002_C023_1203/25_X002_C023_1203_4.json,0,형광등/LED전구,형광등,LED전구,형광등/LED전구,True,True,BOX,1221.0,163.0,1479.0,468.0,258.0,305.0,0.03794849537037037,0.8459016393442623
Validation,Validation/images/형광등/LED전구/25_X002_C023_1203/25_X002_C023_1203_4.jpg,Validation/labels/형광등/LED전구/25_X002_C023_1203/25_X002_C023_1203_4.json,1,형광등/LED전구,형광등,LED전구,형광등/LED전구,True,True,BOX,460.0,426.0,777.0,823.0,317.0,397.0,0.06069106867283951,0.7984886649874056
Validation,Validation/images/형광등/LED전구/25_X005_C194_1201/25_X005_C194_1201_0.jpg,Validation/labels/형광등/LED전구/25_X005_C194_1201/25_X005_C194_1201_0.json,0,형광등/LED전구,형광등,LED전구,형광등/LED전구,True,True,BOX,699.0,394.0,1196.0,755.0,497.0,361.0,0.08652440200617284,1.3767313019390581
Validation,Validation/images/형광등/백열전구/25_X008_C193_1208/25_X008_C193_1208_4.jpg,Validation/labels/형광등/백열전구/25_X008_C193_1208/25_X008_C193_1208_4.json,0,형광등/백열전구,형광등,백열전구,형광등/백열전구,True,True,BOX,940.0,459.0,1200.0,725.0,260.0,266.0,0.02501446759259259,0.9774436090225563
Validation,Validation/images/형광등/백열전구/25_X038_C509_0111/25_X038_C509_0111_4.jpg,Validation/labels/형광등/백열전구/25_X038_C509_0111/25_X038_C509_0111_4.json,0,형광등/백열전구,형광등,백열전구,형광등/백열전구,True,True,BOX,932.0,803.0,1121.0,1151.0,189.0,348.0,0.017841796875,0.5431034482758621
Validation,Validation/images/형광등/안정기내장형/25_X006_C061_1113/25_X006_C061_1113_2.jpg,Validation/labels/형광등/안정기내장형/25_X006_C061_1113/25_X006_C061_1113_2.json,0,형광등/안정기내장형,형광등,안정기내장형,형광등/안정기내장형,True,True,BOX,281.0,107.0,1249.0,558.0,968.0,451.0,0.21053626543209877,2.1463414634146343
Validation,Validation/images/형광등/안정기내장형/25_X052_C900_1225/25_X052_C900_1225_1.jpg,Validation/labels/형광등/안정기내장형/25_X052_C900_1225/25_X052_C900_1225_1.json,0,형광등/안정기내장형,형광등,안정기내장형,형광등/안정기내장형,True,True,BOX,378.0,204.0,1545.0,833.0,1167.0,629.0,0.35399450231481483,1.8553259141494436
Validation,Validation/images/형광등/직관형/25_X005_C038_1102/25_X005_C038_1102_3.jpg,Validation/labels/형광등/직관형/25_X005_C038_1102/25_X005_C038_1102_3.json,0,형광등/직관형,형광등,직관형,형광등/직관형,True,True,BOX,527.0,462.0,1503.0,546.0,976.0,84.0,0.029652777777777778,11.619047619047619
Validation,Validation/images/형광등/직관형/25_X311_C900_1104/25_X311_C900_1104_3.jpg,Validation/labels/형광등/직관형/25_X311_C900_1104/25_X311_C900_1104_3.json,0,형광등/직관형,형광등,직관형,형광등/직관형,True,True,BOX,415.0,74.0,1443.0,1305.0,1028.0,1231.0,0.4577068865740741,0.8350934199837531
Validation,Validation/images/형광등/콤팩트형/25_X003_C015_1030/25_X003_C015_1030_2.jpg,Validation/labels/형광등/콤팩트형/25_X003_C015_1030/25_X003_C015_1030_2.json,0,형광등/콤팩트형,형광등,콤팩트형,형광등/콤팩트형,True,True,BOX,851.0,352.0,1207.0,807.0,356.0,455.0,0.07811535493827161,0.7824175824175824
Validation,Validation/images/형광등/콤팩트형/25_X092_C900_1110/25_X092_C900_1110_1.jpg,Validation/labels/형광등/콤팩트형/25_X092_C900_1110/25_X092_C900_1110_1.json,0,형광등/콤팩트형,형광등,콤팩트형,형광등/콤팩트형,True,True,BOX,151.0,503.0,1616.0,694.0,1465.0,191.0,0.1349416473765432,7.670157068062827
Validation,Validation/images/형광등/환형/25_X006_C014_1201/25_X006_C014_1201_2.jpg,Validation/labels/형광등/환형/25_X006_C014_1201/25_X006_C014_1201_2.json,0,형광등/환형,형광등,환형,형광등/환형,True,True,BOX,590.0,334.0,1283.0,803.0,693.0,469.0,0.13543729372937294,1.4776119402985075
Validation,Validation/images/형광등/환형/25_X010_C331_1102/25_X010_C331_1102_4.jpg,Validation/labels/형광등/환형/25_X010_C331_1102/25_X010_C331_1102_4.json,0,형광등/환형,형광등,환형,형광등/환형,True,True,BOX,441.0,408.0,1424.0,1066.0,983.0,658.0,0.23394603587962962,1.493920972644377
