split,source_image_member,processed_image,class_id,class_name,source_geometry,x1,y1,x2,y2,x_center_norm,y_center_norm,width_norm,height_norm,bbox_area_ratio
train,Training/images/고철류/고철/12_X001_C024_1123/12_X001_C024_1123_1.jpg,12_X001_C024_1123_1.jpg,0,고철류/고철,BOX,86.0,379.0,1798.0,771.0,0.490625,0.5324074074074074,0.8916666666666667,0.362962962962963,0.32364197530864197
train,Training/images/고철류/고철/12_X002_C023_1211/12_X002_C023_1211_4.jpg,12_X002_C023_1211_4.jpg,0,고철류/고철,BOX,279.0,532.0,945.0,823.0,0.31875,0.6273148148148148,0.346875,0.26944444444444443,0.09346354166666666
train,Training/images/고철류/고철/12_X002_C023_1211/12_X002_C023_1211_4.jpg,12_X002_C023_1211_4.jpg,0,고철류/고철,BOX,1027.0,401.0,1623.0,692.0,0.6901041666666666,0.5060185185185185,0.3104166666666667,0.26944444444444443,0.0836400462962963
train,Training/images/고철류/고철/12_X003_C044_1105/12_X003_C044_1105_0.jpg,12_X003_C044_1105_0.jpg,0,고철류/고철,POLYGON->BOX,339.0,734.0,3327.0,1964.0,0.45461309523809523,0.4460978835978836,0.7410714285714286,0.40674603174603174,0.3014278628117914
train,Training/images/고철류/고철/12_X004_C055_1027/12_X004_C055_1027_4.jpg,12_X004_C055_1027_4.jpg,0,고철류/고철,BOX,687.0,198.0,1452.0,867.0,0.55703125,0.3697916666666667,0.3984375,0.46458333333333335,0.185107421875
train,Training/images/고철류/고철/12_X006_C195_1117/12_X006_C195_1117_3.jpg,12_X006_C195_1117_3.jpg,0,고철류/고철,BOX,781.0,279.0,1258.0,1012.0,0.5309895833333333,0.4482638888888889,0.2484375,0.5090277777777777,0.12646158854166667
train,Training/images/고철류/고철/12_X009_C024_1214/12_X009_C024_1214_5.jpg,12_X009_C024_1214_5.jpg,0,고철류/고철,BOX,767.0,197.0,1239.0,514.0,0.5223958333333333,0.32916666666666666,0.24583333333333332,0.2935185185185185,0.07215663580246913
train,Training/images/고철류/고철/12_X009_C024_1214/12_X009_C024_1214_5.jpg,12_X009_C024_1214_5.jpg,0,고철류/고철,BOX,748.0,591.0,1356.0,1002.0,0.5479166666666667,0.7375,0.31666666666666665,0.38055555555555554,0.12050925925925926
train,Training/images/고철류/고철/12_X010_C193_1208/12_X010_C193_1208_4.jpg,12_X010_C193_1208_4.jpg,0,고철류/고철,BOX,396.0,218.0,954.0,486.0,0.3515625,0.24444444444444444,0.290625,0.18611111111111112,0.05408854166666666
train,Training/images/고철류/고철/12_X010_C193_1208/12_X010_C193_1208_4.jpg,12_X010_C193_1208_4.jpg,0,고철류/고철,BOX,1065.0,268.0,1711.0,515.0,0.7229166666666667,0.271875,0.33645833333333336,0.17152777777777778,0.057711950231481485
train,Training/images/고철류/고철/12_X046_C900_1218/12_X046_C900_1218_0.jpg,12_X046_C900_1218_0.jpg,0,고철류/고철,POLYGON->BOX,614.0,980.0,775.0,1131.0,0.36171875,0.5497395833333333,0.08385416666666666,0.07864583333333333,0.006594780815972222
train,Training/images/고철류/고철/12_X058_C803_0218/12_X058_C803_0218_2.jpg,12_X058_C803_0218_2.jpg,0,고철류/고철,BOX,709.0,250.0,1225.0,857.0,0.5031217481789803,0.5120259019426457,0.2684703433922997,0.5615171137835338,0.15075069235811833
train,Training/images/고철류/골프채/12_X011_C976_0319/12_X011_C976_0319_0.jpg,12_X011_C976_0319_0.jpg,1,고철류/골프채,BOX,736.0,577.0,857.0,1705.0,0.553125,0.5939614783966684,0.08402777777777778,0.5871941697032795,0.04934062120423391
train,Training/images/고철류/골프채/12_X011_C979_0319/12_X011_C979_0319_3.jpg,12_X011_C979_0319_3.jpg,1,고철류/골프채,BOX,804.0,38.0,1138.0,981.0,0.5054659031754295,0.47175925925925927,0.17386777719937532,0.8731481481481481,0.1518123276842694
train,Training/images/고철류/골프채/12_X014_C500_0319/12_X014_C500_0319_4.jpg,12_X014_C500_0319_4.jpg,1,고철류/골프채,BOX,70.0,467.0,1252.0,735.0,0.45902777777777776,0.31285788651743884,0.8208333333333333,0.13951067152524727,0.11451500954364047
train,Training/images/고철류/골프채/12_X024_C979_0318/12_X024_C979_0318_0.jpg,12_X024_C979_0318_0.jpg,1,고철류/골프채,BOX,824.0,166.0,1072.0,761.0,0.493492972410203,0.42916666666666664,0.1290994273815721,0.5509259259259259,0.07112422156669944
train,Training/images/고철류/골프채/12_X027_C509_0328/12_X027_C509_0328_0.jpg,12_X027_C509_0328_0.jpg,1,고철류/골프채,BOX,166.0,742.0,1470.0,859.0,0.42581988547631444,0.5559027777777777,0.678813118167621,0.08125,0.05515356585111921
train,Training/images/고철류/골프채/12_X029_C973_0319/12_X029_C973_0319_3.jpg,12_X029_C973_0319_3.jpg,1,고철류/골프채,BOX,202.0,518.0,1432.0,1486.0,0.5673611111111111,0.521603331598126,0.8541666666666666,0.5039042165538782,0.4304181849731043
train,Training/images/고철류/골프채/12_X095_C973_0318/12_X095_C973_0318_3.jpg,12_X095_C973_0318_3.jpg,1,고철류/골프채,BOX,239.0,110.0,1685.0,1361.0,0.5007808433107757,0.5107638888888889,0.7527329515877147,0.86875,0.6539367516918272
train,Training/images/고철류/골프채/12_X105_C500_0319/12_X105_C500_0319_4.jpg,12_X105_C500_0319_4.jpg,1,고철류/골프채,BOX,41.0,542.0,1274.0,948.0,0.4565972222222222,0.38781884435190006,0.85625,0.21134825611660593,0.18096694429984383
train,Training/images/고철류/골프채/12_X169_C500_0319/12_X169_C500_0319_0.jpg,12_X169_C500_0319_0.jpg,1,고철류/골프채,BOX,555.0,305.0,669.0,952.0,0.425,0.3271733472149922,0.07916666666666666,0.3368037480478917,0.026663630053791427
train,Training/images/고철류/기타/12_X001_C055_0131/12_X001_C055_0131_1.jpg,12_X001_C055_0131_1.jpg,2,고철류/기타,BOX,516.0,360.0,1208.0,853.0,0.44849115504682624,0.561054579093432,0.3600416233090531,0.45605920444033304,0.1642002962917328
train,Training/images/고철류/기타/12_X005_C323_0201/12_X005_C323_0201_3.jpg,12_X005_C323_0201_3.jpg,2,고철류/기타,BOX,577.0,197.0,1392.0,814.0,0.5122268470343392,0.46762257169287696,0.42403746097814776,0.5707678075855689,0.24202693193664862
train,Training/images/고철류/기타/12_X006_C055_0131/12_X006_C055_0131_3.jpg,12_X006_C055_0131_3.jpg,2,고철류/기타,BOX,510.0,52.0,1106.0,843.0,0.42039542143600417,0.4139685476410731,0.3100936524453694,0.7317298797409806,0.22690479101229158
train,Training/images/고철류/기타/12_X008_C058_0201/12_X008_C058_0201_2.jpg,12_X008_C058_0201_2.jpg,2,고철류/기타,BOX,713.0,383.0,1323.0,991.0,0.5299323269130661,0.47708333333333336,0.3175429463820927,0.4222222222222222,0.1340736884724391
train,Training/images/고철류/기타/12_X010_C055_0129/12_X010_C055_0129_4.jpg,12_X010_C055_0129_4.jpg,2,고철류/기타,BOX,636.0,47.0,1600.0,642.0,0.5816857440166493,0.318686401480111,0.5015608740894901,0.5504162812210915,0.2760672711223373
train,Training/images/고철류/기타/12_X012_C058_0201/12_X012_C058_0201_0.jpg,12_X012_C058_0201_0.jpg,2,고철류/기타,BOX,967.0,171.0,1363.0,1232.0,0.6064549713690786,0.48715277777777777,0.20614263404476835,0.7368055555555556,0.1518870380010411
train,Training/images/고철류/기타/12_X014_C058_0201/12_X014_C058_0201_4.jpg,12_X014_C058_0201_4.jpg,2,고철류/기타,BOX,1033.0,438.0,1279.0,676.0,0.6017699115044248,0.38680555555555557,0.12805830296720458,0.16527777777777777,0.02116519174041298
train,Training/images/고철류/기타/12_X019_C171_0129/12_X019_C171_0129_3.jpg,12_X019_C171_0129_3.jpg,2,고철류/기타,BOX,325.0,268.0,1547.0,1173.0,0.4872462259239979,0.5003472222222223,0.6361270171785528,0.6284722222222222,0.39978816010179885
train,Training/images/고철류/기타/12_X022_C171_0129/12_X022_C171_0129_1.jpg,12_X022_C171_0129_1.jpg,2,고철류/기타,BOX,255.0,261.0,1609.0,1121.0,0.4851639770952629,0.4798611111111111,0.704841228526809,0.5972222222222222,0.420946844814622
train,Training/images/고철류/비철금속/12_X001_C022_0928/12_X001_C022_0928_0.jpg,12_X001_C022_0928_0.jpg,3,고철류/비철금속,BOX,391.0,385.0,1591.0,1342.0,0.5161458333333333,0.5996527777777778,0.625,0.6645833333333333,0.4153645833333333
train,Training/images/고철류/비철금속/12_X001_C162_1111/12_X001_C162_1111_2.jpg,12_X001_C162_1111_2.jpg,3,고철류/비철금속,BOX,824.0,361.0,1260.0,1178.0,0.5427083333333333,0.534375,0.22708333333333333,0.5673611111111111,0.12883825231481483
train,Training/images/고철류/비철금속/12_X001_C205_1005/12_X001_C205_1005_1.jpg,12_X001_C205_1005_1.jpg,3,고철류/비철금속,BOX,653.0,176.0,1320.0,800.0,0.5138020833333333,0.45185185185185184,0.34739583333333335,0.5777777777777777,0.2007175925925926
train,Training/images/고철류/비철금속/12_X004_C026_0924/12_X004_C026_0924_0.jpg,12_X004_C026_0924_0.jpg,3,고철류/비철금속,BOX,478.0,470.0,1503.0,1078.0,0.5158854166666667,0.5375,0.5338541666666666,0.4222222222222222,0.2254050925925926
train,Training/images/고철류/비철금속/12_X006_C189_1112/12_X006_C189_1112_1.jpg,12_X006_C189_1112_1.jpg,3,고철류/비철금속,BOX,425.0,490.0,1202.0,984.0,0.4236979166666667,0.38385416666666666,0.4046875,0.25729166666666664,0.10412272135416667
train,Training/images/고철류/비철금속/12_X008_C709_1215/12_X008_C709_1215_0.jpg,12_X008_C709_1215_0.jpg,3,고철류/비철금속,BOX,132.0,474.0,1824.0,834.0,0.509375,0.45416666666666666,0.88125,0.25,0.2203125
train,Training/images/고철류/비철금속/12_X010_C324_1123/12_X010_C324_1123_3.jpg,12_X010_C324_1123_3.jpg,3,고철류/비철금속,BOX,388.0,603.0,1861.0,776.0,0.5856770833333333,0.47881944444444446,0.7671875,0.12013888888888889,0.09216905381944444
train,Training/images/고철류/비철금속/12_X011_C187_1112/12_X011_C187_1112_2.jpg,12_X011_C187_1112_2.jpg,3,고철류/비철금속,BOX,553.0,131.0,1743.0,1287.0,0.5979166666666667,0.49236111111111114,0.6197916666666666,0.8027777777777778,0.49755497685185185
train,Training/images/고철류/비철금속/12_X024_C053_1111/12_X024_C053_1111_0.jpg,12_X024_C053_1111_0.jpg,3,고철류/비철금속,BOX,408.0,175.0,1526.0,933.0,0.5036458333333333,0.512962962962963,0.5822916666666667,0.7018518518518518,0.40868248456790124
train,Training/images/고철류/전기프라이팬/12_X001_C058_0202/12_X001_C058_0202_2.jpg,12_X001_C058_0202_2.jpg,4,고철류/전기프라이팬,BOX,435.0,168.0,1601.0,715.0,0.5299323269130661,0.30659722222222224,0.6069755335762623,0.3798611111111111,0.23056640060153855
train,Training/images/고철류/전기프라이팬/12_X001_C058_0202/12_X001_C058_0202_2.jpg,12_X001_C058_0202_2.jpg,11,나무/액자,BOX,873.0,949.0,1134.0,1155.0,0.5223841749089017,0.7305555555555555,0.13586673607496097,0.14305555555555555,0.01943649141072358
train,Training/images/고철류/전기프라이팬/12_X001_C163_0108/12_X001_C163_0108_4.jpg,12_X001_C163_0108_4.jpg,4,고철류/전기프라이팬,BOX,130.0,328.0,1664.0,872.0,0.46694429984383135,0.4166666666666667,0.7985424258198854,0.37777777777777777,0.3016715830875123
train,Training/images/고철류/전기프라이팬/12_X001_C171_1007/12_X001_C171_1007_3.jpg,12_X001_C171_1007_3.jpg,4,고철류/전기프라이팬,BOX,475.0,203.0,1288.0,1014.0,0.4591145833333333,0.42256944444444444,0.4234375,0.5631944444444444,0.23847764756944445
train,Training/images/고철류/전기프라이팬/12_X005_C187_1023/12_X005_C187_1023_1.jpg,12_X005_C187_1023_1.jpg,4,고철류/전기프라이팬,BOX,115.0,307.0,1828.0,963.0,0.5059895833333333,0.4409722222222222,0.8921875,0.45555555555555555,0.4064409722222222
train,Training/images/고철류/전기프라이팬/12_X009_C024_1112/12_X009_C024_1112_0.jpg,12_X009_C024_1112_0.jpg,4,고철류/전기프라이팬,BOX,144.0,197.0,1825.0,898.0,0.5127604166666667,0.3802083333333333,0.8755208333333333,0.48680555555555555,0.4262084056712963
train,Training/images/고철류/전기프라이팬/12_X009_C193_1116/12_X009_C193_1116_0.jpg,12_X009_C193_1116_0.jpg,4,고철류/전기프라이팬,BOX,387.0,272.0,1662.0,1041.0,0.53359375,0.45590277777777777,0.6640625,0.5340277777777778,0.3546278211805556
train,Training/images/고철류/전기프라이팬/12_X012_C188_1127/12_X012_C188_1127_2.jpg,12_X012_C188_1127_2.jpg,4,고철류/전기프라이팬,BOX,512.0,186.0,1437.0,1242.0,0.5075520833333333,0.49583333333333335,0.4817708333333333,0.7333333333333333,0.3532986111111111
train,Training/images/고철류/전기프라이팬/12_X012_C331_1117/12_X012_C331_1117_1.jpg,12_X012_C331_1117_1.jpg,4,고철류/전기프라이팬,BOX,278.0,491.0,1726.0,941.0,0.521603331598126,0.49722222222222223,0.7537740760020822,0.3125,0.2355543987506507
train,Training/images/고철류/전기프라이팬/12_X062_C709_1216/12_X062_C709_1216_2.jpg,12_X062_C709_1216_2.jpg,4,고철류/전기프라이팬,BOX,296.0,437.0,1347.0,1243.0,0.4278645833333333,0.5833333333333334,0.5473958333333333,0.5597222222222222,0.3063896122685185
train,Training/images/고철류/주전자/12_X001_C331_1210/12_X001_C331_1210_4.jpg,12_X001_C331_1210_4.jpg,5,고철류/주전자,BOX,143.0,348.0,813.0,879.0,0.24895833333333334,0.42604166666666665,0.3489583333333333,0.36875,0.12867838541666668
train,Training/images/고철류/주전자/12_X001_C331_1210/12_X001_C331_1210_4.jpg,12_X001_C331_1210_4.jpg,0,고철류/고철,BOX,995.0,629.0,1645.0,1168.0,0.6875,0.6239583333333333,0.3385416666666667,0.37430555555555556,0.12671802662037038
train,Training/images/고철류/주전자/12_X001_C333_1110/12_X001_C333_1110_2.jpg,12_X001_C333_1110_2.jpg,5,고철류/주전자,BOX,570.0,109.0,1461.0,804.0,0.4448094612352168,0.42268518518518516,0.3902759526938239,0.6435185185185185,0.25114980289093297
train,Training/images/고철류/주전자/12_X002_C194_1023/12_X002_C194_1023_0.jpg,12_X002_C194_1023_0.jpg,5,고철류/주전자,BOX,655.0,105.0,1178.0,777.0,0.47734375,0.4083333333333333,0.27239583333333334,0.6222222222222222,0.16949074074074075
train,Training/images/고철류/주전자/12_X005_C189_1123/12_X005_C189_1123_0.jpg,12_X005_C189_1123_0.jpg,5,고철류/주전자,BOX,917.0,161.0,1201.0,781.0,0.5515625,0.2453125,0.14791666666666667,0.3229166666666667,0.047764756944444445
train,Training/images/고철류/주전자/12_X006_C331_1118/12_X006_C331_1118_4.jpg,12_X006_C331_1118_4.jpg,5,고철류/주전자,BOX,310.0,261.0,1371.0,1109.0,0.43776041666666665,0.4756944444444444,0.5526041666666667,0.5888888888888889,0.3254224537037037
train,Training/images/고철류/주전자/12_X008_C058_1105/12_X008_C058_1105_1.jpg,12_X008_C058_1105_1.jpg,5,고철류/주전자,BOX,682.0,240.0,1432.0,1203.0,0.5505208333333333,0.5010416666666667,0.390625,0.66875,0.26123046875
train,Training/images/고철류/주전자/12_X009_C172_1127/12_X009_C172_1127_3.jpg,12_X009_C172_1127_3.jpg,5,고철류/주전자,BOX,777.0,532.0,1248.0,977.0,0.52734375,0.5239583333333333,0.2453125,0.3090277777777778,0.07580837673611111
train,Training/images/고철류/주전자/12_X011_C178_1127/12_X011_C178_1127_4.jpg,12_X011_C178_1127_4.jpg,5,고철류/주전자,BOX,594.0,217.0,1350.0,1094.0,0.5059864653826133,0.4552083333333333,0.3935450286309214,0.6090277777777777,0.23967985424258198
train,Training/images/고철류/주전자/12_X021_C172_0107/12_X021_C172_0107_2.jpg,12_X021_C172_0107_2.jpg,5,고철류/주전자,BOX,685.0,312.0,1381.0,907.0,0.5380208333333333,0.4232638888888889,0.3625,0.4131944444444444,0.1497829861111111
train,Training/images/고철류/철옷걸이/12_X001_C211_1208/12_X001_C211_1208_3.jpg,12_X001_C211_1208_3.jpg,6,고철류/철옷걸이,BOX,807.0,153.0,1088.0,477.0,0.4934895833333333,0.21875,0.14635416666666667,0.225,0.0329296875
train,Training/images/고철류/철옷걸이/12_X001_C211_1208/12_X001_C211_1208_3.jpg,12_X001_C211_1208_3.jpg,6,고철류/철옷걸이,BOX,690.0,661.0,1164.0,1267.0,0.4828125,0.6694444444444444,0.246875,0.42083333333333334,0.10389322916666667
train,Training/images/고철류/철옷걸이/12_X003_C163_1202/12_X003_C163_1202_2.jpg,12_X003_C163_1202_2.jpg,6,고철류/철옷걸이,BOX,1023.0,641.0,1742.0,975.0,0.7200520833333334,0.5611111111111111,0.37447916666666664,0.23194444444444445,0.08685836226851852
train,Training/images/고철류/철옷걸이/12_X003_C163_1202/12_X003_C163_1202_2.jpg,12_X003_C163_1202_2.jpg,6,고철류/철옷걸이,BOX,113.0,660.0,926.0,1023.0,0.27057291666666666,0.584375,0.4234375,0.2520833333333333,0.10674153645833333
train,Training/images/고철류/철옷걸이/12_X006_C163_1207/12_X006_C163_1207_0.jpg,12_X006_C163_1207_0.jpg,6,고철류/철옷걸이,BOX,276.0,349.0,637.0,1135.0,0.23776041666666667,0.5152777777777777,0.18802083333333333,0.5458333333333333,0.10262803819444444
train,Training/images/고철류/철옷걸이/12_X006_C163_1207/12_X006_C163_1207_0.jpg,12_X006_C163_1207_0.jpg,6,고철류/철옷걸이,BOX,1068.0,393.0,1341.0,1044.0,0.62734375,0.49895833333333334,0.1421875,0.45208333333333334,0.06428059895833334
train,Training/images/고철류/철옷걸이/12_X006_C169_1123/12_X006_C169_1123_4.jpg,12_X006_C169_1123_4.jpg,6,고철류/철옷걸이,BOX,550.0,95.0,1221.0,809.0,0.46095783446121813,0.4181313598519889,0.3492972410203019,0.6604995374653099,0.2307106661318183
train,Training/images/고철류/철옷걸이/12_X008_C052_1022/12_X008_C052_1022_2.jpg,12_X008_C052_1022_2.jpg,6,고철류/철옷걸이,BOX,208.0,470.0,1909.0,1128.0,0.5513020833333333,0.5548611111111111,0.8859375,0.45694444444444443,0.40482421875
train,Training/images/고철류/철옷걸이/12_X008_C169_1120/12_X008_C169_1120_1.jpg,12_X008_C169_1120_1.jpg,6,고철류/철옷걸이,BOX,390.0,241.0,1681.0,868.0,0.5393229166666667,0.38506944444444446,0.6723958333333333,0.4354166666666667,0.29277235243055555
train,Training/images/고철류/철옷걸이/12_X025_C193_1123/12_X025_C193_1123_1.jpg,12_X025_C193_1123_1.jpg,6,고철류/철옷걸이,BOX,533.0,228.0,1718.0,1088.0,0.5861979166666667,0.45694444444444443,0.6171875,0.5972222222222222,0.3685980902777778
train,Training/images/고철류/철옷걸이/12_X062_C509_0409/12_X062_C509_0409_3.jpg,12_X062_C509_0409_3.jpg,6,고철류/철옷걸이,POLYGON->BOX,442.0,426.0,1478.0,1115.0,0.4997397188964081,0.5350694444444445,0.5393024466423738,0.47847222222222224,0.258041240094858
train,Training/images/고철류/철옷걸이/12_X087_C058_0129/12_X087_C058_0129_0.jpg,12_X087_C058_0129_0.jpg,6,고철류/철옷걸이,BOX,461.0,305.0,1721.0,788.0,0.5679333680374805,0.3795138888888889,0.6559083810515357,0.33541666666666664,0.22000260281103592
train,Training/images/고철류/프라이팬/12_X001_C169_1102/12_X001_C169_1102_1.jpg,12_X001_C169_1102_1.jpg,7,고철류/프라이팬,BOX,591.0,102.0,1297.0,1188.0,0.49166666666666664,0.4479166666666667,0.36770833333333336,0.7541666666666667,0.27731336805555556
train,Training/images/고철류/프라이팬/12_X001_C190_1113/12_X001_C190_1113_3.jpg,12_X001_C190_1113_3.jpg,7,고철류/프라이팬,BOX,285.0,352.0,1414.0,921.0,0.44244791666666666,0.4420138888888889,0.5880208333333333,0.3951388888888889,0.23234989872685186
train,Training/images/고철류/프라이팬/12_X002_C331_1127/12_X002_C331_1127_3.jpg,12_X002_C331_1127_3.jpg,7,고철류/프라이팬,BOX,264.0,551.0,1675.0,1174.0,0.5049479166666667,0.5989583333333334,0.7348958333333333,0.4326388888888889,0.3179445167824074
train,Training/images/고철류/프라이팬/12_X005_C015_1119/12_X005_C015_1119_4.jpg,12_X005_C015_1119_4.jpg,7,고철류/프라이팬,BOX,415.0,130.0,1284.0,930.0,0.44244791666666666,0.49074074074074076,0.45260416666666664,0.7407407407407407,0.33526234567901236
train,Training/images/고철류/프라이팬/12_X008_C331_1103/12_X008_C331_1103_1.jpg,12_X008_C331_1103_1.jpg,7,고철류/프라이팬,BOX,103.0,472.0,1529.0,990.0,0.425,0.5076388888888889,0.7427083333333333,0.3597222222222222,0.2671686921296296
train,Training/images/고철류/프라이팬/12_X013_C172_0127/12_X013_C172_0127_3.jpg,12_X013_C172_0127_3.jpg,7,고철류/프라이팬,BOX,506.0,415.0,862.0,1025.0,0.3560645497136908,0.5,0.185320145757418,0.4236111111111111,0.0785036728555729
train,Training/images/고철류/프라이팬/12_X019_C058_1127/12_X019_C058_1127_0.jpg,12_X019_C058_1127_0.jpg,7,고철류/프라이팬,BOX,151.0,224.0,1767.0,885.0,0.49947916666666664,0.38506944444444446,0.8416666666666667,0.45902777777777776,0.38634837962962965
train,Training/images/고철류/프라이팬/12_X043_C520_0414/12_X043_C520_0414_1.jpg,12_X043_C520_0414_1.jpg,7,고철류/프라이팬,POLYGON->BOX,462.0,147.0,1371.0,729.0,0.47734375,0.40555555555555556,0.4734375,0.5388888888888889,0.25513020833333333
train,Training/images/고철류/프라이팬/12_X049_C520_0414/12_X049_C520_0414_4.jpg,12_X049_C520_0414_4.jpg,7,고철류/프라이팬,POLYGON->BOX,434.0,146.0,1517.0,1095.0,0.5078084331077564,0.4309027777777778,0.5637688703800104,0.6590277777777778,0.3715393458268263
train,Training/images/나무/기타/13_X001_C187_1215/13_X001_C187_1215_2.jpg,13_X001_C187_1215_2.jpg,8,나무/기타,BOX,656.0,278.0,1241.0,933.0,0.4940104166666667,0.4204861111111111,0.3046875,0.4548611111111111,0.13859049479166666
train,Training/images/나무/기타/13_X001_C806_0925/13_X001_C806_0925_2.jpg,13_X001_C806_0925_2.jpg,8,나무/기타,BOX,842.0,718.0,1122.0,1762.0,0.6819444444444445,0.6454971369078605,0.19444444444444445,0.5434669442998439,0.10567412805830297
train,Training/images/나무/기타/13_X002_C323_1214/13_X002_C323_1214_2.jpg,13_X002_C323_1214_2.jpg,8,나무/기타,BOX,568.0,496.0,1196.0,932.0,0.459375,0.6611111111111111,0.32708333333333334,0.40370370370370373,0.13204475308641975
train,Training/images/나무/기타/13_X002_C323_1214/13_X002_C323_1214_2.jpg,13_X002_C323_1214_2.jpg,8,나무/기타,BOX,848.0,195.0,1181.0,415.0,0.5283854166666667,0.2824074074074074,0.1734375,0.2037037037037037,0.03532986111111111
train,Training/images/나무/기타/13_X002_C509_0124/13_X002_C509_0124_4.jpg,13_X002_C509_0124_4.jpg,8,나무/기타,BOX,885.0,600.0,1152.0,1096.0,0.530192608016658,0.5888888888888889,0.13899010931806352,0.34444444444444444,0.047874370987332986
train,Training/images/나무/기타/13_X005_C801_0217/13_X005_C801_0217_2.jpg,13_X005_C801_0217_2.jpg,8,나무/기타,BOX,481.0,207.0,1380.0,614.0,0.4843831337844872,0.379740980573543,0.46798542425819883,0.37650323774283073,0.17619802744966415
train,Training/images/나무/기타/13_X009_C055_1211/13_X009_C055_1211_3.jpg,13_X009_C055_1211_3.jpg,8,나무/기타,BOX,140.0,217.0,637.0,576.0,0.20234375,0.36712962962962964,0.25885416666666666,0.33240740740740743,0.0860450424382716
train,Training/images/나무/기타/13_X009_C055_1211/13_X009_C055_1211_3.jpg,13_X009_C055_1211_3.jpg,8,나무/기타,BOX,622.0,146.0,1656.0,939.0,0.5932291666666667,0.5023148148148148,0.5385416666666667,0.7342592592592593,0.3954292052469136
train,Training/images/나무/기타/13_X015_C802_0221/13_X015_C802_0221_2.jpg,13_X015_C802_0221_2.jpg,8,나무/기타,POLYGON->BOX,183.0,309.0,1920.0,1248.0,0.5473711608537221,0.540625,0.9042165538781884,0.6520833333333333,0.5896245445080687
train,Training/images/나무/기타/13_X018_C710_1215/13_X018_C710_1215_0.jpg,13_X018_C710_1215_0.jpg,8,나무/기타,BOX,207.0,450.0,1244.0,1697.0,0.5038194444444445,0.5591145833333333,0.7201388888888889,0.6494791666666667,0.4677152054398148
train,Training/images/나무/기타/13_X052_C024_0224/13_X052_C024_0224_1.jpg,13_X052_C024_0224_1.jpg,8,나무/기타,BOX,346.0,211.0,1346.0,249.0,0.4403956272774597,0.21296296296296297,0.5205622071837585,0.03518518518518519,0.01831607766016928
train,Training/images/나무/기타/13_X052_C024_0224/13_X052_C024_0224_1.jpg,13_X052_C024_0224_1.jpg,8,나무/기타,BOX,282.0,568.0,1476.0,688.0,0.45757418011452367,0.5814814814814815,0.6215512753774076,0.1111111111111111,0.06906125281971195
train,Training/images/나무/나무행거/13_X001_C033_1020/13_X001_C033_1020_1.jpg,13_X001_C033_1020_1.jpg,9,나무/나무행거,BOX,130.0,344.0,1829.0,862.0,0.51015625,0.41875,0.8848958333333333,0.3597222222222222,0.31831669560185183
train,Training/images/나무/나무행거/13_X001_C042_1014/13_X001_C042_1014_0.jpg,13_X001_C042_1014_0.jpg,9,나무/나무행거,BOX,619.0,400.0,1150.0,960.0,0.46067708333333335,0.4722222222222222,0.2765625,0.3888888888888889,0.10755208333333334
train,Training/images/나무/나무행거/13_X001_C323_0208/13_X001_C323_0208_0.jpg,13_X001_C323_0208_0.jpg,9,나무/나무행거,BOX,728.0,362.0,1219.0,602.0,0.5065036420395421,0.44588344125809437,0.2554630593132154,0.22201665124884365,0.05671705294650481
train,Training/images/나무/나무행거/13_X001_C323_1202/13_X001_C323_1202_4.jpg,13_X001_C323_1202_4.jpg,9,나무/나무행거,BOX,438.0,268.0,1528.0,794.0,0.5119791666666667,0.49166666666666664,0.5677083333333334,0.48703703703703705,0.2764949845679012
train,Training/images/나무/나무행거/13_X002_C509_1229/13_X002_C509_1229_1.jpg,13_X002_C509_1229_1.jpg,9,나무/나무행거,BOX,454.0,221.0,1301.0,1844.0,0.45703125,0.5377604166666666,0.44114583333333335,0.8453125,0.37290608723958335
train,Training/images/나무/나무행거/13_X004_C704_1231/13_X004_C704_1231_4.jpg,13_X004_C704_1231_4.jpg,9,나무/나무행거,BOX,395.0,103.0,1575.0,1284.0,0.5130208333333334,0.48159722222222223,0.6145833333333334,0.8201388888888889,0.5040436921296296
train,Training/images/나무/나무행거/13_X005_C331_1117/13_X005_C331_1117_1.jpg,13_X005_C331_1117_1.jpg,9,나무/나무행거,BOX,383.0,516.0,1303.0,1027.0,0.43883394065590836,0.5357638888888889,0.4789172306090578,0.3548611111111111,0.16994910058418647
train,Training/images/나무/나무행거/13_X011_C187_1215/13_X011_C187_1215_2.jpg,13_X011_C187_1215_2.jpg,9,나무/나무행거,BOX,711.0,188.0,1094.0,1024.0,0.4700520833333333,0.42083333333333334,0.19947916666666668,0.5805555555555556,0.11580873842592593
train,Training/images/나무/나무행거/13_X031_C211_0108/13_X031_C211_0108_4.jpg,13_X031_C211_0108_4.jpg,9,나무/나무행거,BOX,945.0,429.0,1135.0,851.0,0.5416666666666666,0.4444444444444444,0.09895833333333333,0.29305555555555557,0.029000289351851852
train,Training/images/나무/도마/13_X003_C332_1124/13_X003_C332_1124_2.jpg,13_X003_C332_1124_2.jpg,10,나무/도마,BOX,434.0,237.0,1590.0,783.0,0.46808510638297873,0.47178538390379277,0.5346901017576319,0.5050878815911193,0.2700654908045023
train,Training/images/나무/도마/13_X004_C052_1109/13_X004_C052_1109_2.jpg,13_X004_C052_1109_2.jpg,10,나무/도마,BOX,465.0,51.0,1513.0,1232.0,0.5151041666666667,0.44548611111111114,0.5458333333333333,0.8201388888888889,0.44765914351851854
train,Training/images/나무/도마/13_X005_C193_1201/13_X005_C193_1201_2.jpg,13_X005_C193_1201_2.jpg,10,나무/도마,BOX,342.0,189.0,1593.0,1317.0,0.5036439354502863,0.5229166666666667,0.6512233211868819,0.7833333333333333,0.5101249349297241
train,Training/images/나무/도마/13_X005_C329_1124_5/13_X005_C329_1124_5_4.jpg,13_X005_C329_1124_5_4.jpg,10,나무/도마,BOX,678.0,558.0,1217.0,1362.0,0.4934895833333333,0.5,0.28072916666666664,0.41875,0.11755533854166667
train,Training/images/나무/도마/13_X006_C554_0123/13_X006_C554_0123_0.jpg,13_X006_C554_0123_0.jpg,10,나무/도마,BOX,747.0,624.0,1301.0,810.0,0.5333333333333333,0.4979166666666667,0.28854166666666664,0.12916666666666668,0.037269965277777775
train,Training/images/나무/도마/13_X007_C509_0329/13_X007_C509_0329_0.jpg,13_X007_C509_0329_0.jpg,10,나무/도마,BOX,453.0,668.0,1099.0,1411.0,0.5388888888888889,0.5411244143675169,0.4486111111111111,0.3867777199375325,0.17351278269419862
train,Training/images/나무/도마/13_X008_C331_1106/13_X008_C331_1106_1.jpg,13_X008_C331_1106_1.jpg,10,나무/도마,BOX,518.0,659.0,1549.0,1066.0,0.53828125,0.5989583333333334,0.5369791666666667,0.2826388888888889,0.15177119502314815
train,Training/images/나무/도마/13_X014_C187_1215/13_X014_C187_1215_0.jpg,13_X014_C187_1215_0.jpg,10,나무/도마,BOX,424.0,342.0,1493.0,1080.0,0.49921875,0.49375,0.5567708333333333,0.5125,0.28534505208333333
train,Training/images/나무/도마/13_X156_C050_0227/13_X156_C050_0227_0.jpg,13_X156_C050_0227_0.jpg,10,나무/도마,BOX,541.0,292.0,1216.0,838.0,0.4573138990109318,0.5231481481481481,0.35137948984903694,0.5055555555555555,0.17764185320145756
train,Training/images/나무/액자/13_X001_C052_1026/13_X001_C052_1026_1.jpg,13_X001_C052_1026_1.jpg,11,나무/액자,BOX,149.0,355.0,1856.0,993.0,0.5221354166666666,0.46805555555555556,0.8890625,0.44305555555555554,0.3939040798611111
train,Training/images/나무/액자/13_X001_C187_1118/13_X001_C187_1118_1.jpg,13_X001_C187_1118_1.jpg,11,나무/액자,BOX,370.0,154.0,1590.0,1104.0,0.5104166666666666,0.43680555555555556,0.6354166666666666,0.6597222222222222,0.41919849537037035
train,Training/images/나무/액자/13_X002_C331_1211/13_X002_C331_1211_3.jpg,13_X002_C331_1211_3.jpg,11,나무/액자,BOX,262.0,463.0,820.0,1071.0,0.28177083333333336,0.5326388888888889,0.290625,0.4222222222222222,0.12270833333333334
train,Training/images/나무/액자/13_X002_C331_1211/13_X002_C331_1211_3.jpg,13_X002_C331_1211_3.jpg,11,나무/액자,BOX,1015.0,495.0,1571.0,1050.0,0.6734375,0.5364583333333334,0.28958333333333336,0.3854166666666667,0.11161024305555556
train,Training/images/나무/액자/13_X006_C163_1118/13_X006_C163_1118_2.jpg,13_X006_C163_1118_2.jpg,11,나무/액자,BOX,688.0,67.0,1187.0,991.0,0.48828125,0.4898148148148148,0.2598958333333333,0.8555555555555555,0.22235532407407407
train,Training/images/나무/액자/13_X025_C042_0225/13_X025_C042_0225_3.jpg,13_X025_C042_0225_3.jpg,11,나무/액자,BOX,135.0,474.0,839.0,842.0,0.25351379489849035,0.6092592592592593,0.36647579385736595,0.34074074074074073,0.12487323346250988
train,Training/images/나무/액자/13_X025_C042_0225/13_X025_C042_0225_3.jpg,13_X025_C042_0225_3.jpg,11,나무/액자,BOX,822.0,205.0,1108.0,391.0,0.5023425299323269,0.2759259259259259,0.14888079125455492,0.17222222222222222,0.025640580716062237
train,Training/images/나무/액자/13_X059_C500_0317/13_X059_C500_0317_4.jpg,13_X059_C500_0317_4.jpg,11,나무/액자,BOX,755.0,140.0,1417.0,954.0,0.5653305570015617,0.5064814814814815,0.3446121811556481,0.7537037037037037,0.25973547727842367
train,Training/images/나무/액자/13_X194_C050_0224/13_X194_C050_0224_2.jpg,13_X194_C050_0224_2.jpg,11,나무/액자,BOX,401.0,474.0,1059.0,973.0,0.3800104112441437,0.6699074074074074,0.3425299323269131,0.462037037037037,0.1582615150288237
train,Training/images/나무/액자/13_X194_C050_0224/13_X194_C050_0224_2.jpg,13_X194_C050_0224_2.jpg,11,나무/액자,BOX,384.0,120.0,876.0,382.0,0.32795419052576785,0.2324074074074074,0.25611660593440916,0.24259259259259258,0.0621319914396437
train,Training/images/나무/액자/13_X198_C509_0314/13_X198_C509_0314_3.jpg,13_X198_C509_0314_3.jpg,11,나무/액자,BOX,553.0,439.0,1458.0,1271.0,0.5234252993232691,0.59375,0.4711087975013014,0.5777777777777777,0.272196194111863
train,Training/images/나무/액자/13_X268_C509_0314/13_X268_C509_0314_0.jpg,13_X268_C509_0314_0.jpg,11,나무/액자,BOX,656.0,513.0,1103.0,1045.0,0.45783446121811555,0.5409722222222222,0.23269130661114004,0.36944444444444446,0.08596651049800451
train,Training/images/나무/장식품/13_X001_C024_1126/13_X001_C024_1126_3.jpg,13_X001_C024_1126_3.jpg,12,나무/장식품,BOX,625.0,135.0,1458.0,835.0,0.5424479166666667,0.44907407407407407,0.43385416666666665,0.6481481481481481,0.28120177469135804
train,Training/images/나무/장식품/13_X002_C187_1110/13_X002_C187_1110_0.jpg,13_X002_C187_1110_0.jpg,12,나무/장식품,BOX,514.0,226.0,1528.0,1078.0,0.5317708333333333,0.4527777777777778,0.528125,0.5916666666666667,0.31247395833333336
train,Training/images/나무/장식품/13_X003_C042_1020/13_X003_C042_1020_1.jpg,13_X003_C042_1020_1.jpg,12,나무/장식품,BOX,634.0,311.0,1512.0,1139.0,0.5588541666666667,0.5034722222222222,0.45729166666666665,0.575,0.26294270833333333
train,Training/images/나무/장식품/13_X003_C173_1118/13_X003_C173_1118_1.jpg,13_X003_C173_1118_1.jpg,12,나무/장식품,BOX,396.0,242.0,1559.0,970.0,0.5091145833333334,0.42083333333333334,0.6057291666666667,0.5055555555555555,0.30622974537037034
train,Training/images/나무/장식품/13_X004_C162_1221/13_X004_C162_1221_4.jpg,13_X004_C162_1221_4.jpg,12,나무/장식품,BOX,760.0,390.0,1351.0,493.0,0.5497395833333333,0.30659722222222224,0.3078125,0.07152777777777777,0.022017144097222222
train,Training/images/나무/장식품/13_X017_C710_1218/13_X017_C710_1218_3.jpg,13_X017_C710_1218_3.jpg,12,나무/장식품,BOX,451.0,158.0,1380.0,774.0,0.41220171094101754,0.43148148148148147,0.41828005402971635,0.5703703703703704,0.23857454933546784
train,Training/images/나무/장식품/13_X034_C509_0107/13_X034_C509_0107_1.jpg,13_X034_C509_0107_1.jpg,12,나무/장식품,BOX,43.0,317.0,1808.0,376.0,0.48203125,0.240625,0.9192708333333334,0.04097222222222222,0.03766456886574074
train,Training/images/나무/장식품/13_X039_C509_0315/13_X039_C509_0315_0.jpg,13_X039_C509_0315_0.jpg,12,나무/장식품,BOX,828.0,619.0,1169.0,968.0,0.5197813638729828,0.5510416666666667,0.17751171264966165,0.2423611111111111,0.04302193591300827
train,Training/images/나무/장식품/13_X043_C163_0108/13_X043_C163_0108_2.jpg,13_X043_C163_0108_2.jpg,12,나무/장식품,BOX,493.0,346.0,1488.0,1062.0,0.5156168662155127,0.4888888888888889,0.5179593961478397,0.49722222222222223,0.25754092197350914
train,Training/images/나무/주걱/13_X019_C056_0303/13_X019_C056_0303_0.jpg,13_X019_C056_0303_0.jpg,13,나무/주걱,BOX,703.0,583.0,1066.0,666.0,0.46043727225403436,0.5777058279370952,0.18896408120770433,0.07678075855689177,0.014508805495133635
train,Training/images/나무/주걱/13_X021_C587_0305/13_X021_C587_0305_0.jpg,13_X021_C587_0305_0.jpg,13,나무/주걱,BOX,710.0,430.0,1137.0,543.0,0.4807391983342009,0.45046296296296295,0.22228006246746487,0.10462962962962963,0.023257080610021786
train,Training/images/나무/주걱/13_X052_C509_0314/13_X052_C509_0314_1.jpg,13_X052_C509_0314_1.jpg,13,나무/주걱,BOX,699.0,263.0,1019.0,1577.0,0.5965277777777778,0.4789172306090578,0.2222222222222222,0.6840187402394586,0.15200416449765747
train,Training/images/나무/주걱/13_X055_C589_0304/13_X055_C589_0304_3.jpg,13_X055_C589_0304_3.jpg,13,나무/주걱,BOX,965.0,111.0,1211.0,803.0,0.5663716814159292,0.4227567067530065,0.12805830296720458,0.6401480111008325,0.08197626794940385
train,Training/images/나무/주걱/13_X065_C589_0304/13_X065_C589_0304_3.jpg,13_X065_C589_0304_3.jpg,13,나무/주걱,BOX,843.0,161.0,1114.0,868.0,0.5093701197293077,0.4759481961147086,0.14107235814679855,0.6540240518038853,0.09226471527269803
train,Training/images/나무/주걱/13_X190_C050_0226/13_X190_C050_0226_0.jpg,13_X190_C050_0226_0.jpg,13,나무/주걱,BOX,451.0,429.0,1245.0,669.0,0.44143675169182717,0.5083333333333333,0.41332639250390424,0.2222222222222222,0.09185030944531204
train,Training/images/나무/주걱/13_X256_C509_0329/13_X256_C509_0329_3.jpg,13_X256_C509_0329_3.jpg,13,나무/주걱,BOX,214.0,464.0,1197.0,818.0,0.3672566371681416,0.44513888888888886,0.5117126496616345,0.24583333333333332,0.12579602637515183
train,Training/images/나무/주걱/13_X274_C509_0314/13_X274_C509_0314_2.jpg,13_X274_C509_0314_2.jpg,13,나무/주걱,BOX,427.0,490.0,966.0,1514.0,0.48368055555555556,0.521603331598126,0.37430555555555556,0.5330557001561687,0.19952570998901034
train,Training/images/나무/주걱/13_X466_C509_0329/13_X466_C509_0329_4.jpg,13_X466_C509_0329_4.jpg,13,나무/주걱,BOX,426.0,494.0,1376.0,870.0,0.4690265486725664,0.4736111111111111,0.49453409682457056,0.2611111111111111,0.1291283475041934
train,Training/images/나무/주방용품/13_X014_C509_0329/13_X014_C509_0329_0.jpg,13_X014_C509_0329_0.jpg,14,나무/주방용품,BOX,1039.0,444.0,1177.0,842.0,0.5767829255596044,0.4465277777777778,0.07183758459135867,0.2763888888888889,0.01985511018566719
train,Training/images/나무/주방용품/13_X019_C999_0328/13_X019_C999_0328_0.jpg,13_X019_C999_0328_0.jpg,14,나무/주방용품,POLYGON->BOX,246.0,633.0,704.0,1192.0,0.4398148148148148,0.4750130140551796,0.42407407407407405,0.29099427381572096,0.12340312722925945
train,Training/images/나무/주방용품/13_X030_C509_0315/13_X030_C509_0315_3.jpg,13_X030_C509_0315_3.jpg,14,나무/주방용품,BOX,929.0,277.0,1090.0,1175.0,0.5255075481520042,0.5041666666666667,0.08381051535658511,0.6236111111111111,0.052265168604314884
train,Training/images/나무/주방용품/13_X035_C024_0225/13_X035_C024_0225_3.jpg,13_X035_C024_0225_3.jpg,14,나무/주방용품,BOX,793.0,193.0,929.0,615.0,0.44820406038521604,0.37407407407407406,0.07079646017699115,0.3907407407407407,0.027663061291379874
train,Training/images/나무/주방용품/13_X035_C024_0225/13_X035_C024_0225_3.jpg,13_X035_C024_0225_3.jpg,14,나무/주방용품,BOX,1015.0,205.0,1296.0,621.0,0.6015096304008329,0.3824074074074074,0.14627798021863614,0.3851851851851852,0.056344110899030214
train,Training/images/나무/주방용품/13_X056_C999_0320/13_X056_C999_0320_1.jpg,13_X056_C999_0320_1.jpg,14,나무/주방용품,POLYGON->BOX,568.0,82.0,1303.0,912.0,0.486985944820406,0.4601851851851852,0.38261322228006245,0.7685185185185185,0.29404534675227023
train,Training/images/나무/주방용품/13_X123_C589_0304/13_X123_C589_0304_4.jpg,13_X123_C589_0304_4.jpg,12,나무/장식품,BOX,802.0,372.0,967.0,503.0,0.46043727225403436,0.4047178538390379,0.08589276418532014,0.1211840888066605,0.010408836362883384
train,Training/images/나무/주방용품/13_X123_C589_0304/13_X123_C589_0304_4.jpg,13_X123_C589_0304_4.jpg,14,나무/주방용품,BOX,604.0,653.0,956.0,790.0,0.4060385216033316,0.6674375578168362,0.18323789692868298,0.1267345050878816,0.023222564180600896
train,Training/images/나무/주방용품/13_X140_C023_0305/13_X140_C023_0305_1.jpg,13_X140_C023_0305_1.jpg,11,나무/액자,BOX,852.0,135.0,1289.0,549.0,0.5572618427902134,0.31637372802960223,0.22748568453930246,0.3829787234042553,0.0871221770576052
train,Training/images/나무/주방용품/13_X140_C023_0305/13_X140_C023_0305_1.jpg,13_X140_C023_0305_1.jpg,14,나무/주방용품,BOX,658.0,714.0,1446.0,903.0,0.547631441957314,0.7479185938945421,0.41020301926080166,0.17483811285846437,0.07171912177640288
train,Training/images/나무/주방용품/13_X150_C500_0317/13_X150_C500_0317_0.jpg,13_X150_C500_0317_0.jpg,14,나무/주방용품,BOX,472.0,698.0,555.0,1062.0,0.475462962962963,0.45809474232170744,0.07685185185185185,0.18948464341488808,0.014562245743921955
train,Training/images/나무/주방용품/13_X209_C023_0306/13_X209_C023_0306_1.jpg,13_X209_C023_0306_1.jpg,12,나무/장식품,BOX,989.0,684.0,1296.0,926.0,0.594742321707444,0.7446808510638298,0.15981259760541386,0.2238667900092507,0.03577673322896406
train,Training/images/나무/주방용품/13_X209_C023_0306/13_X209_C023_0306_1.jpg,13_X209_C023_0306_1.jpg,14,나무/주방용품,BOX,470.0,312.0,1399.0,457.0,0.48646538261322225,0.3556891766882516,0.4836022904737116,0.1341350601295097,0.06486802231145992
train,Training/images/나무/주방용품/13_X209_C023_0306/13_X209_C023_0306_1.jpg,13_X209_C023_0306_1.jpg,14,나무/주방용품,BOX,488.0,232.0,1399.0,302.0,0.4911504424778761,0.24699352451433856,0.47423217074440394,0.06475485661424607,0.030708836218416538
train,Training/images/나무/포장재/13_X001_C211_0107/13_X001_C211_0107_1.jpg,13_X001_C211_0107_1.jpg,15,나무/포장재,BOX,164.0,139.0,1789.0,711.0,0.50859375,0.2951388888888889,0.8463541666666666,0.3972222222222222,0.33619068287037035
train,Training/images/나무/포장재/13_X003_C056_1026/13_X003_C056_1026_2.jpg,13_X003_C056_1026_2.jpg,15,나무/포장재,BOX,380.0,280.0,1685.0,880.0,0.5377604166666666,0.4027777777777778,0.6796875,0.4166666666666667,0.283203125
train,Training/images/나무/포장재/13_X017_C056_1026/13_X017_C056_1026_1.jpg,13_X017_C056_1026_1.jpg,15,나무/포장재,BOX,217.0,658.0,1606.0,1059.0,0.4747395833333333,0.4471354166666667,0.7234375,0.20885416666666667,0.15109293619791667
train,Training/images/나무/포장재/13_X049_C509_0107/13_X049_C509_0107_0.jpg,13_X049_C509_0107_0.jpg,15,나무/포장재,BOX,380.0,500.0,956.0,1381.0,0.4638888888888889,0.48984375,0.4,0.4588541666666667,0.18354166666666666
train,Training/images/나무/포장재/13_X049_C589_0304/13_X049_C589_0304_4.jpg,13_X049_C589_0304_4.jpg,15,나무/포장재,POLYGON->BOX,659.0,365.0,1209.0,645.0,0.4862051015096304,0.4671600370027752,0.2863092139510672,0.2590194264569843,0.07415964838695542
train,Training/images/나무/포장재/13_X049_C589_0304/13_X049_C589_0304_4.jpg,13_X049_C589_0304_4.jpg,14,나무/주방용품,POLYGON->BOX,665.0,747.0,1205.0,906.0,0.48672566371681414,0.7645698427382054,0.28110359187922956,0.14708603145235893,0.04134641175651943
train,Training/images/나무/포장재/13_X085_C050_0225/13_X085_C050_0225_3.jpg,13_X085_C050_0225_3.jpg,15,나무/포장재,BOX,473.0,355.0,1471.0,943.0,0.5059864653826133,0.600925925925926,0.5195210827693909,0.5444444444444444,0.2828503672855573
train,Training/images/나무/포장재/13_X167_C589_0305/13_X167_C589_0305_0.jpg,13_X167_C589_0305_0.jpg,13,나무/주걱,BOX,755.0,287.0,1085.0,396.0,0.4789172306090578,0.31591119333950046,0.1717855283706403,0.10083256244218317,0.017321575016096016
train,Training/images/나무/포장재/13_X167_C589_0305/13_X167_C589_0305_0.jpg,13_X167_C589_0305_0.jpg,15,나무/포장재,BOX,755.0,540.0,1245.0,793.0,0.5205622071837585,0.616558741905643,0.25507548152004167,0.23404255319148937,0.05969851695149911
train,Training/images/나무/포장재/13_X194_C024_0225/13_X194_C024_0225_4.jpg,13_X194_C024_0225_4.jpg,8,나무/기타,BOX,553.0,431.0,1272.0,983.0,0.4750130140551796,0.6546296296296297,0.3742842269651223,0.5111111111111111,0.19130082711550697
train,Training/images/나무/포장재/13_X194_C024_0225/13_X194_C024_0225_4.jpg,13_X194_C024_0225_4.jpg,15,나무/포장재,BOX,530.0,149.0,1011.0,387.0,0.40109318063508587,0.24814814814814815,0.25039042165538783,0.22037037037037038,0.05517862995739102
train,Training/images/나무/포장재/13_X239_C050_0224/13_X239_C050_0224_3.jpg,13_X239_C050_0224_3.jpg,12,나무/장식품,BOX,1039.0,250.0,1276.0,551.0,0.6025507548152004,0.37083333333333335,0.12337324310255075,0.27870370370370373,0.03438457979061831
train,Training/images/나무/포장재/13_X239_C050_0224/13_X239_C050_0224_3.jpg,13_X239_C050_0224_3.jpg,15,나무/포장재,BOX,389.0,186.0,869.0,832.0,0.3274336283185841,0.47129629629629627,0.24986985944820406,0.5981481481481481,0.14945919370698132
train,Training/images/도기류/그릇류/14_X001_C012_1110/14_X001_C012_1110_1.jpg,14_X001_C012_1110_1.jpg,16,도기류/그릇류,BOX,418.0,103.0,1369.0,993.0,0.46536458333333336,0.38055555555555554,0.4953125,0.6180555555555556,0.3061306423611111
train,Training/images/도기류/그릇류/14_X002_C194_1214/14_X002_C194_1214_2.jpg,14_X002_C194_1214_2.jpg,16,도기류/그릇류,BOX,556.0,305.0,1521.0,1063.0,0.5408854166666667,0.475,0.5026041666666666,0.5263888888888889,0.2645652488425926
train,Training/images/도기류/그릇류/14_X004_C163_1125/14_X004_C163_1125_1.jpg,14_X004_C163_1125_1.jpg,16,도기류/그릇류,BOX,712.0,340.0,1530.0,1085.0,0.5838541666666667,0.4947916666666667,0.42604166666666665,0.5173611111111112,0.2204173900462963
train,Training/images/도기류/그릇류/14_X006_C188_1207/14_X006_C188_1207_3.jpg,14_X006_C188_1207_3.jpg,16,도기류/그릇류,BOX,784.0,330.0,1356.0,837.0,0.5572916666666666,0.40520833333333334,0.29791666666666666,0.35208333333333336,0.10489149305555556
train,Training/images/도기류/그릇류/14_X006_C193_1127/14_X006_C193_1127_0.jpg,14_X006_C193_1127_0.jpg,16,도기류/그릇류,BOX,424.0,376.0,1452.0,1097.0,0.48854166666666665,0.5114583333333333,0.5354166666666667,0.5006944444444444,0.26808015046296296
train,Training/images/도기류/그릇류/14_X010_C058_0127/14_X010_C058_0127_0.jpg,14_X010_C058_0127_0.jpg,16,도기류/그릇류,BOX,191.0,290.0,1634.0,813.0,0.4750130140551796,0.38298611111111114,0.7511712649661635,0.36319444444444443,0.2728212302620163
train,Training/images/도기류/그릇류/14_X011_C500_0326/14_X011_C500_0326_0.jpg,14_X011_C500_0326_0.jpg,16,도기류/그릇류,BOX,439.0,399.0,994.0,838.0,0.49756944444444445,0.3219677251431546,0.3854166666666667,0.22852680895366997,0.08807804095089364
train,Training/images/도기류/그릇류/14_X015_C195_1216/14_X015_C195_1216_4.jpg,14_X015_C195_1216_4.jpg,16,도기류/그릇류,BOX,126.0,593.0,851.0,1048.0,0.25442708333333336,0.5697916666666667,0.3776041666666667,0.3159722222222222,0.11931242766203703
train,Training/images/도기류/그릇류/14_X015_C195_1216/14_X015_C195_1216_4.jpg,14_X015_C195_1216_4.jpg,16,도기류/그릇류,BOX,1113.0,550.0,1777.0,953.0,0.7526041666666666,0.521875,0.3458333333333333,0.2798611111111111,0.09678530092592592
train,Training/images/도기류/그릇류/14_X097_C999_0408/14_X097_C999_0408_0.jpg,14_X097_C999_0408_0.jpg,16,도기류/그릇류,POLYGON->BOX,356.0,729.0,779.0,1087.0,0.5254629629629629,0.4726704841228527,0.39166666666666666,0.18636127017178553,0.07299149748394933
train,Training/images/도기류/기타/14_X001_C188_1125/14_X001_C188_1125_3.jpg,14_X001_C188_1125_3.jpg,17,도기류/기타,BOX,914.0,876.0,2842.0,1955.0,0.4695,0.4718333333333333,0.482,0.3596666666666667,0.17335933333333334
train,Training/images/도기류/기타/14_X013_C190_1214/14_X013_C190_1214_3.jpg,14_X013_C190_1214_3.jpg,16,도기류/그릇류,BOX,767.0,896.0,1089.0,1174.0,0.48308172826652784,0.71875,0.16762103071317022,0.19305555555555556,0.03236017120712592
train,Training/images/도기류/기타/14_X013_C190_1214/14_X013_C190_1214_3.jpg,14_X013_C190_1214_3.jpg,17,도기류/기타,BOX,866.0,307.0,1045.0,706.0,0.4973971889640812,0.35173611111111114,0.09318063508589276,0.27708333333333335,0.02581880097171612
train,Training/images/도기류/기타/14_X022_C045_0128/14_X022_C045_0128_0.jpg,14_X022_C045_0128_0.jpg,17,도기류/기타,BOX,401.0,555.0,851.0,944.0,0.3258719416970328,0.5204861111111111,0.2342529932326913,0.2701388888888889,0.06328084331077564
train,Training/images/도기류/기타/14_X022_C045_0128/14_X022_C045_0128_0.jpg,14_X022_C045_0128_0.jpg,16,도기류/그릇류,BOX,1238.0,718.0,1475.0,941.0,0.7061426340447684,0.5760416666666667,0.12337324310255075,0.15486111111111112,0.019105717508242234
train,Training/images/도기류/기타/14_X030_C045_0128/14_X030_C045_0128_2.jpg,14_X030_C045_0128_2.jpg,17,도기류/기타,BOX,883.0,239.0,1625.0,574.0,0.6527850078084331,0.28229166666666666,0.3862571577303488,0.2326388888888889,0.08985843599976864
train,Training/images/도기류/기타/14_X030_C045_0128/14_X030_C045_0128_2.jpg,14_X030_C045_0128_2.jpg,16,도기류/그릇류,BOX,400.0,612.0,845.0,886.0,0.3240499739718896,0.5201388888888889,0.23165018219677252,0.19027777777777777,0.04407788189021922
train,Training/images/도기류/기타/14_X032_C045_0128/14_X032_C045_0128_3.jpg,14_X032_C045_0128_3.jpg,17,도기류/기타,BOX,760.0,424.0,1670.0,931.0,0.6324830817282665,0.4704861111111111,0.4737116085372202,0.35208333333333336,0.16678596217247962
train,Training/images/도기류/기타/14_X032_C045_0128/14_X032_C045_0128_3.jpg,14_X032_C045_0128_3.jpg,16,도기류/그릇류,BOX,202.0,543.0,507.0,719.0,0.18453930244664238,0.43819444444444444,0.15877147319104634,0.12222222222222222,0.01940540227890566
train,Training/images/도기류/기타/14_X045_C058_0128/14_X045_C058_0128_4.jpg,14_X045_C058_0128_4.jpg,17,도기류/기타,BOX,396.0,96.0,832.0,662.0,0.3196251952108277,0.3509259259259259,0.22696512233211869,0.524074074074074,0.11894653633331405
train,Training/images/도기류/기타/14_X045_C058_0128/14_X045_C058_0128_4.jpg,14_X045_C058_0128_4.jpg,2,고철류/기타,BOX,1078.0,255.0,1555.0,745.0,0.6853201457574181,0.46296296296296297,0.2483081728266528,0.4537037037037037,0.11265833767135172
train,Training/images/도기류/뚝배기/14_X001_C706_1215/14_X001_C706_1215_3.jpg,14_X001_C706_1215_3.jpg,18,도기류/뚝배기,BOX,883.0,548.0,1375.0,899.0,0.5880208333333333,0.5024305555555556,0.25625,0.24375,0.0624609375
train,Training/images/도기류/뚝배기/14_X002_C055_1102/14_X002_C055_1102_4.jpg,14_X002_C055_1102_4.jpg,18,도기류/뚝배기,BOX,724.0,239.0,1024.0,509.0,0.4549713690786049,0.3459759481961147,0.15616866215512754,0.24976873265494912,0.03900604882690512
train,Training/images/도기류/뚝배기/14_X002_C196_1217/14_X002_C196_1217_4.jpg,14_X002_C196_1217_4.jpg,18,도기류/뚝배기,BOX,641.0,158.0,1205.0,672.0,0.48072916666666665,0.38425925925925924,0.29375,0.4759259259259259,0.13980324074074074
train,Training/images/도기류/뚝배기/14_X004_C044_1216/14_X004_C044_1216_2.jpg,14_X004_C044_1216_2.jpg,18,도기류/뚝배기,BOX,483.0,351.0,1291.0,955.0,0.46197916666666666,0.4534722222222222,0.42083333333333334,0.41944444444444445,0.17651620370370372
train,Training/images/도기류/뚝배기/14_X005_C189_1123/14_X005_C189_1123_2.jpg,14_X005_C189_1123_2.jpg,18,도기류/뚝배기,BOX,339.0,281.0,1471.0,1262.0,0.4713541666666667,0.40182291666666664,0.5895833333333333,0.5109375,0.301240234375
train,Training/images/도기류/뚝배기/14_X006_C012_1218/14_X006_C012_1218_2.jpg,14_X006_C012_1218_2.jpg,18,도기류/뚝배기,BOX,142.0,108.0,1418.0,1017.0,0.40625,0.390625,0.6645833333333333,0.63125,0.41951822916666665
train,Training/images/도기류/뚝배기/14_X006_C023_1201/14_X006_C023_1201_0.jpg,14_X006_C023_1201_0.jpg,18,도기류/뚝배기,BOX,433.0,169.0,1030.0,684.0,0.3807912545549193,0.39454209065679924,0.3107756376887038,0.47641073080481033,0.14805684866760635
train,Training/images/도기류/뚝배기/14_X008_C193_1127/14_X008_C193_1127_1.jpg,14_X008_C193_1127_1.jpg,18,도기류/뚝배기,BOX,552.0,340.0,1429.0,1239.0,0.5158854166666667,0.5482638888888889,0.45677083333333335,0.6243055555555556,0.28516456886574076
train,Training/images/도기류/뚝배기/14_X022_C324_1203/14_X022_C324_1203_3.jpg,14_X022_C324_1203_3.jpg,18,도기류/뚝배기,BOX,602.0,297.0,1303.0,1071.0,0.49609375,0.475,0.3651041666666667,0.5375,0.19624348958333335
train,Training/images/도기류/받침/14_X003_C194_1201/14_X003_C194_1201_1.jpg,14_X003_C194_1201_1.jpg,19,도기류/받침,BOX,663.0,402.0,1189.0,833.0,0.4822916666666667,0.5717592592592593,0.27395833333333336,0.3990740740740741,0.10932966820987654
train,Training/images/도기류/받침/14_X004_C162_1109/14_X004_C162_1109_3.jpg,14_X004_C162_1109_3.jpg,19,도기류/받침,BOX,635.0,476.0,1332.0,1011.0,0.5122395833333333,0.5163194444444444,0.36302083333333335,0.3715277777777778,0.13487232349537037
train,Training/images/도기류/받침/14_X005_C014_1019/14_X005_C014_1019_3.jpg,14_X005_C014_1019_3.jpg,19,도기류/받침,BOX,823.0,546.0,1378.0,834.0,0.4954975236380009,0.6388888888888888,0.24988743809095001,0.26666666666666666,0.06663665015758667
train,Training/images/도기류/받침/14_X006_C014_1118/14_X006_C014_1118_1.jpg,14_X006_C014_1118_1.jpg,19,도기류/받침,BOX,739.0,49.0,1519.0,776.0,0.5083295812696983,0.3819444444444444,0.3511931562359298,0.6731481481481482,0.23640502276251937
train,Training/images/도기류/받침/14_X007_C169_1207/14_X007_C169_1207_4.jpg,14_X007_C169_1207_4.jpg,19,도기류/받침,BOX,667.0,312.0,1067.0,520.0,0.4515625,0.3851851851851852,0.20833333333333334,0.1925925925925926,0.040123456790123455
train,Training/images/도기류/받침/14_X010_C188_1208/14_X010_C188_1208_2.jpg,14_X010_C188_1208_2.jpg,19,도기류/받침,BOX,553.0,378.0,1323.0,1021.0,0.48854166666666665,0.4857638888888889,0.4010416666666667,0.4465277777777778,0.17907624421296298
train,Training/images/도기류/받침/14_X018_C039_1214/14_X018_C039_1214_0.jpg,14_X018_C039_1214_0.jpg,19,도기류/받침,BOX,198.0,616.0,936.0,1362.0,0.525,0.5151041666666667,0.6833333333333333,0.3885416666666667,0.2655034722222222
train,Training/images/도기류/받침/14_X018_C198_1120/14_X018_C198_1120_1.jpg,14_X018_C198_1120_1.jpg,19,도기류/받침,BOX,544.0,592.0,1206.0,957.0,0.4557291666666667,0.5378472222222223,0.34479166666666666,0.2534722222222222,0.0873951099537037
train,Training/images/도기류/받침/14_X026_C045_0127/14_X026_C045_0127_2.jpg,14_X026_C045_0127_2.jpg,19,도기류/받침,BOX,948.0,501.0,1345.0,848.0,0.5968245705361791,0.4684027777777778,0.20666319625195212,0.24097222222222223,0.04980008965238013
train,Training/images/도기류/병/14_X001_C053_1117/14_X001_C053_1117_2.jpg,14_X001_C053_1117_2.jpg,20,도기류/병,BOX,379.0,289.0,1670.0,940.0,0.53359375,0.5689814814814815,0.6723958333333333,0.6027777777777777,0.4053052662037037
train,Training/images/도기류/병/14_X001_C162_1215/14_X001_C162_1215_2.jpg,14_X001_C162_1215_2.jpg,20,도기류/병,BOX,851.0,562.0,1244.0,1029.0,0.545288912024987,0.5524305555555555,0.20458094742321709,0.32430555555555557,0.06634673781016831
train,Training/images/도기류/병/14_X001_C192_1202/14_X001_C192_1202_0.jpg,14_X001_C192_1202_0.jpg,20,도기류/병,BOX,788.0,424.0,1097.0,927.0,0.4906298802706923,0.4690972222222222,0.16085372201978138,0.34930555555555554,0.05618709873329863
train,Training/images/도기류/병/14_X004_C163_1201/14_X004_C163_1201_0.jpg,14_X004_C163_1201_0.jpg,20,도기류/병,BOX,559.0,214.0,1478.0,1083.0,0.53046875,0.45034722222222223,0.4786458333333333,0.6034722222222222,0.2888494646990741
train,Training/images/도기류/병/14_X006_C055_1103/14_X006_C055_1103_2.jpg,14_X006_C055_1103_2.jpg,20,도기류/병,BOX,463.0,358.0,1056.0,721.0,0.39536699635606454,0.49907493061979646,0.3086933888599688,0.33580018501387604,0.10365929709173789
train,Training/images/도기류/병/14_X006_C195_1204/14_X006_C195_1204_1.jpg,14_X006_C195_1204_1.jpg,20,도기류/병,BOX,497.0,485.0,1107.0,989.0,0.4174908901613743,0.5118055555555555,0.3175429463820927,0.35,0.11114003123373244
train,Training/images/도기류/병/14_X006_C195_1204/14_X006_C195_1204_1.jpg,14_X006_C195_1204_1.jpg,20,도기류/병,BOX,1290.0,571.0,1584.0,837.0,0.7480478917230609,0.4888888888888889,0.15304528891202498,0.18472222222222223,0.028270865868471284
train,Training/images/도기류/병/14_X006_C324_1210/14_X006_C324_1210_2.jpg,14_X006_C324_1210_2.jpg,20,도기류/병,BOX,679.0,113.0,1272.0,895.0,0.5080729166666667,0.35,0.30885416666666665,0.5430555555555555,0.16772497106481482
train,Training/images/도기류/병/14_X006_C704_0106/14_X006_C704_0106_0.jpg,14_X006_C704_0106_0.jpg,20,도기류/병,BOX,752.0,330.0,1125.0,701.0,0.48880208333333336,0.4773148148148148,0.19427083333333334,0.3435185185185185,0.0667356288580247
train,Training/images/도기류/병/14_X008_C194_1113/14_X008_C194_1113_0.jpg,14_X008_C194_1113_0.jpg,20,도기류/병,BOX,662.0,302.0,1108.0,936.0,0.4609375,0.5731481481481482,0.23229166666666667,0.587037037037037,0.13636381172839507
train,Training/images/도기류/장식품/14_X002_C194_1215/14_X002_C194_1215_2.jpg,14_X002_C194_1215_2.jpg,21,도기류/장식품,BOX,617.0,236.0,1047.0,815.0,0.43333333333333335,0.48657407407407405,0.22395833333333334,0.5361111111111111,0.12006655092592593
train,Training/images/도기류/장식품/14_X002_C704_0107/14_X002_C704_0107_0.jpg,14_X002_C704_0107_0.jpg,21,도기류/장식품,BOX,495.0,284.0,1417.0,1146.0,0.4976574700676731,0.4965277777777778,0.4799583550234253,0.5986111111111111,0.28730840418763376
train,Training/images/도기류/장식품/14_X003_C194_1214/14_X003_C194_1214_2.jpg,14_X003_C194_1214_2.jpg,21,도기류/장식품,BOX,482.0,255.0,1469.0,1004.0,0.5080729166666667,0.4371527777777778,0.5140625,0.5201388888888889,0.2673838975694444
train,Training/images/도기류/장식품/14_X004_C192_1203/14_X004_C192_1203_2.jpg,14_X004_C192_1203_2.jpg,21,도기류/장식품,BOX,517.0,249.0,1322.0,1215.0,0.47890625,0.5083333333333333,0.4192708333333333,0.6708333333333333,0.28126085069444445
train,Training/images/도기류/장식품/14_X004_C194_1215/14_X004_C194_1215_4.jpg,14_X004_C194_1215_4.jpg,21,도기류/장식품,BOX,637.0,229.0,1083.0,753.0,0.4479166666666667,0.4546296296296296,0.23229166666666667,0.48518518518518516,0.11270447530864197
train,Training/images/도기류/장식품/14_X008_C204_1110/14_X008_C204_1110_0.jpg,14_X008_C204_1110_0.jpg,21,도기류/장식품,BOX,660.0,231.0,1082.0,741.0,0.45364583333333336,0.45,0.21979166666666666,0.4722222222222222,0.10379050925925926
train,Training/images/도기류/장식품/14_X017_C208_1207/14_X017_C208_1207_0.jpg,14_X017_C208_1207_0.jpg,21,도기류/장식품,BOX,669.0,289.0,753.0,458.0,0.3703125,0.3458333333333333,0.04375,0.15648148148148147,0.006846064814814815
train,Training/images/도기류/장식품/14_X017_C208_1207/14_X017_C208_1207_0.jpg,14_X017_C208_1207_0.jpg,21,도기류/장식품,BOX,953.0,289.0,1035.0,450.0,0.5177083333333333,0.3421296296296296,0.042708333333333334,0.14907407407407408,0.00636670524691358
train,Training/images/도기류/장식품/14_X025_C331_1202/14_X025_C331_1202_4.jpg,14_X025_C331_1202_4.jpg,21,도기류/장식품,BOX,599.0,688.0,1032.0,1028.0,0.424518479958355,0.5958333333333333,0.22540343571056742,0.2361111111111111,0.053220255653883976
train,Training/images/도기류/장식품/14_X026_C504_1021/14_X026_C504_1021_3.jpg,14_X026_C504_1021_3.jpg,21,도기류/장식품,BOX,364.0,773.0,945.0,1257.0,0.4545138888888889,0.5286458333333334,0.40347222222222223,0.2520833333333333,0.10170862268518518
train,Training/images/도기류/주전자/14_X001_C023_1123/14_X001_C023_1123_0.jpg,14_X001_C023_1123_0.jpg,22,도기류/주전자,BOX,876.0,260.0,1283.0,643.0,0.5622395833333333,0.41805555555555557,0.21197916666666666,0.35462962962962963,0.07517409336419753
train,Training/images/도기류/주전자/14_X001_C324_1116/14_X001_C324_1116_0.jpg,14_X001_C324_1116_0.jpg,22,도기류/주전자,BOX,740.0,394.0,1296.0,735.0,0.45814581458145814,0.5226851851851851,0.2502250225022502,0.31574074074074077,0.07900623395672901
train,Training/images/도기류/주전자/14_X002_C033_1023/14_X002_C033_1023_1.jpg,14_X002_C033_1023_1.jpg,22,도기류/주전자,BOX,604.0,315.0,1538.0,1064.0,0.5578125,0.47881944444444446,0.4864583333333333,0.5201388888888889,0.25302589699074074
train,Training/images/도기류/주전자/14_X002_C312_1109/14_X002_C312_1109_3.jpg,14_X002_C312_1109_3.jpg,22,도기류/주전자,BOX,433.0,176.0,1128.0,778.0,0.40651041666666665,0.44166666666666665,0.3619791666666667,0.5574074074074075,0.2017698688271605
train,Training/images/도기류/주전자/14_X008_C198_1108/14_X008_C198_1108_1.jpg,14_X008_C198_1108_1.jpg,22,도기류/주전자,BOX,512.0,392.0,1628.0,999.0,0.5572916666666666,0.4829861111111111,0.58125,0.4215277777777778,0.24501302083333334
train,Training/images/도기류/주전자/14_X009_C187_1223/14_X009_C187_1223_3.jpg,14_X009_C187_1223_3.jpg,22,도기류/주전자,BOX,638.0,408.0,1250.0,838.0,0.491410723581468,0.4326388888888889,0.3185840707964602,0.2986111111111111,0.09513274336283185
train,Training/images/도기류/주전자/14_X011_C331_1202/14_X011_C331_1202_0.jpg,14_X011_C331_1202_0.jpg,22,도기류/주전자,BOX,672.0,535.0,1268.0,1007.0,0.5049453409682457,0.5354166666666667,0.31025507548152004,0.3277777777777778,0.10169471918560935
train,Training/images/도기류/주전자/14_X022_C704_1214/14_X022_C704_1214_2.jpg,14_X022_C704_1214_2.jpg,22,도기류/주전자,BOX,640.0,330.0,1548.0,837.0,0.5697916666666667,0.40520833333333334,0.47291666666666665,0.35208333333333336,0.1665060763888889
train,Training/images/도기류/주전자/14_X030_C014_0128/14_X030_C014_0128_3.jpg,14_X030_C014_0128_3.jpg,22,도기류/주전자,BOX,998.0,380.0,1390.0,797.0,0.5375956776226924,0.5449074074074074,0.1764970733903647,0.3861111111111111,0.06814748111461304
train,Training/images/도기류/컵/14_X001_C162_1210/14_X001_C162_1210_3.jpg,14_X001_C162_1210_3.jpg,23,도기류/컵,BOX,972.0,422.0,1147.0,636.0,0.5518229166666667,0.36736111111111114,0.09114583333333333,0.1486111111111111,0.013545283564814815
train,Training/images/도기류/컵/14_X001_C178_1214/14_X001_C178_1214_0.jpg,14_X001_C178_1214_0.jpg,23,도기류/컵,BOX,498.0,343.0,1445.0,1086.0,0.5059895833333333,0.49618055555555557,0.49322916666666666,0.5159722222222223,0.2544925491898148
train,Training/images/도기류/컵/14_X002_C172_1007/14_X002_C172_1007_3.jpg,14_X002_C172_1007_3.jpg,23,도기류/컵,BOX,675.0,247.0,1474.0,1152.0,0.5596354166666667,0.4857638888888889,0.4161458333333333,0.6284722222222222,0.2615360966435185
train,Training/images/도기류/컵/14_X005_C198_1217/14_X005_C198_1217_0.jpg,14_X005_C198_1217_0.jpg,23,도기류/컵,BOX,930.0,472.0,1070.0,672.0,0.5208333333333334,0.3972222222222222,0.07291666666666667,0.1388888888888889,0.010127314814814815
train,Training/images/도기류/컵/14_X012_C162_1218/14_X012_C162_1218_1.jpg,14_X012_C162_1218_1.jpg,23,도기류/컵,BOX,628.0,329.0,1301.0,1016.0,0.5020822488287351,0.4670138888888889,0.35033836543466945,0.47708333333333336,0.16714059517612354
train,Training/images/도기류/컵/14_X014_C188_1211/14_X014_C188_1211_0.jpg,14_X014_C188_1211_0.jpg,23,도기류/컵,BOX,858.0,621.0,955.0,741.0,0.47213541666666664,0.47291666666666665,0.050520833333333334,0.08333333333333333,0.004210069444444444
train,Training/images/도기류/컵/14_X031_C172_0107/14_X031_C172_0107_0.jpg,14_X031_C172_0107_0.jpg,23,도기류/컵,BOX,491.0,122.0,1469.0,1226.0,0.5104166666666666,0.46805555555555556,0.509375,0.7666666666666667,0.3905208333333333
train,Training/images/도기류/컵/14_X038_C045_0127/14_X038_C045_0127_4.jpg,14_X038_C045_0127_4.jpg,23,도기류/컵,BOX,713.0,388.0,1010.0,674.0,0.4484643414888079,0.36875,0.15460697553357627,0.1986111111111111,0.03070666319625195
train,Training/images/도기류/컵/14_X038_C045_0127/14_X038_C045_0127_4.jpg,14_X038_C045_0127_4.jpg,23,도기류/컵,BOX,776.0,742.0,1150.0,1204.0,0.5013014055179594,0.6756944444444445,0.19469026548672566,0.32083333333333336,0.06246312684365782
train,Training/images/도기류/컵/14_X116_C900_0318/14_X116_C900_0318_2.jpg,14_X116_C900_0318_2.jpg,23,도기류/컵,BOX,538.0,369.0,1239.0,995.0,0.6170138888888889,0.3550234252993233,0.48680555555555555,0.3258719416970328,0.15863627161779165
train,Training/images/도기류/항아리/14_X001_C211_0107/14_X001_C211_0107_3.jpg,14_X001_C211_0107_3.jpg,24,도기류/항아리,BOX,691.0,262.0,1241.0,1092.0,0.503125,0.4701388888888889,0.2864583333333333,0.5763888888888888,0.16511140046296297
train,Training/images/도기류/항아리/14_X002_C044_1209/14_X002_C044_1209_1.jpg,14_X002_C044_1209_1.jpg,24,도기류/항아리,BOX,599.0,310.0,1383.0,1128.0,0.5161458333333333,0.49930555555555556,0.4083333333333333,0.5680555555555555,0.23195601851851852
train,Training/images/도기류/항아리/14_X003_C015_1209/14_X003_C015_1209_0.jpg,14_X003_C015_1209_0.jpg,24,도기류/항아리,BOX,1062.0,433.0,1280.0,642.0,0.6098958333333333,0.4976851851851852,0.11354166666666667,0.1935185185185185,0.02197241512345679
train,Training/images/도기류/항아리/14_X003_C015_1209/14_X003_C015_1209_0.jpg,14_X003_C015_1209_0.jpg,24,도기류/항아리,BOX,784.0,384.0,930.0,517.0,0.44635416666666666,0.41712962962962963,0.07604166666666666,0.12314814814814815,0.009364390432098765
train,Training/images/도기류/항아리/14_X003_C023_1123/14_X003_C023_1123_4.jpg,14_X003_C023_1123_4.jpg,24,도기류/항아리,BOX,796.0,222.0,1390.0,902.0,0.5692708333333333,0.5203703703703704,0.309375,0.6296296296296297,0.19479166666666667
train,Training/images/도기류/항아리/14_X003_C706_1228/14_X003_C706_1228_0.jpg,14_X003_C706_1228_0.jpg,24,도기류/항아리,BOX,616.0,481.0,1234.0,1515.0,0.4815200416449766,0.5195210827693909,0.32170744403956275,0.5382613222280063,0.17316267419932735
train,Training/images/도기류/항아리/14_X004_C055_1030/14_X004_C055_1030_2.jpg,14_X004_C055_1030_2.jpg,24,도기류/항아리,BOX,667.0,240.0,1205.0,875.0,0.4875,0.3871527777777778,0.28020833333333334,0.4409722222222222,0.12356409143518518
train,Training/images/도기류/항아리/14_X012_C055_1201/14_X012_C055_1201_4.jpg,14_X012_C055_1201_4.jpg,24,도기류/항아리,BOX,663.0,120.0,1571.0,973.0,0.5817708333333333,0.5060185185185185,0.47291666666666665,0.7898148148148149,0.37351658950617284
train,Training/images/도기류/항아리/14_X016_C055_1204/14_X016_C055_1204_2.jpg,14_X016_C055_1204_2.jpg,24,도기류/항아리,BOX,600.0,260.0,1221.0,851.0,0.47421875,0.5143518518518518,0.3234375,0.5472222222222223,0.1769921875
train,Training/images/도기류/항아리/14_X022_C172_0107/14_X022_C172_0107_0.jpg,14_X022_C172_0107_0.jpg,24,도기류/항아리,BOX,366.0,177.0,1661.0,1082.0,0.5278645833333333,0.4371527777777778,0.6744791666666666,0.6284722222222222,0.4238914207175926
train,Training/images/도기류/화분/14_X001_C016_1202/14_X001_C016_1202_4.jpg,14_X001_C016_1202_4.jpg,25,도기류/화분,BOX,1025.0,308.0,1277.0,704.0,0.5994791666666667,0.35138888888888886,0.13125,0.275,0.03609375
train,Training/images/도기류/화분/14_X001_C057_1016/14_X001_C057_1016_4.jpg,14_X001_C057_1016_4.jpg,25,도기류/화분,BOX,468.0,197.0,1277.0,1113.0,0.4544270833333333,0.4548611111111111,0.42135416666666664,0.6361111111111111,0.2680280671296296
train,Training/images/도기류/화분/14_X001_C323_0127/14_X001_C323_0127_1.jpg,14_X001_C323_0127_1.jpg,25,도기류/화분,BOX,808.0,167.0,1198.0,737.0,0.5221238938053098,0.4185185185185185,0.2030192608016658,0.5277777777777778,0.10714905431199029
train,Training/images/도기류/화분/14_X002_C208_1110/14_X002_C208_1110_4.jpg,14_X002_C208_1110_4.jpg,25,도기류/화분,BOX,690.0,103.0,1357.0,931.0,0.5330729166666667,0.4787037037037037,0.34739583333333335,0.7666666666666667,0.26633680555555556
train,Training/images/도기류/화분/14_X003_C014_1210/14_X003_C014_1210_4.jpg,14_X003_C014_1210_4.jpg,25,도기류/화분,BOX,702.0,108.0,1187.0,855.0,0.49192708333333335,0.44583333333333336,0.2526041666666667,0.6916666666666667,0.17471788194444443
train,Training/images/도기류/화분/14_X003_C190_1211/14_X003_C190_1211_4.jpg,14_X003_C190_1211_4.jpg,25,도기류/화분,BOX,242.0,421.0,597.0,831.0,0.21848958333333332,0.43472222222222223,0.18489583333333334,0.2847222222222222,0.052643952546296294
train,Training/images/도기류/화분/14_X003_C190_1211/14_X003_C190_1211_4.jpg,14_X003_C190_1211_4.jpg,25,도기류/화분,BOX,1116.0,304.0,1654.0,930.0,0.7213541666666666,0.4284722222222222,0.28020833333333334,0.43472222222222223,0.12181278935185186
train,Training/images/도기류/화분/14_X003_C312_1109/14_X003_C312_1109_2.jpg,14_X003_C312_1109_2.jpg,25,도기류/화분,BOX,781.0,335.0,1347.0,1049.0,0.5541666666666667,0.6407407407407407,0.2947916666666667,0.6611111111111111,0.1948900462962963
train,Training/images/도기류/화분/14_X004_C312_1106/14_X004_C312_1106_0.jpg,14_X004_C312_1106_0.jpg,25,도기류/화분,BOX,505.0,68.0,1205.0,703.0,0.4453125,0.35694444444444445,0.3645833333333333,0.5879629629629629,0.21436149691358025
train,Training/images/도기류/화분/14_X024_C014_0128/14_X024_C014_0128_2.jpg,14_X024_C014_0128_2.jpg,25,도기류/화분,BOX,838.0,296.0,1249.0,787.0,0.469833408374606,0.5013888888888889,0.18505177847816298,0.4546296296296296,0.08413002151183151
train,Training/images/비닐/과자봉지/15_X001_C163_0923/15_X001_C163_0923_3.jpg,15_X001_C163_0923_3.jpg,26,비닐/과자봉지,BOX,0.0,880.0,1549.0,1309.0,0.40338541666666666,0.7600694444444445,0.8067708333333333,0.29791666666666666,0.24035047743055554
train,Training/images/비닐/과자봉지/15_X003_C037_1113/15_X003_C037_1113_3.jpg,15_X003_C037_1113_3.jpg,26,비닐/과자봉지,BOX,393.0,228.0,1212.0,1022.0,0.41796875,0.4340277777777778,0.4265625,0.5513888888888889,0.23520182291666666
train,Training/images/비닐/과자봉지/15_X013_C502_1112/15_X013_C502_1112_2.jpg,15_X013_C502_1112_2.jpg,26,비닐/과자봉지,BOX,72.0,395.0,1223.0,1180.0,0.4496527777777778,0.41015625,0.7993055555555556,0.4088541666666667,0.32679940682870373
train,Training/images/비닐/과자봉지/15_X014_C044_1103/15_X014_C044_1103_2.jpg,15_X014_C044_1103_2.jpg,26,비닐/과자봉지,POLYGON->BOX,234.0,1031.0,3561.0,2633.0,0.47061011904761907,0.6058201058201058,0.8251488095238095,0.5297619047619048,0.43713240504535145
train,Training/images/비닐/과자봉지/15_X025_C192_1112/15_X025_C192_1112_0.jpg,15_X025_C192_1112_0.jpg,26,비닐/과자봉지,BOX,698.0,465.0,1312.0,895.0,0.5234375,0.4722222222222222,0.31979166666666664,0.2986111111111111,0.09549334490740741
train,Training/images/비닐/과자봉지/15_X067_C096_0321/15_X067_C096_0321_2.jpg,15_X067_C096_0321_2.jpg,26,비닐/과자봉지,BOX,747.0,74.0,1426.0,843.0,0.5655908381051535,0.42453703703703705,0.353461738677772,0.712037037037037,0.25167784911408025
train,Training/images/비닐/과자봉지/15_X104_C502_1224/15_X104_C502_1224_3.jpg,15_X104_C502_1224_3.jpg,26,비닐/과자봉지,BOX,432.0,823.0,1082.0,1145.0,0.5256944444444445,0.5125,0.4513888888888889,0.16770833333333332,0.07570167824074074
train,Training/images/비닐/과자봉지/15_X232_C886_0330/15_X232_C886_0330_2.jpg,15_X232_C886_0330_2.jpg,26,비닐/과자봉지,BOX,890.0,646.0,1285.0,924.0,0.5661114003123373,0.5451388888888888,0.2056220718375846,0.19305555555555556,0.03969648331308925
train,Training/images/비닐/과자봉지/15_X870_C887_0330/15_X870_C887_0330_2.jpg,15_X870_C887_0330_2.jpg,26,비닐/과자봉지,BOX,775.0,279.0,1482.0,908.0,0.5874544508068714,0.549537037037037,0.3680374804789172,0.5824074074074074,0.2143477548344805
train,Training/images/비닐/기타/15_X001_C206_1209/15_X001_C206_1209_4.jpg,15_X001_C206_1209_4.jpg,27,비닐/기타,BOX,342.0,157.0,1367.0,735.0,0.4448204060385216,0.4125809435707678,0.5335762623633524,0.5346901017576319,0.28529794601851777
train,Training/images/비닐/기타/15_X003_C807_0925/15_X003_C807_0925_0.jpg,15_X003_C807_0925_0.jpg,27,비닐/기타,BOX,353.0,440.0,1215.0,1715.0,0.5444444444444444,0.5609057782404997,0.5986111111111111,0.6637168141592921,0.39730825958702065
train,Training/images/비닐/기타/15_X003_C807_0925/15_X003_C807_0925_1.jpg,15_X003_C807_0925_1.jpg,27,비닐/기타,BOX,47.0,507.0,974.0,1705.0,0.3545138888888889,0.5757418011452369,0.64375,0.6236335242061426,0.4014640812077043
train,Training/images/비닐/기타/15_X003_C807_0925/15_X003_C807_0925_2.jpg,15_X003_C807_0925_2.jpg,27,비닐/기타,BOX,458.0,436.0,1216.0,1599.0,0.58125,0.5296720458094742,0.5263888888888889,0.6054138469547111,0.3186831222164382
train,Training/images/비닐/기타/15_X004_C805_0924/15_X004_C805_0924_0.jpg,15_X004_C805_0924_0.jpg,27,비닐/기타,BOX,582.0,5.0,1253.0,990.0,0.4773673257023933,0.46022201665124884,0.34911550468262226,0.9111933395004626,0.31811172258314796
train,Training/images/비닐/기타/15_X004_C805_0924/15_X004_C805_0924_2.jpg,15_X004_C805_0924_2.jpg,27,비닐/기타,BOX,253.0,120.0,1480.0,880.0,0.4508324661810614,0.46253469010175763,0.6383975026014568,0.7030527289546716,0.4488271063618013
train,Training/images/비닐/기타/15_X008_C805_0925/15_X008_C805_0925_2.jpg,15_X008_C805_0925_2.jpg,27,비닐/기타,BOX,617.0,235.0,1336.0,903.0,0.4392712550607287,0.5263644773358002,0.32343679712100765,0.6179463459759482,0.19986658693509077
train,Training/images/비닐/리필용기/15_X117_C888_0330/15_X117_C888_0330_3.jpg,15_X117_C888_0330_3.jpg,28,비닐/리필용기,POLYGON->BOX,672.0,514.0,1119.0,888.0,0.621875,0.3649141072358147,0.3104166666666667,0.19469026548672566,0.06043510324483776
train,Training/images/비닐/리필용기/15_X170_C886_0330/15_X170_C886_0330_2.jpg,15_X170_C886_0330_2.jpg,28,비닐/리필용기,POLYGON->BOX,584.0,482.0,1009.0,1044.0,0.553125,0.3971889640812077,0.2951388888888889,0.2925559604372723,0.08634464110127826
train,Training/images/비닐/리필용기/15_X562_C887_0330/15_X562_C887_0330_3.jpg,15_X562_C887_0330_3.jpg,28,비닐/리필용기,POLYGON->BOX,514.0,499.0,1047.0,981.0,0.5420138888888889,0.38521603331598125,0.3701388888888889,0.2509109838625716,0.09287191277691018
train,Training/images/비닐/리필용기/15_X652_C886_0330/15_X652_C886_0330_0.jpg,15_X652_C886_0330_0.jpg,28,비닐/리필용기,BOX,253.0,555.0,730.0,1006.0,0.34131944444444445,0.4062988027069235,0.33125,0.23477355543987508,0.07776874023945861
train,Training/images/비닐/리필용기/15_X691_C887_0330/15_X691_C887_0330_2.jpg,15_X691_C887_0330_2.jpg,28,비닐/리필용기,BOX,601.0,703.0,946.0,1039.0,0.5371527777777778,0.4534096824570536,0.23958333333333334,0.17490890161374284,0.041905257678292555
train,Training/images/비닐/리필용기/15_X693_C886_0330/15_X693_C886_0330_0.jpg,15_X693_C886_0330_0.jpg,28,비닐/리필용기,BOX,595.0,874.0,937.0,1137.0,0.5319444444444444,0.5234252993232691,0.2375,0.1369078604893285,0.03251561686621551
train,Training/images/비닐/리필용기/15_X760_C887_0330/15_X760_C887_0330_0.jpg,15_X760_C887_0330_0.jpg,28,비닐/리필용기,BOX,461.0,707.0,790.0,914.0,0.434375,0.4219156689224362,0.22847222222222222,0.107756376887038,0.024619338885996878
train,Training/images/비닐/리필용기/15_X836_C886_0330/15_X836_C886_0330_3.jpg,15_X836_C886_0330_3.jpg,28,비닐/리필용기,BOX,531.0,286.0,1470.0,1117.0,0.5208224882873503,0.48715277777777777,0.4888079125455492,0.5770833333333333,0.282082899531494
train,Training/images/비닐/리필용기/15_X912_C888_0330/15_X912_C888_0330_0.jpg,15_X912_C888_0330_0.jpg,28,비닐/리필용기,BOX,556.0,464.0,1185.0,1091.0,0.4531494013534617,0.5399305555555556,0.3274336283185841,0.4354166666666667,0.14257005899705014
train,Training/images/비닐/봉투/15_X001_C011_1005/15_X001_C011_1005_3.jpg,15_X001_C011_1005_3.jpg,29,비닐/봉투,BOX,647.0,170.0,1391.0,1320.0,0.5307291666666667,0.5173611111111112,0.3875,0.7986111111111112,0.3094618055555556
train,Training/images/비닐/봉투/15_X001_C023_0929/15_X001_C023_0929_0.jpg,15_X001_C023_0929_0.jpg,29,비닐/봉투,BOX,194.0,127.0,1581.0,1377.0,0.4622395833333333,0.5222222222222223,0.7223958333333333,0.8680555555555556,0.6270797164351852
train,Training/images/비닐/봉투/15_X001_C162_1007/15_X001_C162_1007_2.jpg,15_X001_C162_1007_2.jpg,29,비닐/봉투,BOX,695.0,161.0,1473.0,924.0,0.5645833333333333,0.5023148148148148,0.40520833333333334,0.7064814814814815,0.2862721836419753
train,Training/images/비닐/봉투/15_X002_C052_1022/15_X002_C052_1022_3.jpg,15_X002_C052_1022_3.jpg,29,비닐/봉투,BOX,590.0,249.0,1441.0,1101.0,0.52890625,0.46875,0.4432291666666667,0.5916666666666667,0.2622439236111111
train,Training/images/비닐/봉투/15_X002_C056_0929/15_X002_C056_0929_1.jpg,15_X002_C056_0929_1.jpg,29,비닐/봉투,BOX,688.0,513.0,1166.0,1004.0,0.4828125,0.5267361111111111,0.24895833333333334,0.34097222222222223,0.08488787615740741
train,Training/images/비닐/봉투/15_X005_C023_1012/15_X005_C023_1012_1.jpg,15_X005_C023_1012_1.jpg,29,비닐/봉투,BOX,310.0,267.0,1698.0,1129.0,0.5229166666666667,0.4847222222222222,0.7229166666666667,0.5986111111111111,0.4327459490740741
train,Training/images/비닐/봉투/15_X009_C203_1109/15_X009_C203_1109_2.jpg,15_X009_C203_1109_2.jpg,29,비닐/봉투,BOX,373.0,147.0,1371.0,684.0,0.45416666666666666,0.38472222222222224,0.5197916666666667,0.49722222222222223,0.2584519675925926
train,Training/images/비닐/봉투/15_X016_C023_1105/15_X016_C023_1105_2.jpg,15_X016_C023_1105_2.jpg,29,비닐/봉투,BOX,439.0,139.0,1374.0,765.0,0.47213541666666664,0.4185185185185185,0.4869791666666667,0.5796296296296296,0.28226755401234566
train,Training/images/비닐/봉투/15_X081_C985_0319/15_X081_C985_0319_1.jpg,15_X081_C985_0319_1.jpg,29,비닐/봉투,BOX,169.0,554.0,1147.0,1531.0,0.45694444444444443,0.5426861009890682,0.6791666666666667,0.508589276418532,0.3454168835675863
train,Training/images/비닐/에어캡/15_X002_C012_1020/15_X002_C012_1020_1.jpg,15_X002_C012_1020_1.jpg,30,비닐/에어캡,BOX,640.0,101.0,1313.0,1349.0,0.50859375,0.5034722222222222,0.35052083333333334,0.8666666666666667,0.30378472222222225
train,Training/images/비닐/에어캡/15_X004_C501_0318/15_X004_C501_0318_3.jpg,15_X004_C501_0318_3.jpg,30,비닐/에어캡,BOX,673.0,179.0,1285.0,915.0,0.5096304008328996,0.3798611111111111,0.3185840707964602,0.5111111111111111,0.16283185840707964
train,Training/images/비닐/에어캡/15_X005_C023_1013/15_X005_C023_1013_1.jpg,15_X005_C023_1013_1.jpg,30,비닐/에어캡,BOX,471.0,171.0,1540.0,1368.0,0.5236979166666667,0.534375,0.5567708333333333,0.83125,0.46281575520833335
train,Training/images/비닐/에어캡/15_X011_C710_1215/15_X011_C710_1215_4.jpg,15_X011_C710_1215_4.jpg,30,비닐/에어캡,BOX,422.0,81.0,1548.0,877.0,0.5130208333333334,0.44351851851851853,0.5864583333333333,0.737037037037037,0.43224151234567904
train,Training/images/비닐/에어캡/15_X013_C203_1027/15_X013_C203_1027_2.jpg,15_X013_C203_1027_2.jpg,30,비닐/에어캡,BOX,77.0,265.0,1674.0,989.0,0.45598958333333334,0.4354166666666667,0.8317708333333333,0.5027777777777778,0.4181958912037037
train,Training/images/비닐/에어캡/15_X020_C509_0319/15_X020_C509_0319_1.jpg,15_X020_C509_0319_1.jpg,30,비닐/에어캡,BOX,593.0,780.0,1523.0,1338.0,0.5507548152004165,0.7354166666666667,0.4841228526808954,0.3875,0.18759760541384696
train,Training/images/비닐/에어캡/15_X020_C509_0319/15_X020_C509_0319_1.jpg,15_X020_C509_0319_1.jpg,29,비닐/봉투,BOX,410.0,231.0,1367.0,1252.0,0.4625195210827694,0.5149305555555556,0.49817803227485685,0.7090277777777778,0.3532220631615478
train,Training/images/비닐/에어캡/15_X025_C209_1106/15_X025_C209_1106_0.jpg,15_X025_C209_1106_0.jpg,30,비닐/에어캡,BOX,477.0,462.0,1331.0,1020.0,0.4708333333333333,0.5145833333333333,0.44479166666666664,0.3875,0.17235677083333334
train,Training/images/비닐/에어캡/15_X050_C101_0321/15_X050_C101_0321_4.jpg,15_X050_C101_0321_4.jpg,30,비닐/에어캡,BOX,540.0,140.0,1263.0,856.0,0.46928682977615827,0.46111111111111114,0.37636647579385735,0.662962962962963,0.24951703395222397
train,Training/images/비닐/에어캡/15_X087_C985_0319/15_X087_C985_0319_3.jpg,15_X087_C985_0319_3.jpg,30,비닐/에어캡,BOX,275.0,595.0,1318.0,1441.0,0.553125,0.5299323269130661,0.7243055555555555,0.4403956272774597,0.3189809994794378
train,Training/images/비닐/일회용덮개/15_X007_C203_1008/15_X007_C203_1008_4.jpg,15_X007_C203_1008_4.jpg,31,비닐/일회용덮개,BOX,589.0,309.0,1351.0,1104.0,0.5052083333333334,0.490625,0.396875,0.5520833333333334,0.21910807291666667
train,Training/images/비닐/일회용덮개/15_X009_C502_1211/15_X009_C502_1211_0.jpg,15_X009_C502_1211_0.jpg,31,비닐/일회용덮개,BOX,566.0,714.0,865.0,814.0,0.496875,0.39791666666666664,0.2076388888888889,0.052083333333333336,0.010814525462962963
train,Training/images/비닐/일회용덮개/15_X013_C502_1024/15_X013_C502_1024_1.jpg,15_X013_C502_1024_1.jpg,31,비닐/일회용덮개,BOX,513.0,589.0,953.0,1041.0,0.5090277777777777,0.4244791666666667,0.3055555555555556,0.23541666666666666,0.07193287037037037
train,Training/images/비닐/일회용덮개/15_X030_C501_0318/15_X030_C501_0318_0.jpg,15_X030_C501_0318_0.jpg,31,비닐/일회용덮개,BOX,520.0,803.0,1074.0,1198.0,0.5534722222222223,0.5208224882873503,0.38472222222222224,0.2056220718375846,0.07910738041529296
train,Training/images/비닐/일회용덮개/15_X036_C971_0318/15_X036_C971_0318_3.jpg,15_X036_C971_0318_3.jpg,31,비닐/일회용덮개,BOX,434.0,426.0,1070.0,1178.0,0.5222222222222223,0.4174908901613743,0.44166666666666665,0.39146277980218636,0.17289606107929897
train,Training/images/비닐/일회용덮개/15_X058_C972_0318/15_X058_C972_0318_1.jpg,15_X058_C972_0318_1.jpg,31,비닐/일회용덮개,BOX,824.0,142.0,1491.0,1075.0,0.6025507548152004,0.562904717853839,0.3472149921915669,0.8630897317298798,0.29967769446321174
train,Training/images/비닐/일회용덮개/15_X070_C501_0318/15_X070_C501_0318_2.jpg,15_X070_C501_0318_2.jpg,31,비닐/일회용덮개,BOX,634.0,172.0,1312.0,950.0,0.5065070275897969,0.38958333333333334,0.35294117647058826,0.5402777777777777,0.1906862745098039
train,Training/images/비닐/일회용덮개/15_X099_C502_1216/15_X099_C502_1216_0.jpg,15_X099_C502_1216_0.jpg,31,비닐/일회용덮개,BOX,485.0,870.0,701.0,952.0,0.41180555555555554,0.4744791666666667,0.15,0.042708333333333334,0.00640625
train,Training/images/비닐/일회용덮개/15_X126_C501_0318/15_X126_C501_0318_0.jpg,15_X126_C501_0318_0.jpg,31,비닐/일회용덮개,BOX,530.0,300.0,1300.0,898.0,0.47631441957313897,0.41597222222222224,0.40083289953149404,0.4152777777777778,0.1664569957776621
train,Training/images/비닐/포장제/15_X012_C014_1030/15_X012_C014_1030_0.jpg,15_X012_C014_1030_0.jpg,32,비닐/포장제,BOX,703.0,281.0,1162.0,682.0,0.4856770833333333,0.44583333333333336,0.2390625,0.3712962962962963,0.08876302083333333
train,Training/images/비닐/포장제/15_X013_C509_0111/15_X013_C509_0111_2.jpg,15_X013_C509_0111_2.jpg,32,비닐/포장제,BOX,536.0,383.0,1481.0,1512.0,0.5252604166666667,0.4934895833333333,0.4921875,0.5880208333333333,0.28941650390625
train,Training/images/비닐/포장제/15_X015_C802_0217/15_X015_C802_0217_1.jpg,15_X015_C802_0217_1.jpg,32,비닐/포장제,BOX,181.0,372.0,1277.0,1599.0,0.50625,0.513014055179594,0.7611111111111111,0.6387298282144717,0.4861443692521256
train,Training/images/비닐/포장제/15_X020_C189_1109/15_X020_C189_1109_3.jpg,15_X020_C189_1109_3.jpg,32,비닐/포장제,BOX,251.0,853.0,1820.0,1594.0,0.5393229166666667,0.6372395833333333,0.8171875,0.3859375,0.31538330078125
train,Training/images/비닐/포장제/15_X020_C194_1112/15_X020_C194_1112_0.jpg,15_X020_C194_1112_0.jpg,32,비닐/포장제,BOX,436.0,87.0,1528.0,927.0,0.5114583333333333,0.46944444444444444,0.56875,0.7777777777777778,0.4423611111111111
train,Training/images/비닐/포장제/15_X033_C509_0319/15_X033_C509_0319_2.jpg,15_X033_C509_0319_2.jpg,32,비닐/포장제,BOX,563.0,189.0,1537.0,1297.0,0.5465903175429464,0.5159722222222223,0.5070275897969807,0.7694444444444445,0.3901295621493435
train,Training/images/비닐/포장제/15_X147_C887_0330/15_X147_C887_0330_0.jpg,15_X147_C887_0330_0.jpg,32,비닐/포장제,BOX,517.0,743.0,880.0,1118.0,0.48506944444444444,0.4843831337844872,0.2520833333333333,0.19521082769390943,0.04920939614783967
train,Training/images/비닐/포장제/15_X310_C887_0330/15_X310_C887_0330_1.jpg,15_X310_C887_0330_1.jpg,32,비닐/포장제,BOX,542.0,643.0,1013.0,1096.0,0.5399305555555556,0.452628839146278,0.32708333333333334,0.2358146798542426,0.07713105153565851
train,Training/images/비닐/포장제/15_X758_C888_0330/15_X758_C888_0330_2.jpg,15_X758_C888_0330_2.jpg,32,비닐/포장제,BOX,705.0,529.0,1410.0,1141.0,0.5504945340968246,0.5798611111111112,0.3669963560645497,0.425,0.15597345132743362
train,Training/images/스티로폼/네모트레이/16_X004_C103_0321/16_X004_C103_0321_1.jpg,16_X004_C103_0321_1.jpg,33,스티로폼/네모트레이,BOX,593.0,380.0,1447.0,971.0,0.5309734513274337,0.625462962962963,0.44456012493492975,0.5472222222222223,0.24327317947828098
train,Training/images/스티로폼/네모트레이/16_X009_C509_0118/16_X009_C509_0118_3.jpg,16_X009_C509_0118_3.jpg,33,스티로폼/네모트레이,BOX,387.0,357.0,1670.0,1098.0,0.5356770833333333,0.37890625,0.6682291666666667,0.3859375,0.25789469401041665
train,Training/images/스티로폼/네모트레이/16_X010_C520_0115/16_X010_C520_0115_2.jpg,16_X010_C520_0115_2.jpg,33,스티로폼/네모트레이,BOX,288.0,204.0,922.0,590.0,0.3151041666666667,0.3675925925925926,0.3302083333333333,0.3574074074074074,0.11801890432098766
train,Training/images/스티로폼/네모트레이/16_X010_C520_0115/16_X010_C520_0115_2.jpg,16_X010_C520_0115_2.jpg,33,스티로폼/네모트레이,BOX,1027.0,236.0,1815.0,520.0,0.7401041666666667,0.35,0.41041666666666665,0.26296296296296295,0.10792438271604939
train,Training/images/스티로폼/네모트레이/16_X017_C555_0114/16_X017_C555_0114_2.jpg,16_X017_C555_0114_2.jpg,33,스티로폼/네모트레이,BOX,183.0,164.0,848.0,582.0,0.26848958333333334,0.3453703703703704,0.3463541666666667,0.387037037037037,0.13405189043209875
train,Training/images/스티로폼/네모트레이/16_X017_C555_0114/16_X017_C555_0114_2.jpg,16_X017_C555_0114_2.jpg,33,스티로폼/네모트레이,BOX,1173.0,120.0,1838.0,581.0,0.7841145833333333,0.324537037037037,0.3463541666666667,0.42685185185185187,0.1478419174382716
train,Training/images/스티로폼/네모트레이/16_X057_C551_0114/16_X057_C551_0114_2.jpg,16_X057_C551_0114_2.jpg,33,스티로폼/네모트레이,BOX,1095.0,274.0,1723.0,502.0,0.7338541666666667,0.3592592592592593,0.32708333333333334,0.2111111111111111,0.06905092592592593
train,Training/images/스티로폼/네모트레이/16_X057_C551_0114/16_X057_C551_0114_2.jpg,16_X057_C551_0114_2.jpg,33,스티로폼/네모트레이,BOX,306.0,274.0,878.0,496.0,0.30833333333333335,0.35648148148148145,0.29791666666666666,0.20555555555555555,0.061238425925925925
train,Training/images/스티로폼/네모트레이/16_X065_C555_0115/16_X065_C555_0115_3.jpg,16_X065_C555_0115_3.jpg,33,스티로폼/네모트레이,BOX,598.0,223.0,1556.0,846.0,0.5609375,0.4949074074074074,0.49895833333333334,0.5768518518518518,0.28782503858024694
train,Training/images/스티로폼/네모트레이/16_X065_C555_0115/16_X065_C555_0115_3.jpg,16_X065_C555_0115_3.jpg,33,스티로폼/네모트레이,BOX,813.0,28.0,1075.0,163.0,0.49166666666666664,0.08842592592592592,0.13645833333333332,0.125,0.017057291666666665
train,Training/images/스티로폼/네모트레이/16_X097_C581_0114/16_X097_C581_0114_4.jpg,16_X097_C581_0114_4.jpg,33,스티로폼/네모트레이,BOX,923.0,351.0,1480.0,607.0,0.62578125,0.44351851851851853,0.29010416666666666,0.23703703703703705,0.06876543209876543
train,Training/images/스티로폼/네모트레이/16_X097_C581_0114/16_X097_C581_0114_4.jpg,16_X097_C581_0114_4.jpg,33,스티로폼/네모트레이,BOX,954.0,37.0,1480.0,271.0,0.6338541666666667,0.1425925925925926,0.27395833333333336,0.21666666666666667,0.05935763888888889
train,Training/images/스티로폼/네모트레이/16_X099_C581_0116/16_X099_C581_0116_1.jpg,16_X099_C581_0116_1.jpg,33,스티로폼/네모트레이,BOX,322.0,399.0,671.0,875.0,0.25859375,0.5898148148148148,0.18177083333333333,0.44074074074074077,0.08011381172839506
train,Training/images/스티로폼/네모트레이/16_X099_C581_0116/16_X099_C581_0116_1.jpg,16_X099_C581_0116_1.jpg,33,스티로폼/네모트레이,BOX,960.0,287.0,1441.0,918.0,0.6252604166666667,0.5578703703703703,0.25052083333333336,0.5842592592592593,0.1463691165123457
train,Training/images/스티로폼/네모트레이/16_X242_C499_0325/16_X242_C499_0325_0.jpg,16_X242_C499_0325_0.jpg,33,스티로폼/네모트레이,BOX,160.0,757.0,719.0,1034.0,0.40694444444444444,0.4661634565330557,0.5175925925925926,0.1441957313899011,0.074634642450884
train,Training/images/스티로폼/보호재/16_X003_C014_1208/16_X003_C014_1208_0.jpg,16_X003_C014_1208_0.jpg,34,스티로폼/보호재,BOX,300.0,239.0,890.0,877.0,0.26777677767776775,0.5166666666666667,0.26552655265526554,0.5907407407407408,0.15685735240190685
train,Training/images/스티로폼/보호재/16_X003_C014_1208/16_X003_C014_1208_0.jpg,16_X003_C014_1208_0.jpg,34,스티로폼/보호재,BOX,1080.0,302.0,1626.0,946.0,0.6089108910891089,0.5777777777777777,0.24572457245724572,0.5962962962962963,0.1465246524652465
train,Training/images/스티로폼/보호재/16_X005_C320_1203/16_X005_C320_1203_3.jpg,16_X005_C320_1203_3.jpg,34,스티로폼/보호재,BOX,189.0,274.0,899.0,880.0,0.2833333333333333,0.5342592592592592,0.3697916666666667,0.5611111111111111,0.20749421296296297
train,Training/images/스티로폼/보호재/16_X005_C320_1203/16_X005_C320_1203_3.jpg,16_X005_C320_1203_3.jpg,34,스티로폼/보호재,BOX,1251.0,283.0,1665.0,788.0,0.759375,0.49583333333333335,0.215625,0.4675925925925926,0.10082465277777777
train,Training/images/스티로폼/보호재/16_X008_C321_1109/16_X008_C321_1109_1.jpg,16_X008_C321_1109_1.jpg,34,스티로폼/보호재,BOX,483.0,601.0,1309.0,1074.0,0.4666666666666667,0.4361979166666667,0.43020833333333336,0.24635416666666668,0.10598361545138889
train,Training/images/스티로폼/보호재/16_X035_C499_0325/16_X035_C499_0325_3.jpg,16_X035_C499_0325_3.jpg,34,스티로폼/보호재,BOX,735.0,297.0,1681.0,930.0,0.6288391462779802,0.5680555555555555,0.4924518479958355,0.5861111111111111,0.28863149979755914
train,Training/images/스티로폼/보호재/16_X050_C101_0321/16_X050_C101_0321_2.jpg,16_X050_C101_0321_2.jpg,34,스티로폼/보호재,BOX,124.0,143.0,1534.0,559.0,0.43154606975533577,0.325,0.7339927121290994,0.3851851851851852,0.28272311874602346
train,Training/images/스티로폼/보호재/16_X063_C101_0321/16_X063_C101_0321_1.jpg,16_X063_C101_0321_1.jpg,34,스티로폼/보호재,BOX,422.0,280.0,1596.0,696.0,0.4542998649257091,0.45185185185185184,0.5285907248986943,0.3851851851851852,0.20360531625727482
train,Training/images/스티로폼/보호재/16_X185_C976_0325/16_X185_C976_0325_4.jpg,16_X185_C976_0325_4.jpg,34,스티로폼/보호재,BOX,31.0,416.0,1164.0,1345.0,0.4149305555555556,0.4583550234252993,0.7868055555555555,0.4836022904737116,0.38050096882410783
train,Training/images/스티로폼/보호재/16_X219_C509_0401/16_X219_C509_0401_0.jpg,16_X219_C509_0401_0.jpg,34,스티로폼/보호재,BOX,425.0,188.0,1002.0,771.0,0.4954861111111111,0.24960957834461217,0.40069444444444446,0.30348776678813116,0.12160586210885534
train,Training/images/스티로폼/보호재/16_X308_C500_0325/16_X308_C500_0325_1.jpg,16_X308_C500_0325_1.jpg,34,스티로폼/보호재,BOX,281.0,283.0,1288.0,940.0,0.5447916666666667,0.3183237896928683,0.6993055555555555,0.3420093701197293,0.23916905257678292
train,Training/images/스티로폼/스티로폼/16_X001_C193_1224/16_X001_C193_1224_4.jpg,16_X001_C193_1224_4.jpg,35,스티로폼/스티로폼,BOX,406.0,194.0,1065.0,759.0,0.38307291666666665,0.33090277777777777,0.34322916666666664,0.3923611111111111,0.13466977719907408
train,Training/images/스티로폼/스티로폼/16_X003_C039_1103/16_X003_C039_1103_2.jpg,16_X003_C039_1103_2.jpg,35,스티로폼/스티로폼,BOX,374.0,140.0,1504.0,812.0,0.4890625,0.44074074074074077,0.5885416666666666,0.6222222222222222,0.3662037037037037
train,Training/images/스티로폼/스티로폼/16_X003_C094_0321/16_X003_C094_0321_3.jpg,16_X003_C094_0321_3.jpg,35,스티로폼/스티로폼,BOX,309.0,185.0,1383.0,949.0,0.4403956272774597,0.525,0.5590838105153566,0.7074074074074074,0.39550002892012265
train,Training/images/스티로폼/스티로폼/16_X004_C509_0123/16_X004_C509_0123_2.jpg,16_X004_C509_0123_2.jpg,35,스티로폼/스티로폼,BOX,99.0,728.0,1103.0,1444.0,0.4173611111111111,0.5653305570015617,0.6972222222222222,0.37272254034357105,0.2598704378506565
train,Training/images/스티로폼/스티로폼/16_X006_C192_1116/16_X006_C192_1116_4.jpg,16_X006_C192_1116_4.jpg,35,스티로폼/스티로폼,BOX,523.0,400.0,1531.0,1134.0,0.5348958333333333,0.5326388888888889,0.525,0.5097222222222222,0.26760416666666664
train,Training/images/스티로폼/스티로폼/16_X019_C551_0116/16_X019_C551_0116_0.jpg,16_X019_C551_0116_0.jpg,33,스티로폼/네모트레이,BOX,587.0,434.0,825.0,720.0,0.36770833333333336,0.5342592592592592,0.12395833333333334,0.26481481481481484,0.03282600308641975
train,Training/images/스티로폼/스티로폼/16_X019_C551_0116/16_X019_C551_0116_0.jpg,16_X019_C551_0116_0.jpg,35,스티로폼/스티로폼,BOX,924.0,269.0,1255.0,707.0,0.5674479166666667,0.45185185185185184,0.17239583333333333,0.40555555555555556,0.06991608796296296
train,Training/images/스티로폼/스티로폼/16_X210_C556_0114/16_X210_C556_0114_2.jpg,16_X210_C556_0114_2.jpg,35,스티로폼/스티로폼,BOX,394.0,409.0,1555.0,1228.0,0.5075520833333333,0.5684027777777778,0.6046875,0.56875,0.343916015625
train,Training/images/스티로폼/스티로폼/16_X216_C551_0114/16_X216_C551_0114_1.jpg,16_X216_C551_0114_1.jpg,35,스티로폼/스티로폼,BOX,755.0,136.0,1699.0,800.0,0.6390625,0.43333333333333335,0.49166666666666664,0.6148148148148148,0.30228395061728397
train,Training/images/스티로폼/스티로폼/16_X216_C551_0114/16_X216_C551_0114_1.jpg,16_X216_C551_0114_1.jpg,33,스티로폼/네모트레이,BOX,155.0,457.0,534.0,826.0,0.17942708333333332,0.5939814814814814,0.19739583333333333,0.3416666666666667,0.06744357638888888
train,Training/images/스티로폼/스티로폼/16_X321_C509_0401/16_X321_C509_0401_0.jpg,16_X321_C509_0401_0.jpg,35,스티로폼/스티로폼,BOX,543.0,404.0,1092.0,1031.0,0.5677083333333334,0.3735033836543467,0.38125,0.32639250390421654,0.12443714211348256
train,Training/images/스티로폼/포장용기/16_X001_C014_1006/16_X001_C014_1006_0.jpg,16_X001_C014_1006_0.jpg,36,스티로폼/포장용기,BOX,249.0,150.0,1674.0,652.0,0.50078125,0.3712962962962963,0.7421875,0.4648148148148148,0.34497974537037035
train,Training/images/스티로폼/포장용기/16_X005_C023_0115/16_X005_C023_0115_1.jpg,16_X005_C023_0115_1.jpg,35,스티로폼/스티로폼,BOX,296.0,157.0,884.0,863.0,0.3072916666666667,0.4722222222222222,0.30625,0.6537037037037037,0.20019675925925925
train,Training/images/스티로폼/포장용기/16_X005_C023_0115/16_X005_C023_0115_1.jpg,16_X005_C023_0115_1.jpg,36,스티로폼/포장용기,BOX,1206.0,92.0,1742.0,857.0,0.7677083333333333,0.4393518518518518,0.2791666666666667,0.7083333333333334,0.19774305555555555
train,Training/images/스티로폼/포장용기/16_X013_C508_0320/16_X013_C508_0320_4.jpg,16_X013_C508_0320_4.jpg,36,스티로폼/포장용기,BOX,430.0,229.0,1517.0,860.0,0.5067673086933888,0.5041666666666667,0.5658511192087454,0.5842592592592593,0.3306037557599244
train,Training/images/스티로폼/포장용기/16_X022_C088_0321/16_X022_C088_0321_2.jpg,16_X022_C088_0321_2.jpg,36,스티로폼/포장용기,BOX,647.0,206.0,1302.0,856.0,0.5072878709005726,0.49166666666666664,0.34096824570536177,0.6018518518518519,0.20521237010044924
train,Training/images/스티로폼/포장용기/16_X062_C093_0321/16_X062_C093_0321_4.jpg,16_X062_C093_0321_4.jpg,36,스티로폼/포장용기,BOX,399.0,184.0,1007.0,934.0,0.3659552316501822,0.5175925925925926,0.31650182196772514,0.6944444444444444,0.21979293192203134
train,Training/images/스티로폼/포장용기/16_X066_C509_0320/16_X066_C509_0320_4.jpg,16_X066_C509_0320_4.jpg,36,스티로폼/포장용기,BOX,579.0,105.0,1460.0,756.0,0.5307131702238418,0.39861111111111114,0.4586153045288912,0.6027777777777777,0.27644311411880385
train,Training/images/스티로폼/포장용기/16_X067_C581_0115/16_X067_C581_0115_3.jpg,16_X067_C581_0115_3.jpg,36,스티로폼/포장용기,BOX,407.0,82.0,1013.0,438.0,0.3697916666666667,0.24074074074074073,0.315625,0.3296296296296296,0.10403935185185186
train,Training/images/스티로폼/포장용기/16_X067_C581_0115/16_X067_C581_0115_3.jpg,16_X067_C581_0115_3.jpg,33,스티로폼/네모트레이,BOX,267.0,561.0,903.0,832.0,0.3046875,0.6449074074074074,0.33125,0.25092592592592594,0.08311921296296296
train,Training/images/스티로폼/포장용기/16_X085_C581_0116/16_X085_C581_0116_3.jpg,16_X085_C581_0116_3.jpg,36,스티로폼/포장용기,BOX,615.0,46.0,1088.0,243.0,0.4434895833333333,0.1337962962962963,0.24635416666666668,0.1824074074074074,0.04493682484567901
train,Training/images/스티로폼/포장용기/16_X085_C581_0116/16_X085_C581_0116_3.jpg,16_X085_C581_0116_3.jpg,36,스티로폼/포장용기,BOX,473.0,459.0,1068.0,942.0,0.40130208333333334,0.6486111111111111,0.3098958333333333,0.44722222222222224,0.13859230324074073
train,Training/images/스티로폼/포장용기/16_X219_C556_0114/16_X219_C556_0114_2.jpg,16_X219_C556_0114_2.jpg,36,스티로폼/포장용기,BOX,444.0,440.0,1612.0,975.0,0.5354166666666667,0.4913194444444444,0.6083333333333333,0.3715277777777778,0.2260127314814815
train,Training/images/유리병/기타/17_X018_C196_1124/17_X018_C196_1124_3.jpg,17_X018_C196_1124_3.jpg,37,유리병/기타,BOX,581.0,433.0,1253.0,772.0,0.4773555439875065,0.5573543015726179,0.3498178032274857,0.3135985198889917,0.10970234532295804
train,Training/images/유리병/기타/17_X020_C175_1125/17_X020_C175_1125_1.jpg,17_X020_C175_1125_1.jpg,37,유리병/기타,BOX,675.0,343.0,1271.0,1015.0,0.5065070275897969,0.47152777777777777,0.31025507548152004,0.4666666666666667,0.14478570189137602
train,Training/images/유리병/기타/17_X027_C323_0116/17_X027_C323_0116_1.jpg,17_X027_C323_0116_1.jpg,37,유리병/기타,BOX,192.0,358.0,1475.0,731.0,0.4338885996876627,0.378125,0.6678813118167621,0.2590277777777778,0.17299981201920295
train,Training/images/유리병/기타/17_X040_C172_0107/17_X040_C172_0107_4.jpg,17_X040_C172_0107_4.jpg,37,유리병/기타,BOX,681.0,275.0,1381.0,1113.0,0.536699635606455,0.48194444444444445,0.3643935450286309,0.5819444444444445,0.21205679912082828
train,Training/images/유리병/기타/17_X081_C509_0129/17_X081_C509_0129_3.jpg,17_X081_C509_0129_3.jpg,37,유리병/기타,BOX,924.0,450.0,1506.0,1203.0,0.6324830817282665,0.43024466423737634,0.30296720458094745,0.39198334200937013,0.11875809737087632
train,Training/images/유리병/기타/17_X324_C777_0330/17_X324_C777_0330_3.jpg,17_X324_C777_0330_3.jpg,37,유리병/기타,BOX,242.0,854.0,1005.0,1136.0,0.5773148148148148,0.5179593961478397,0.7064814814814815,0.14679854242581988,0.10371045173231534
train,Training/images/유리병/기타/17_X368_C976_0331/17_X368_C976_0331_0.jpg,17_X368_C976_0331_0.jpg,37,유리병/기타,BOX,510.0,798.0,668.0,1152.0,0.40902777777777777,0.5075481520041645,0.10972222222222222,0.1842790213430505,0.02021950373069582
train,Training/images/유리병/기타/17_X370_C976_0331/17_X370_C976_0331_2.jpg,17_X370_C976_0331_2.jpg,37,유리병/기타,BOX,872.0,350.0,1105.0,960.0,0.5145757418011453,0.4548611111111111,0.12129099427381572,0.4236111111111111,0.051380212852102494
train,Training/images/유리병/기타/17_X383_C500_0331/17_X383_C500_0331_2.jpg,17_X383_C500_0331_2.jpg,37,유리병/기타,BOX,445.0,480.0,1031.0,883.0,0.5125,0.3547631441957314,0.40694444444444444,0.20978656949505467,0.08537147897507086
train,Training/images/유리병/기타술병/17_X002_C209_1130/17_X002_C209_1130_2.jpg,17_X002_C209_1130_2.jpg,38,유리병/기타술병,BOX,64.0,580.0,1666.0,1101.0,0.4505208333333333,0.5836805555555555,0.834375,0.36180555555555555,0.30188151041666667
train,Training/images/유리병/기타술병/17_X003_C053_1106/17_X003_C053_1106_3.jpg,17_X003_C053_1106_3.jpg,38,유리병/기타술병,BOX,505.0,101.0,1218.0,998.0,0.44869791666666664,0.5087962962962963,0.37135416666666665,0.8305555555555556,0.30843026620370373
train,Training/images/유리병/기타술병/17_X005_C014_1119/17_X005_C014_1119_0.jpg,17_X005_C014_1119_0.jpg,38,유리병/기타술병,BOX,650.0,417.0,1724.0,797.0,0.5344439441692931,0.562037037037037,0.48356596127870327,0.35185185185185186,0.17014357896843263
train,Training/images/유리병/기타술병/17_X006_C320_1105/17_X006_C320_1105_2.jpg,17_X006_C320_1105_2.jpg,38,유리병/기타술병,BOX,738.0,97.0,1056.0,928.0,0.4671875,0.47453703703703703,0.165625,0.7694444444444445,0.1274392361111111
train,Training/images/유리병/기타술병/17_X007_C012_1110/17_X007_C012_1110_0.jpg,17_X007_C012_1110_0.jpg,38,유리병/기타술병,BOX,369.0,47.0,1067.0,1098.0,0.37395833333333334,0.3975694444444444,0.36354166666666665,0.7298611111111111,0.2653349247685185
train,Training/images/유리병/기타술병/17_X009_C198_1113/17_X009_C198_1113_2.jpg,17_X009_C198_1113_2.jpg,38,유리병/기타술병,BOX,308.0,591.0,1566.0,911.0,0.48802083333333335,0.5215277777777778,0.6552083333333333,0.2222222222222222,0.14560185185185184
train,Training/images/유리병/기타술병/17_X010_C052_1117/17_X010_C052_1117_4.jpg,17_X010_C052_1117_4.jpg,38,유리병/기타술병,BOX,832.0,360.0,1127.0,1058.0,0.51015625,0.49236111111111114,0.15364583333333334,0.4847222222222222,0.07447554976851851
train,Training/images/유리병/기타술병/17_X038_C900_1021/17_X038_C900_1021_3.jpg,17_X038_C900_1021_3.jpg,38,유리병/기타술병,BOX,592.0,52.0,1261.0,1338.0,0.4825520833333333,0.4826388888888889,0.3484375,0.8930555555555556,0.3111740451388889
train,Training/images/유리병/기타술병/17_X084_C193_1127/17_X084_C193_1127_4.jpg,17_X084_C193_1127_4.jpg,38,유리병/기타술병,BOX,761.0,183.0,1447.0,1190.0,0.575,0.47673611111111114,0.3572916666666667,0.6993055555555555,0.2498560474537037
train,Training/images/유리병/맥주병/17_X001_C194_1116/17_X001_C194_1116_0.jpg,17_X001_C194_1116_0.jpg,39,유리병/맥주병,BOX,811.0,224.0,1075.0,882.0,0.49114583333333334,0.5120370370370371,0.1375,0.6092592592592593,0.08377314814814815
train,Training/images/유리병/맥주병/17_X002_C039_1127/17_X002_C039_1127_3.jpg,17_X002_C039_1127_3.jpg,39,유리병/맥주병,BOX,715.0,92.0,1220.0,747.0,0.50390625,0.38842592592592595,0.2630208333333333,0.6064814814814815,0.15951726466049382
train,Training/images/유리병/맥주병/17_X002_C326_1102/17_X002_C326_1102_2.jpg,17_X002_C326_1102_2.jpg,39,유리병/맥주병,BOX,503.0,372.0,1593.0,860.0,0.5458333333333333,0.42777777777777776,0.5677083333333334,0.3388888888888889,0.1923900462962963
train,Training/images/유리병/맥주병/17_X003_C198_1108/17_X003_C198_1108_3.jpg,17_X003_C198_1108_3.jpg,39,유리병/맥주병,BOX,916.0,299.0,1282.0,1165.0,0.5723958333333333,0.5083333333333333,0.190625,0.6013888888888889,0.11463975694444445
train,Training/images/유리병/맥주병/17_X003_C208_1112/17_X003_C208_1112_3.jpg,17_X003_C208_1112_3.jpg,39,유리병/맥주병,BOX,943.0,150.0,1250.0,1020.0,0.57109375,0.5416666666666666,0.15989583333333332,0.8055555555555556,0.12880497685185185
train,Training/images/유리병/맥주병/17_X004_C055_1111/17_X004_C055_1111_0.jpg,17_X004_C055_1111_0.jpg,39,유리병/맥주병,BOX,735.0,354.0,1334.0,672.0,0.5388020833333333,0.475,0.31197916666666664,0.29444444444444445,0.09186053240740741
train,Training/images/유리병/맥주병/17_X005_C211_1113/17_X005_C211_1113_1.jpg,17_X005_C211_1113_1.jpg,39,유리병/맥주병,BOX,717.0,380.0,1237.0,968.0,0.5088541666666667,0.46805555555555556,0.2708333333333333,0.4083333333333333,0.11059027777777777
train,Training/images/유리병/맥주병/17_X011_C194_1027/17_X011_C194_1027_2.jpg,17_X011_C194_1027_2.jpg,39,유리병/맥주병,BOX,673.0,560.0,1153.0,917.0,0.47552083333333334,0.6837962962962963,0.25,0.33055555555555555,0.08263888888888889
train,Training/images/유리병/맥주병/17_X034_C053_1023/17_X034_C053_1023_1.jpg,17_X034_C053_1023_1.jpg,39,유리병/맥주병,BOX,310.0,528.0,1586.0,1075.0,0.49375,0.5565972222222222,0.6645833333333333,0.3798611111111111,0.25244936342592594
train,Training/images/유리병/물병/17_X001_C172_1125/17_X001_C172_1125_3.jpg,17_X001_C172_1125_3.jpg,40,유리병/물병,BOX,693.0,243.0,1449.0,954.0,0.5578125,0.415625,0.39375,0.49375,0.1944140625
train,Training/images/유리병/물병/17_X005_C189_1109/17_X005_C189_1109_0.jpg,17_X005_C189_1109_0.jpg,40,유리병/물병,BOX,830.0,438.0,974.0,749.0,0.46979166666666666,0.30911458333333336,0.075,0.16197916666666667,0.0121484375
train,Training/images/유리병/물병/17_X007_C187_1112/17_X007_C187_1112_4.jpg,17_X007_C187_1112_4.jpg,40,유리병/물병,BOX,137.0,591.0,1685.0,1067.0,0.4744791666666667,0.5756944444444444,0.80625,0.33055555555555555,0.2665104166666667
train,Training/images/유리병/물병/17_X010_C025_1013/17_X010_C025_1013_3.jpg,17_X010_C025_1013_3.jpg,40,유리병/물병,BOX,318.0,242.0,1143.0,878.0,0.38027069234773553,0.3888888888888889,0.42946382092660074,0.44166666666666665,0.189679854242582
train,Training/images/유리병/물병/17_X022_C198_1113/17_X022_C198_1113_3.jpg,17_X022_C198_1113_3.jpg,40,유리병/물병,BOX,867.0,407.0,1251.0,884.0,0.5515625,0.4482638888888889,0.2,0.33125,0.06625
train,Training/images/유리병/물병/17_X023_C012_1120/17_X023_C012_1120_0.jpg,17_X023_C012_1120_0.jpg,40,유리병/물병,BOX,681.0,709.0,1011.0,935.0,0.440625,0.5708333333333333,0.171875,0.15694444444444444,0.02697482638888889
train,Training/images/유리병/물병/17_X023_C209_1117/17_X023_C209_1117_3.jpg,17_X023_C209_1117_3.jpg,40,유리병/물병,BOX,16.0,121.0,1693.0,1019.0,0.44505208333333335,0.3958333333333333,0.8734375,0.6236111111111111,0.5446853298611111
train,Training/images/유리병/물병/17_X110_C172_0107/17_X110_C172_0107_2.jpg,17_X110_C172_0107_2.jpg,40,유리병/물병,BOX,876.0,506.0,1243.0,879.0,0.5518229166666667,0.4809027777777778,0.19114583333333332,0.2590277777777778,0.049512080439814816
train,Training/images/유리병/물병/17_X172_C777_0330/17_X172_C777_0330_3.jpg,17_X172_C777_0330_3.jpg,40,유리병/물병,BOX,237.0,938.0,968.0,1309.0,0.5578703703703703,0.5201388888888889,0.6768518518518518,0.17175925925925925,0.11625557270233196
train,Training/images/유리병/박카스병/17_X001_C053_1020/17_X001_C053_1020_4.jpg,17_X001_C053_1020_4.jpg,41,유리병/박카스병,BOX,821.0,303.0,1104.0,1075.0,0.5013020833333334,0.47847222222222224,0.14739583333333334,0.5361111111111111,0.07902054398148148
train,Training/images/유리병/박카스병/17_X003_C024_1020/17_X003_C024_1020_2.jpg,17_X003_C024_1020_2.jpg,41,유리병/박카스병,BOX,404.0,133.0,1491.0,672.0,0.4934895833333333,0.2795138888888889,0.5661458333333333,0.37430555555555556,0.21191153067129628
train,Training/images/유리병/박카스병/17_X008_C190_1119/17_X008_C190_1119_3.jpg,17_X008_C190_1119_3.jpg,41,유리병/박카스병,BOX,770.0,411.0,1314.0,934.0,0.5427083333333333,0.4670138888888889,0.2833333333333333,0.36319444444444443,0.10290509259259259
train,Training/images/유리병/박카스병/17_X009_C192_1116/17_X009_C192_1116_3.jpg,17_X009_C192_1116_3.jpg,41,유리병/박카스병,BOX,582.0,531.0,1152.0,983.0,0.4515625,0.5256944444444445,0.296875,0.3138888888888889,0.09318576388888888
train,Training/images/유리병/박카스병/17_X0127_C318_1117/17_X0127_C318_1117_4.jpg,17_X0127_C318_1117_4.jpg,41,유리병/박카스병,BOX,554.0,297.0,1744.0,786.0,0.5319444444444444,0.5013888888888889,0.5509259259259259,0.4527777777777778,0.24944701646090536
train,Training/images/유리병/박카스병/17_X015_C178_1111/17_X015_C178_1111_1.jpg,17_X015_C178_1111_1.jpg,41,유리병/박카스병,BOX,869.0,411.0,1032.0,706.0,0.49505208333333334,0.38784722222222223,0.08489583333333334,0.2048611111111111,0.01739185474537037
train,Training/images/유리병/박카스병/17_X019_C188_1126/17_X019_C188_1126_3.jpg,17_X019_C188_1126_3.jpg,41,유리병/박카스병,BOX,983.0,528.0,1253.0,926.0,0.5822916666666667,0.5048611111111111,0.140625,0.2763888888888889,0.0388671875
train,Training/images/유리병/박카스병/17_X104_C509_0111/17_X104_C509_0111_1.jpg,17_X104_C509_0111_1.jpg,41,유리병/박카스병,BOX,718.0,427.0,1371.0,1473.0,0.5440104166666667,0.4947916666666667,0.34010416666666665,0.5447916666666667,0.18528591579861112
train,Training/images/유리병/박카스병/17_X269_C500_0331/17_X269_C500_0331_4.jpg,17_X269_C500_0331_4.jpg,41,유리병/박카스병,BOX,753.0,205.0,1290.0,771.0,0.709375,0.2540343571056741,0.3729166666666667,0.2946382092660073,0.10987549887211522
train,Training/images/유리병/소주병/17_X002_C188_1104/17_X002_C188_1104_2.jpg,17_X002_C188_1104_2.jpg,42,유리병/소주병,BOX,698.0,129.0,1107.0,1090.0,0.4700520833333333,0.4232638888888889,0.21302083333333333,0.6673611111111111,0.14216182002314814
train,Training/images/유리병/소주병/17_X002_C189_1127/17_X002_C189_1127_3.jpg,17_X002_C189_1127_3.jpg,42,유리병/소주병,BOX,463.0,459.0,1307.0,724.0,0.4609375,0.30807291666666664,0.4395833333333333,0.13802083333333334,0.06067165798611111
train,Training/images/유리병/소주병/17_X004_C058_1030/17_X004_C058_1030_3.jpg,17_X004_C058_1030_3.jpg,42,유리병/소주병,BOX,829.0,648.0,1244.0,1090.0,0.53984375,0.6034722222222222,0.21614583333333334,0.30694444444444446,0.06634476273148149
train,Training/images/유리병/소주병/17_X006_C194_1126/17_X006_C194_1126_4.jpg,17_X006_C194_1126_4.jpg,42,유리병/소주병,BOX,781.0,252.0,1042.0,968.0,0.4747395833333333,0.5648148148148148,0.1359375,0.662962962962963,0.09012152777777778
train,Training/images/유리병/소주병/17_X011_C320_1105/17_X011_C320_1105_0.jpg,17_X011_C320_1105_0.jpg,42,유리병/소주병,BOX,792.0,87.0,1088.0,904.0,0.4895833333333333,0.4587962962962963,0.15416666666666667,0.7564814814814815,0.11662422839506173
train,Training/images/유리병/소주병/17_X015_C023_1130/17_X015_C023_1130_1.jpg,17_X015_C023_1130_1.jpg,42,유리병/소주병,BOX,168.0,378.0,1632.0,815.0,0.46875,0.5523148148148148,0.7625,0.4046296296296296,0.3085300925925926
train,Training/images/유리병/소주병/17_X018_C190_1202/17_X018_C190_1202_4.jpg,17_X018_C190_1202_4.jpg,42,유리병/소주병,BOX,817.0,448.0,1064.0,1110.0,0.48984375,0.5409722222222222,0.12864583333333332,0.4597222222222222,0.05914134837962963
train,Training/images/유리병/소주병/17_X025_C187_1117/17_X025_C187_1117_1.jpg,17_X025_C187_1117_1.jpg,42,유리병/소주병,BOX,609.0,208.0,1119.0,1300.0,0.45,0.5236111111111111,0.265625,0.7583333333333333,0.20143229166666668
train,Training/images/유리병/소주병/17_X032_C509_0129/17_X032_C509_0129_2.jpg,17_X032_C509_0129_2.jpg,42,유리병/소주병,BOX,890.0,294.0,1234.0,1299.0,0.5528370640291514,0.553125,0.1790733992712129,0.6979166666666666,0.124978309908034
train,Training/images/유리병/음료수병/17_X003_C205_1106/17_X003_C205_1106_0.jpg,17_X003_C205_1106_0.jpg,43,유리병/음료수병,BOX,564.0,193.0,914.0,809.0,0.3848958333333333,0.4638888888888889,0.18229166666666666,0.5703703703703704,0.10397376543209877
train,Training/images/유리병/음료수병/17_X008_C016_1119/17_X008_C016_1119_2.jpg,17_X008_C016_1119_2.jpg,43,유리병/음료수병,BOX,580.0,67.0,1069.0,1069.0,0.42942708333333335,0.39444444444444443,0.2546875,0.6958333333333333,0.17722005208333333
train,Training/images/유리병/음료수병/17_X017_C053_1116/17_X017_C053_1116_4.jpg,17_X017_C053_1116_4.jpg,43,유리병/음료수병,BOX,654.0,361.0,1088.0,525.0,0.45364583333333336,0.4101851851851852,0.22604166666666667,0.15185185185185185,0.034324845679012346
train,Training/images/유리병/음료수병/17_X017_C178_1123/17_X017_C178_1123_4.jpg,17_X017_C178_1123_4.jpg,43,유리병/음료수병,BOX,930.0,229.0,1283.0,1142.0,0.5763020833333333,0.47604166666666664,0.18385416666666668,0.6340277777777777,0.11656864872685185
train,Training/images/유리병/음료수병/17_X017_C194_1124/17_X017_C194_1124_2.jpg,17_X017_C194_1124_2.jpg,43,유리병/음료수병,BOX,798.0,69.0,1153.0,1003.0,0.5080729166666667,0.4962962962962963,0.18489583333333334,0.8648148148148148,0.15990065586419752
train,Training/images/유리병/음료수병/17_X028_C509_0129/17_X028_C509_0129_4.jpg,17_X028_C509_0129_4.jpg,43,유리병/음료수병,BOX,870.0,411.0,1016.0,714.0,0.4908901613742842,0.390625,0.07600208224882873,0.21041666666666667,0.01599210480652438
train,Training/images/유리병/음료수병/17_X282_C500_0331/17_X282_C500_0331_0.jpg,17_X282_C500_0331_0.jpg,43,유리병/음료수병,BOX,437.0,653.0,891.0,891.0,0.46111111111111114,0.4018740239458615,0.31527777777777777,0.12389380530973451,0.03906096361848574
train,Training/images/유리병/음료수병/17_X331_C500_0331/17_X331_C500_0331_2.jpg,17_X331_C500_0331_2.jpg,43,유리병/음료수병,BOX,462.0,574.0,1158.0,1044.0,0.5625,0.4211348256116606,0.48333333333333334,0.24466423737636647,0.11825438139857714
train,Training/images/유리병/음료수병/17_X344_C976_0331/17_X344_C976_0331_2.jpg,17_X344_C976_0331_2.jpg,43,유리병/음료수병,BOX,564.0,247.0,982.0,1047.0,0.4023945861530453,0.44930555555555557,0.21759500260281103,0.5555555555555556,0.12088611255711725
train,Training/images/유리병/주방용기/17_X005_C194_1110/17_X005_C194_1110_4.jpg,17_X005_C194_1110_4.jpg,44,유리병/주방용기,BOX,472.0,371.0,1474.0,697.0,0.5067708333333333,0.49444444444444446,0.521875,0.30185185185185187,0.15752893518518518
train,Training/images/유리병/주방용기/17_X010_C187_1116/17_X010_C187_1116_0.jpg,17_X010_C187_1116_0.jpg,44,유리병/주방용기,BOX,810.0,488.0,1170.0,920.0,0.515625,0.4888888888888889,0.1875,0.3,0.05625
train,Training/images/유리병/주방용기/17_X012_C189_1116/17_X012_C189_1116_1.jpg,17_X012_C189_1116_1.jpg,44,유리병/주방용기,BOX,848.0,316.0,1257.0,1353.0,0.5481770833333334,0.43463541666666666,0.21302083333333333,0.5401041666666667,0.11505343967013888
train,Training/images/유리병/주방용기/17_X015_C509_0129/17_X015_C509_0129_4.jpg,17_X015_C509_0129_4.jpg,44,유리병/주방용기,BOX,815.0,881.0,1336.0,1161.0,0.5598646538261323,0.5314940135346173,0.27121290994273817,0.14575741801145237,0.03953129348462607
train,Training/images/유리병/주방용기/17_X016_C038_1119/17_X016_C038_1119_4.jpg,17_X016_C038_1119_4.jpg,44,유리병/주방용기,BOX,433.0,90.0,1255.0,679.0,0.4395833333333333,0.3560185185185185,0.428125,0.5453703703703704,0.23348668981481482
train,Training/images/유리병/주방용기/17_X020_C178_1111/17_X020_C178_1111_0.jpg,17_X020_C178_1111_0.jpg,44,유리병/주방용기,BOX,900.0,115.0,1306.0,978.0,0.5744791666666667,0.3795138888888889,0.21145833333333333,0.5993055555555555,0.1267281539351852
train,Training/images/유리병/주방용기/17_X036_C318_1124/17_X036_C318_1124_1.jpg,17_X036_C318_1124_1.jpg,44,유리병/주방용기,BOX,925.0,352.0,1099.0,764.0,0.5270833333333333,0.3877692842251564,0.090625,0.2863099374565671,0.025946838082001388
train,Training/images/유리병/주방용기/17_X041_C320_1126/17_X041_C320_1126_1.jpg,17_X041_C320_1126_1.jpg,44,유리병/주방용기,BOX,385.0,757.0,1346.0,1639.0,0.6010416666666667,0.6239583333333333,0.6673611111111111,0.459375,0.3065690104166667
train,Training/images/유리병/주방용기/17_X299_C777_0330/17_X299_C777_0330_3.jpg,17_X299_C777_0330_3.jpg,44,유리병/주방용기,BOX,380.0,694.0,855.0,984.0,0.5717592592592593,0.4367516918271733,0.4398148148148148,0.15096304008328995,0.06639578151811364
train,Training/images/의류/기타/18_X003_C173_0115/18_X003_C173_0115_0.jpg,18_X003_C173_0115_0.jpg,45,의류/기타,BOX,597.0,257.0,1356.0,1379.0,0.5083289953149401,0.5680555555555555,0.39510671525247265,0.7791666666666667,0.30785398230088495
train,Training/images/의류/기타/18_X003_C173_0115/18_X003_C173_0115_1.jpg,18_X003_C173_0115_1.jpg,45,의류/기타,BOX,482.0,180.0,1349.0,1432.0,0.47657470067673086,0.5597222222222222,0.45132743362831856,0.8694444444444445,0.3924041297935103
train,Training/images/의류/기타/18_X003_C173_0115/18_X003_C173_0115_2.jpg,18_X003_C173_0115_2.jpg,45,의류/기타,BOX,158.0,371.0,1583.0,1264.0,0.4531494013534617,0.5677083333333334,0.7418011452368558,0.6201388888888889,0.46001973798368906
train,Training/images/의류/기타/18_X003_C173_0115/18_X003_C173_0115_3.jpg,18_X003_C173_0115_3.jpg,45,의류/기타,BOX,208.0,192.0,1463.0,1086.0,0.4349297241020302,0.44375,0.6533055700156168,0.6208333333333333,0.4055938747180288
train,Training/images/의류/기타/18_X003_C173_0115/18_X003_C173_0115_4.jpg,18_X003_C173_0115_4.jpg,45,의류/기타,BOX,596.0,160.0,1332.0,1280.0,0.5018219677251432,0.5,0.3831337844872462,0.7777777777777778,0.2979929434900804
train,Training/images/의류/기타의류/18_X001_C209_1119/18_X001_C209_1119_0.jpg,18_X001_C209_1119_0.jpg,46,의류/기타의류,BOX,657.0,343.0,1427.0,1227.0,0.5427083333333333,0.5451388888888888,0.4010416666666667,0.6138888888888889,0.24619502314814815
train,Training/images/의류/기타의류/18_X002_C024_1124/18_X002_C024_1124_0.jpg,18_X002_C024_1124_0.jpg,46,의류/기타의류,BOX,320.0,374.0,1252.0,935.0,0.409375,0.6060185185185185,0.48541666666666666,0.5194444444444445,0.25214699074074076
train,Training/images/의류/기타의류/18_X004_C024_1124/18_X004_C024_1124_4.jpg,18_X004_C024_1124_4.jpg,46,의류/기타의류,BOX,487.0,278.0,1690.0,759.0,0.5669270833333333,0.48009259259259257,0.6265625,0.44537037037037036,0.2790523726851852
train,Training/images/의류/기타의류/18_X005_C014_1125_5/18_X005_C014_1125_5_1.jpg,18_X005_C014_1125_5_1.jpg,46,의류/기타의류,BOX,611.0,316.0,1519.0,786.0,0.4795137325529041,0.5101851851851852,0.40882485366951826,0.4351851851851852,0.17791451965247554
train,Training/images/의류/기타의류/18_X019_C193_1116/18_X019_C193_1116_0.jpg,18_X019_C193_1116_0.jpg,46,의류/기타의류,BOX,507.0,206.0,1474.0,1152.0,0.5158854166666667,0.47152777777777777,0.5036458333333333,0.6569444444444444,0.3308673321759259
train,Training/images/의류/기타의류/18_X026_C172_1117/18_X026_C172_1117_0.jpg,18_X026_C172_1117_0.jpg,46,의류/기타의류,BOX,732.0,502.0,1290.0,1215.0,0.5265625,0.5961805555555556,0.290625,0.4951388888888889,0.14389973958333332
train,Training/images/의류/기타의류/18_X031_C502_1015/18_X031_C502_1015_4.jpg,18_X031_C502_1015_4.jpg,46,의류/기타의류,BOX,718.0,270.0,1363.0,1131.0,0.5419270833333333,0.4864583333333333,0.3359375,0.5979166666666667,0.20086263020833334
train,Training/images/의류/기타의류/18_X121_C900_1102/18_X121_C900_1102_4.jpg,18_X121_C900_1102_4.jpg,46,의류/기타의류,BOX,512.0,369.0,1306.0,865.0,0.4734375,0.5712962962962963,0.41354166666666664,0.45925925925925926,0.18992283950617284
train,Training/images/의류/기타의류/18_X201_C900_1209/18_X201_C900_1209_4.jpg,18_X201_C900_1209_4.jpg,46,의류/기타의류,BOX,611.0,208.0,1325.0,755.0,0.5041666666666667,0.44583333333333336,0.371875,0.5064814814814815,0.18834780092592593
train,Training/images/의류/레깅스/18_X005_C169_1120/18_X005_C169_1120_0.jpg,18_X005_C169_1120_0.jpg,47,의류/레깅스,BOX,256.0,188.0,1304.0,852.0,0.40625,0.48148148148148145,0.5458333333333333,0.6148148148148148,0.3355864197530864
train,Training/images/의류/레깅스/18_X006_C163_1118/18_X006_C163_1118_4.jpg,18_X006_C163_1118_4.jpg,47,의류/레깅스,BOX,473.0,106.0,1504.0,984.0,0.51484375,0.5046296296296297,0.5369791666666667,0.812962962962963,0.43654417438271603
train,Training/images/의류/레깅스/18_X014_C163_1127/18_X014_C163_1127_1.jpg,18_X014_C163_1127_1.jpg,47,의류/레깅스,BOX,520.0,69.0,1329.0,1270.0,0.48151041666666666,0.46493055555555557,0.42135416666666664,0.8340277777777778,0.3514210792824074
train,Training/images/의류/레깅스/18_X047_C502_1126/18_X047_C502_1126_1.jpg,18_X047_C502_1126_1.jpg,47,의류/레깅스,BOX,430.0,146.0,1011.0,1331.0,0.5003472222222223,0.3846354166666667,0.40347222222222223,0.6171875,0.24901801215277777
train,Training/images/의류/레깅스/18_X051_C999_0930/18_X051_C999_0930_0.jpg,18_X051_C999_0930_0.jpg,47,의류/레깅스,BOX,616.0,157.0,1034.0,890.0,0.42946382092660074,0.4847222222222222,0.21759500260281103,0.6787037037037037,0.1476825341739449
train,Training/images/의류/레깅스/18_X052_C193_1124/18_X052_C193_1124_2.jpg,18_X052_C193_1124_2.jpg,47,의류/레깅스,BOX,399.0,410.0,1725.0,1184.0,0.553125,0.5534722222222223,0.690625,0.5375,0.3712109375
train,Training/images/의류/레깅스/18_X249_C900_1102/18_X249_C900_1102_3.jpg,18_X249_C900_1102_3.jpg,47,의류/레깅스,BOX,526.0,161.0,1476.0,1218.0,0.5213541666666667,0.47881944444444446,0.4947916666666667,0.7340277777777777,0.3631908275462963
train,Training/images/의류/레깅스/18_X272_C900_1209/18_X272_C900_1209_0.jpg,18_X272_C900_1209_0.jpg,47,의류/레깅스,BOX,493.0,285.0,1474.0,725.0,0.5122395833333333,0.4675925925925926,0.5109375,0.4074074074074074,0.20815972222222223
train,Training/images/의류/레깅스/18_X365_C900_1209/18_X365_C900_1209_4.jpg,18_X365_C900_1209_4.jpg,47,의류/레깅스,BOX,249.0,559.0,1636.0,1089.0,0.4908854166666667,0.5722222222222222,0.7223958333333333,0.3680555555555556,0.2658817997685185
train,Training/images/의류/면의류/18_X002_C175_1118/18_X002_C175_1118_2.jpg,18_X002_C175_1118_2.jpg,48,의류/면의류,BOX,138.0,200.0,1742.0,1175.0,0.4895833333333333,0.4774305555555556,0.8354166666666667,0.6770833333333334,0.5656467013888888
train,Training/images/의류/면의류/18_X005_C163_1026/18_X005_C163_1026_1.jpg,18_X005_C163_1026_1.jpg,48,의류/면의류,BOX,570.0,37.0,1960.0,772.0,0.5695632597928861,0.37453703703703706,0.6258442143178748,0.6805555555555556,0.4259217569663315
train,Training/images/의류/면의류/18_X007_C014_0928/18_X007_C014_0928_1.jpg,18_X007_C014_0928_1.jpg,48,의류/면의류,BOX,717.0,180.0,1385.0,921.0,0.5473958333333333,0.5097222222222222,0.34791666666666665,0.6861111111111111,0.23870949074074074
train,Training/images/의류/면의류/18_X007_C015_1026/18_X007_C015_1026_3.jpg,18_X007_C015_1026_3.jpg,48,의류/면의류,BOX,49.0,212.0,1649.0,759.0,0.4421875,0.449537037037037,0.8333333333333334,0.5064814814814815,0.4220679012345679
train,Training/images/의류/면의류/18_X012_C044_1127/18_X012_C044_1127_0.jpg,18_X012_C044_1127_0.jpg,48,의류/면의류,BOX,772.0,211.0,1262.0,1050.0,0.5296875,0.4378472222222222,0.2552083333333333,0.5826388888888889,0.14869429976851853
train,Training/images/의류/면의류/18_X013_C163_1201/18_X013_C163_1201_2.jpg,18_X013_C163_1201_2.jpg,48,의류/면의류,BOX,396.0,375.0,1891.0,1158.0,0.5955729166666667,0.5322916666666667,0.7786458333333334,0.54375,0.423388671875
train,Training/images/의류/면의류/18_X013_C509_0511/18_X013_C509_0511_1.jpg,18_X013_C509_0511_1.jpg,48,의류/면의류,BOX,50.0,201.0,1836.0,1196.0,0.4908901613742842,0.48506944444444444,0.9297241020301926,0.6909722222222222,0.6424135288333622
train,Training/images/의류/면의류/18_X033_C203_1123/18_X033_C203_1123_4.jpg,18_X033_C203_1123_4.jpg,48,의류/면의류,BOX,87.0,281.0,1745.0,985.0,0.47708333333333336,0.4395833333333333,0.8635416666666667,0.4888888888888889,0.4221759259259259
train,Training/images/의류/면의류/18_X035_C203_1123/18_X035_C203_1123_3.jpg,18_X035_C203_1123_3.jpg,48,의류/면의류,BOX,187.0,215.0,1851.0,1078.0,0.5307291666666667,0.44895833333333335,0.8666666666666667,0.5993055555555555,0.5193981481481481
train,Training/images/의류/상의/18_X003_C211_1106/18_X003_C211_1106_2.jpg,18_X003_C211_1106_2.jpg,49,의류/상의,BOX,419.0,258.0,1388.0,1221.0,0.4705729166666667,0.5135416666666667,0.5046875,0.66875,0.337509765625
train,Training/images/의류/상의/18_X004_C188_1207/18_X004_C188_1207_0.jpg,18_X004_C188_1207_0.jpg,49,의류/상의,BOX,187.0,416.0,621.0,729.0,0.21041666666666667,0.3975694444444444,0.22604166666666667,0.21736111111111112,0.04913266782407407
train,Training/images/의류/상의/18_X004_C188_1207/18_X004_C188_1207_0.jpg,18_X004_C188_1207_0.jpg,49,의류/상의,BOX,1185.0,369.0,1521.0,586.0,0.7046875,0.3315972222222222,0.175,0.15069444444444444,0.02637152777777778
train,Training/images/의류/상의/18_X009_C042_1021/18_X009_C042_1021_0.jpg,18_X009_C042_1021_0.jpg,49,의류/상의,BOX,458.0,270.0,1369.0,1030.0,0.47578125,0.4513888888888889,0.4744791666666667,0.5277777777777778,0.2504195601851852
train,Training/images/의류/상의/18_X011_C175_1116/18_X011_C175_1116_0.jpg,18_X011_C175_1116_0.jpg,49,의류/상의,BOX,562.0,449.0,1377.0,1179.0,0.5049479166666667,0.5652777777777778,0.4244791666666667,0.5069444444444444,0.21518735532407407
train,Training/images/의류/상의/18_X012_C331_1123/18_X012_C331_1123_0.jpg,18_X012_C331_1123_0.jpg,49,의류/상의,BOX,399.0,182.0,1356.0,1241.0,0.45703125,0.49409722222222224,0.4984375,0.7354166666666667,0.3665592447916667
train,Training/images/의류/상의/18_X018_C044_1207/18_X018_C044_1207_3.jpg,18_X018_C044_1207_3.jpg,49,의류/상의,BOX,253.0,341.0,944.0,1175.0,0.31171875,0.5263888888888889,0.35989583333333336,0.5791666666666667,0.2084396701388889
train,Training/images/의류/상의/18_X018_C044_1207/18_X018_C044_1207_3.jpg,18_X018_C044_1207_3.jpg,49,의류/상의,BOX,936.0,236.0,1618.0,849.0,0.6651041666666667,0.3767361111111111,0.35520833333333335,0.42569444444444443,0.15121021412037036
train,Training/images/의류/상의/18_X019_C203_1126/18_X019_C203_1126_0.jpg,18_X019_C203_1126_0.jpg,49,의류/상의,BOX,316.0,537.0,966.0,1347.0,0.44513888888888886,0.490625,0.4513888888888889,0.421875,0.1904296875
train,Training/images/의류/상의/18_X154_C900_1102/18_X154_C900_1102_3.jpg,18_X154_C900_1102_3.jpg,49,의류/상의,BOX,554.0,318.0,1210.0,959.0,0.459375,0.5912037037037037,0.3416666666666667,0.5935185185185186,0.2027854938271605
train,Training/images/의류/상의/18_X398_C900_1102/18_X398_C900_1102_1.jpg,18_X398_C900_1102_1.jpg,49,의류/상의,BOX,279.0,314.0,1452.0,1185.0,0.45078125,0.5204861111111111,0.6109375,0.6048611111111111,0.36953233506944444
train,Training/images/의류/외투/18_X016_C175_1130/18_X016_C175_1130_4.jpg,18_X016_C175_1130_4.jpg,50,의류/외투,BOX,17.0,535.0,1362.0,1483.0,0.47881944444444446,0.5255208333333333,0.9340277777777778,0.49375,0.4611762152777778
train,Training/images/의류/외투/18_X020_C190_1123/18_X020_C190_1123_3.jpg,18_X020_C190_1123_3.jpg,50,의류/외투,BOX,180.0,294.0,1354.0,1008.0,0.39947916666666666,0.45208333333333334,0.6114583333333333,0.49583333333333335,0.3031814236111111
train,Training/images/의류/외투/18_X021_C707_1214/18_X021_C707_1214_2.jpg,18_X021_C707_1214_2.jpg,50,의류/외투,BOX,542.0,128.0,1522.0,1241.0,0.5375,0.4753472222222222,0.5104166666666666,0.7729166666666667,0.3945095486111111
train,Training/images/의류/외투/18_X027_C203_1211/18_X027_C203_1211_0.jpg,18_X027_C203_1211_0.jpg,50,의류/외투,BOX,406.0,325.0,903.0,1066.0,0.34088541666666666,0.4829861111111111,0.25885416666666666,0.5145833333333333,0.13320203993055554
train,Training/images/의류/외투/18_X027_C203_1211/18_X027_C203_1211_0.jpg,18_X027_C203_1211_0.jpg,50,의류/외투,BOX,1029.0,227.0,1563.0,1174.0,0.675,0.4864583333333333,0.278125,0.6576388888888889,0.18290581597222222
train,Training/images/의류/외투/18_X046_C023_1012/18_X046_C023_1012_2.jpg,18_X046_C023_1012_2.jpg,50,의류/외투,BOX,142.0,84.0,1763.0,1111.0,0.49609375,0.4149305555555556,0.8442708333333333,0.7131944444444445,0.6021292679398148
train,Training/images/의류/외투/18_X054_C900_1209/18_X054_C900_1209_0.jpg,18_X054_C900_1209_0.jpg,50,의류/외투,BOX,431.0,210.0,1410.0,830.0,0.47942708333333334,0.48148148148148145,0.5098958333333333,0.5740740740740741,0.29271797839506175
train,Training/images/의류/외투/18_X057_C203_1124_5/18_X057_C203_1124_5_3.jpg,18_X057_C203_1124_5_3.jpg,50,의류/외투,BOX,555.0,206.0,1692.0,1017.0,0.58515625,0.42465277777777777,0.5921875,0.5631944444444444,0.33351671006944444
train,Training/images/의류/외투/18_X132_C900_1117/18_X132_C900_1117_4.jpg,18_X132_C900_1117_4.jpg,50,의류/외투,BOX,641.0,267.0,1242.0,849.0,0.4903645833333333,0.5166666666666667,0.31302083333333336,0.5388888888888889,0.16868344907407407
train,Training/images/의류/외투/18_X266_C900_1209/18_X266_C900_1209_3.jpg,18_X266_C900_1209_3.jpg,50,의류/외투,BOX,304.0,67.0,1488.0,1021.0,0.4666666666666667,0.5037037037037037,0.6166666666666667,0.8833333333333333,0.5447222222222222
train,Training/images/의류/원피스/18_X001_C052_1106/18_X001_C052_1106_1.jpg,18_X001_C052_1106_1.jpg,51,의류/원피스,BOX,430.0,362.0,1650.0,1033.0,0.5416666666666666,0.484375,0.6354166666666666,0.46597222222222223,0.2960865162037037
train,Training/images/의류/원피스/18_X001_C194_1126/18_X001_C194_1126_1.jpg,18_X001_C194_1126_1.jpg,51,의류/원피스,BOX,465.0,111.0,1388.0,1007.0,0.4825520833333333,0.5175925925925926,0.48072916666666665,0.8296296296296296,0.39882716049382716
train,Training/images/의류/원피스/18_X003_C163_1210/18_X003_C163_1210_0.jpg,18_X003_C163_1210_0.jpg,51,의류/원피스,BOX,188.0,270.0,992.0,1140.0,0.3072916666666667,0.4895833333333333,0.41875,0.6041666666666666,0.25299479166666666
train,Training/images/의류/원피스/18_X003_C163_1210/18_X003_C163_1210_0.jpg,18_X003_C163_1210_0.jpg,49,의류/상의,BOX,1041.0,197.0,1659.0,1061.0,0.703125,0.43680555555555556,0.321875,0.6,0.193125
train,Training/images/의류/원피스/18_X004_C037_1117/18_X004_C037_1117_4.jpg,18_X004_C037_1117_4.jpg,51,의류/원피스,BOX,413.0,57.0,1782.0,1398.0,0.5716145833333334,0.5052083333333334,0.7130208333333333,0.93125,0.6640006510416666
train,Training/images/의류/원피스/18_X007_C038_1124_6/18_X007_C038_1124_6_0.jpg,18_X007_C038_1124_6_0.jpg,51,의류/원피스,BOX,431.0,207.0,1456.0,855.0,0.49140625,0.49166666666666664,0.5338541666666666,0.6,0.3203125
train,Training/images/의류/원피스/18_X007_C709_1215/18_X007_C709_1215_3.jpg,18_X007_C709_1215_3.jpg,51,의류/원피스,BOX,233.0,285.0,1693.0,1239.0,0.5015625,0.5291666666666667,0.7604166666666666,0.6625,0.5037760416666667
train,Training/images/의류/원피스/18_X012_C166_1013/18_X012_C166_1013_0.jpg,18_X012_C166_1013_0.jpg,51,의류/원피스,BOX,281.0,378.0,1681.0,1618.0,0.5109375,0.5197916666666667,0.7291666666666666,0.6458333333333334,0.4709201388888889
train,Training/images/의류/원피스/18_X039_C172_1130/18_X039_C172_1130_1.jpg,18_X039_C172_1130_1.jpg,51,의류/원피스,BOX,516.0,180.0,1320.0,827.0,0.478125,0.34965277777777776,0.41875,0.44930555555555557,0.1881467013888889
train,Training/images/의류/원피스/18_X057_C900_1112/18_X057_C900_1112_2.jpg,18_X057_C900_1112_2.jpg,51,의류/원피스,BOX,413.0,144.0,1479.0,1375.0,0.49270833333333336,0.5274305555555555,0.5552083333333333,0.8548611111111111,0.4746260127314815
train,Training/images/의류/하의/18_X002_C173_1207/18_X002_C173_1207_2.jpg,18_X002_C173_1207_2.jpg,52,의류/하의,BOX,776.0,175.0,1208.0,377.0,0.5166666666666667,0.19166666666666668,0.225,0.14027777777777778,0.0315625
train,Training/images/의류/하의/18_X002_C173_1207/18_X002_C173_1207_2.jpg,18_X002_C173_1207_2.jpg,49,의류/상의,BOX,661.0,366.0,1539.0,1311.0,0.5729166666666666,0.5822916666666667,0.45729166666666665,0.65625,0.30009765625
train,Training/images/의류/하의/18_X004_C024_1014/18_X004_C024_1014_0.jpg,18_X004_C024_1014_0.jpg,52,의류/하의,BOX,583.0,457.0,1134.0,870.0,0.4471354166666667,0.46076388888888886,0.2869791666666667,0.28680555555555554,0.0823072193287037
train,Training/images/의류/하의/18_X008_C163_1117/18_X008_C163_1117_3.jpg,18_X008_C163_1117_3.jpg,52,의류/하의,BOX,473.0,329.0,1382.0,894.0,0.4830729166666667,0.5662037037037037,0.4734375,0.5231481481481481,0.2476779513888889
train,Training/images/의류/하의/18_X009_C194_1125/18_X009_C194_1125_2.jpg,18_X009_C194_1125_2.jpg,52,의류/하의,BOX,359.0,156.0,1304.0,997.0,0.43307291666666664,0.5337962962962963,0.4921875,0.7787037037037037,0.38326822916666664
train,Training/images/의류/하의/18_X011_C163_1130/18_X011_C163_1130_2.jpg,18_X011_C163_1130_2.jpg,52,의류/하의,BOX,445.0,156.0,1476.0,1030.0,0.5002604166666667,0.41180555555555554,0.5369791666666667,0.6069444444444444,0.3259165219907407
train,Training/images/의류/하의/18_X012_C058_1126/18_X012_C058_1126_3.jpg,18_X012_C058_1126_3.jpg,52,의류/하의,BOX,585.0,269.0,1646.0,1140.0,0.5809895833333333,0.4892361111111111,0.5526041666666667,0.6048611111111111,0.3342487702546296
train,Training/images/의류/하의/18_X012_C704_1211/18_X012_C704_1211_2.jpg,18_X012_C704_1211_2.jpg,52,의류/하의,BOX,183.0,369.0,1841.0,1160.0,0.5270833333333333,0.5309027777777777,0.8635416666666667,0.5493055555555556,0.4743482349537037
train,Training/images/의류/하의/18_X162_C900_1117/18_X162_C900_1117_3.jpg,18_X162_C900_1117_3.jpg,52,의류/하의,BOX,623.0,96.0,1316.0,1025.0,0.5049479166666667,0.5189814814814815,0.3609375,0.8601851851851852,0.31047309027777775
train,Training/images/의류/하의/18_X644_C900_1117/18_X644_C900_1117_1.jpg,18_X644_C900_1117_1.jpg,52,의류/하의,BOX,534.0,159.0,1446.0,1113.0,0.515625,0.44166666666666665,0.475,0.6625,0.3146875
train,Training/images/의류/합성섬유/18_X001_C034_1006/18_X001_C034_1006_3.jpg,18_X001_C034_1006_3.jpg,53,의류/합성섬유,BOX,680.0,109.0,1920.0,1345.0,0.6770833333333334,0.5048611111111111,0.6458333333333334,0.8583333333333333,0.5543402777777777
train,Training/images/의류/합성섬유/18_X001_C207_1026/18_X001_C207_1026_0.jpg,18_X001_C207_1026_0.jpg,53,의류/합성섬유,BOX,227.0,171.0,1163.0,1824.0,0.4826388888888889,0.51953125,0.65,0.8609375,0.559609375
train,Training/images/의류/합성섬유/18_X001_C209_1118/18_X001_C209_1118_1.jpg,18_X001_C209_1118_1.jpg,53,의류/합성섬유,BOX,615.0,130.0,1537.0,1161.0,0.5604166666666667,0.4482638888888889,0.48020833333333335,0.7159722222222222,0.3438158275462963
train,Training/images/의류/합성섬유/18_X001_C504_1015/18_X001_C504_1015_2.jpg,18_X001_C504_1015_2.jpg,53,의류/합성섬유,BOX,447.0,655.0,1304.0,1413.0,0.6079861111111111,0.5385416666666667,0.5951388888888889,0.39479166666666665,0.2349558738425926
train,Training/images/의류/합성섬유/18_X002_C172_1113/18_X002_C172_1113_3.jpg,18_X002_C172_1113_3.jpg,53,의류/합성섬유,BOX,559.0,372.0,1326.0,1177.0,0.4908854166666667,0.5378472222222223,0.39947916666666666,0.5590277777777778,0.22331995081018519
train,Training/images/의류/합성섬유/18_X034_C178_1120/18_X034_C178_1120_1.jpg,18_X034_C178_1120_1.jpg,53,의류/합성섬유,BOX,589.0,193.0,1337.0,972.0,0.5015625,0.4045138888888889,0.38958333333333334,0.5409722222222222,0.21075376157407408
train,Training/images/의류/합성섬유/18_X034_C203_1123/18_X034_C203_1123_2.jpg,18_X034_C203_1123_2.jpg,53,의류/합성섬유,BOX,256.0,274.0,1708.0,1356.0,0.5114583333333333,0.5659722222222222,0.75625,0.7513888888888889,0.5682378472222223
train,Training/images/의류/합성섬유/18_X037_C178_1120/18_X037_C178_1120_1.jpg,18_X037_C178_1120_1.jpg,53,의류/합성섬유,BOX,539.0,218.0,1371.0,1020.0,0.4973958333333333,0.42986111111111114,0.43333333333333335,0.5569444444444445,0.24134259259259258
train,Training/images/의류/합성섬유/18_X693_C900_1209/18_X693_C900_1209_3.jpg,18_X693_C900_1209_3.jpg,53,의류/합성섬유,BOX,286.0,435.0,1576.0,1516.0,0.48489583333333336,0.5080729166666667,0.671875,0.5630208333333333,0.37827962239583335
train,Training/images/종이류/기타/21_X007_C705_0111/21_X007_C705_0111_4.jpg,21_X007_C705_0111_4.jpg,54,종이류/기타,BOX,691.0,428.0,1372.0,1078.0,0.5369599167100468,0.5229166666666667,0.3545028630921395,0.4513888888888889,0.16001865347909075
train,Training/images/종이류/기타/21_X014_C058_0127/21_X014_C058_0127_3.jpg,21_X014_C058_0127_3.jpg,54,종이류/기타,BOX,826.0,75.0,1297.0,415.0,0.5525767829255596,0.1701388888888889,0.24518479958355024,0.2361111111111111,0.057890855457227136
train,Training/images/종이류/기타/21_X014_C058_0127/21_X014_C058_0127_3.jpg,21_X014_C058_0127_3.jpg,16,도기류/그릇류,BOX,835.0,797.0,1235.0,1193.0,0.53878188443519,0.6909722222222222,0.20822488287350338,0.275,0.05726184279021343
train,Training/images/종이류/기타/21_X016_C705_0105/21_X016_C705_0105_4.jpg,21_X016_C705_0105_4.jpg,54,종이류/기타,BOX,538.0,357.0,1162.0,1077.0,0.4424778761061947,0.4979166666666667,0.3248308172826653,0.5,0.16241540864133264
train,Training/images/종이류/기타/21_X017_C211_1113/21_X017_C211_1113_3.jpg,21_X017_C211_1113_3.jpg,54,종이류/기타,BOX,185.0,113.0,1715.0,889.0,0.49453409682457056,0.34791666666666665,0.7964601769911505,0.5388888888888889,0.42920353982300885
train,Training/images/종이류/기타/21_X025_C500_0217/21_X025_C500_0217_2.jpg,21_X025_C500_0217_2.jpg,54,종이류/기타,POLYGON->BOX,499.0,893.0,787.0,1292.0,0.4465277777777778,0.5687142113482562,0.2,0.20770432066631964,0.041540864133263924
train,Training/images/종이류/기타/21_X037_C704_0107/21_X037_C704_0107_4.jpg,21_X037_C704_0107_4.jpg,54,종이류/기타,BOX,613.0,334.0,1344.0,1074.0,0.5093701197293077,0.4888888888888889,0.3805309734513274,0.5138888888888888,0.19555063913470994
train,Training/images/종이류/기타/21_X051_C704_0107/21_X051_C704_0107_1.jpg,21_X051_C704_0107_1.jpg,54,종이류/기타,BOX,923.0,680.0,1299.0,987.0,0.5783446121811556,0.5788194444444444,0.19573138990109318,0.21319444444444444,0.0417288449303025
train,Training/images/종이류/기타/21_X052_C701_1230/21_X052_C701_1230_0.jpg,21_X052_C701_1230_0.jpg,54,종이류/기타,BOX,596.0,310.0,1704.0,968.0,0.51731893837157,0.5911193339500462,0.49842555105713,0.6086956521739131,0.30338946586086174
train,Training/images/종이류/기타/21_X071_C701_1230/21_X071_C701_1230_0.jpg,21_X071_C701_1230_0.jpg,54,종이류/기타,BOX,686.0,354.0,1124.0,611.0,0.4711087975013014,0.44634597594819614,0.2280062467464862,0.23774283071230343,0.05420685052159755
train,Training/images/종이류/노트/21_X009_C209_1112/21_X009_C209_1112_3.jpg,21_X009_C209_1112_3.jpg,55,종이류/노트,BOX,268.0,155.0,1746.0,1228.0,0.5244791666666667,0.48020833333333335,0.7697916666666667,0.7451388888888889,0.573601707175926
train,Training/images/종이류/노트/21_X023_C175_1113/21_X023_C175_1113_4.jpg,21_X023_C175_1113_4.jpg,55,종이류/노트,BOX,385.0,221.0,1694.0,1260.0,0.5411244143675169,0.5142361111111111,0.6814159292035398,0.7215277777777778,0.49166052114060965
train,Training/images/종이류/노트/21_X052_C015_0131/21_X052_C015_0131_1.jpg,21_X052_C015_0131_1.jpg,55,종이류/노트,BOX,852.0,140.0,1536.0,988.0,0.6215512753774076,0.5222222222222223,0.3560645497136908,0.7851851851851852,0.2795766094048239
train,Training/images/종이류/노트/21_X052_C015_0131/21_X052_C015_0131_1.jpg,21_X052_C015_0131_1.jpg,55,종이류/노트,BOX,118.0,101.0,661.0,777.0,0.2027589796980739,0.4064814814814815,0.2826652785007808,0.6259259259259259,0.17692752617271099
train,Training/images/종이류/노트/21_X053_C015_0131/21_X053_C015_0131_3.jpg,21_X053_C015_0131_3.jpg,55,종이류/노트,BOX,495.0,278.0,1554.0,821.0,0.5333159812597605,0.5087962962962963,0.5512753774076002,0.5027777777777778,0.277169009196599
train,Training/images/종이류/노트/21_X071_C015_0131/21_X071_C015_0131_0.jpg,21_X071_C015_0131_0.jpg,55,종이류/노트,BOX,554.0,502.0,1047.0,926.0,0.41671004685059865,0.6611111111111111,0.25663716814159293,0.3925925925925926,0.10075385119632907
train,Training/images/종이류/노트/21_X175_C015_0131/21_X175_C015_0131_2.jpg,21_X175_C015_0131_2.jpg,55,종이류/노트,BOX,572.0,422.0,1455.0,961.0,0.5275897969807392,0.6402777777777777,0.4596564289432587,0.49907407407407406,0.22940260666705226
train,Training/images/종이류/노트/21_X196_C015_0131/21_X196_C015_0131_3.jpg,21_X196_C015_0131_3.jpg,55,종이류/노트,BOX,447.0,167.0,1549.0,788.0,0.5195210827693909,0.44212962962962965,0.5736595523165018,0.575,0.32985424258198853
train,Training/images/종이류/노트/21_X406_C015_0131/21_X406_C015_0131_2.jpg,21_X406_C015_0131_2.jpg,55,종이류/노트,BOX,660.0,305.0,1529.0,776.0,0.5697553357626236,0.500462962962963,0.4523685580426861,0.4361111111111111,0.197282954479727
train,Training/images/종이류/노트/21_X406_C015_0131/21_X406_C015_0131_2.jpg,21_X406_C015_0131_2.jpg,64,캔류/맥주캔,BOX,646.0,175.0,938.0,343.0,0.4122852680895367,0.23981481481481481,0.15200416449765747,0.15555555555555556,0.023645092255191163
train,Training/images/종이류/노트/21_X454_C015_0131/21_X454_C015_0131_0.jpg,21_X454_C015_0131_0.jpg,55,종이류/노트,BOX,746.0,334.0,1346.0,774.0,0.5445080687142113,0.512962962962963,0.31233732431025507,0.4074074074074074,0.12724853953380763
train,Training/images/종이류/상자류/21_X001_C026_1110/21_X001_C026_1110_2.jpg,21_X001_C026_1110_2.jpg,56,종이류/상자류,BOX,310.0,80.0,1540.0,916.0,0.4817708333333333,0.46111111111111114,0.640625,0.774074074074074,0.4958912037037037
train,Training/images/종이류/상자류/21_X003_C705_1220/21_X003_C705_1220_0.jpg,21_X003_C705_1220_0.jpg,56,종이류/상자류,BOX,534.0,358.0,1310.0,715.0,0.48020833333333335,0.49675925925925923,0.4041666666666667,0.33055555555555555,0.13359953703703703
train,Training/images/종이류/상자류/21_X013_C173_1008/21_X013_C173_1008_0.jpg,21_X013_C173_1008_0.jpg,56,종이류/상자류,BOX,355.0,366.0,1512.0,1312.0,0.48594482040603854,0.5826388888888889,0.6022904737116085,0.6569444444444444,0.3956713806466539
train,Training/images/종이류/상자류/21_X014_C206_1209/21_X014_C206_1209_1.jpg,21_X014_C206_1209_1.jpg,56,종이류/상자류,BOX,561.0,289.0,1286.0,800.0,0.48098958333333336,0.5041666666666667,0.3776041666666667,0.47314814814814815,0.17866271219135801
train,Training/images/종이류/상자류/21_X021_C704_1215/21_X021_C704_1215_2.jpg,21_X021_C704_1215_2.jpg,56,종이류/상자류,BOX,490.0,142.0,1565.0,1287.0,0.5348776678813119,0.49618055555555557,0.5596043727225404,0.7951388888888888,0.44496319914396437
train,Training/images/종이류/상자류/21_X055_C203_1012/21_X055_C203_1012_0.jpg,21_X055_C203_1012_0.jpg,56,종이류/상자류,BOX,762.0,577.0,1267.0,956.0,0.5283854166666667,0.5322916666666667,0.2630208333333333,0.26319444444444445,0.06922562210648148
train,Training/images/종이류/상자류/21_X059_C701_1230/21_X059_C701_1230_0.jpg,21_X059_C701_1230_0.jpg,56,종이류/상자류,BOX,814.0,396.0,1598.0,859.0,0.5429986492570914,0.5810185185185185,0.3529941467807294,0.4287037037037037,0.15132989811062753
train,Training/images/종이류/상자류/21_X060_C203_1008/21_X060_C203_1008_2.jpg,21_X060_C203_1008_2.jpg,56,종이류/상자류,BOX,422.0,161.0,1424.0,980.0,0.48047891723060904,0.39618055555555554,0.521603331598126,0.56875,0.2966618948464341
train,Training/images/종이류/상자류/21_X161_C705_1210/21_X161_C705_1210_1.jpg,21_X161_C705_1210_1.jpg,56,종이류/상자류,BOX,333.0,354.0,1402.0,1101.0,0.4518229166666667,0.5052083333333334,0.5567708333333333,0.51875,0.28882486979166666
train,Training/images/종이류/신문지/21_X006_C205_1013/21_X006_C205_1013_3.jpg,21_X006_C205_1013_3.jpg,57,종이류/신문지,BOX,697.0,199.0,1330.0,740.0,0.5278645833333333,0.43472222222222223,0.3296875,0.5009259259259259,0.1651490162037037
train,Training/images/종이류/신문지/21_X007_C509_1230/21_X007_C509_1230_1.jpg,21_X007_C509_1230_1.jpg,57,종이류/신문지,BOX,415.0,336.0,1401.0,1313.0,0.47291666666666665,0.5725694444444445,0.5135416666666667,0.6784722222222223,0.34842375578703705
train,Training/images/종이류/신문지/21_X012_C173_1008/21_X012_C173_1008_1.jpg,21_X012_C173_1008_1.jpg,57,종이류/신문지,BOX,439.0,280.0,1439.0,834.0,0.4888079125455492,0.38680555555555557,0.5205622071837585,0.38472222222222224,0.2002718491526404
train,Training/images/종이류/신문지/21_X018_C172_0929/21_X018_C172_0929_0.jpg,21_X018_C172_0929_0.jpg,57,종이류/신문지,BOX,700.0,431.0,1359.0,1170.0,0.5361979166666667,0.5559027777777777,0.34322916666666664,0.5131944444444444,0.17614330150462962
train,Training/images/종이류/신문지/21_X024_C705_0105/21_X024_C705_0105_2.jpg,21_X024_C705_0105_2.jpg,57,종이류/신문지,BOX,432.0,207.0,1488.0,1401.0,0.5,0.5583333333333333,0.55,0.8291666666666667,0.4560416666666667
train,Training/images/종이류/신문지/21_X027_C184_0928/21_X027_C184_0928_2.jpg,21_X027_C184_0928_2.jpg,57,종이류/신문지,BOX,734.0,53.0,1467.0,909.0,0.4954975236380009,0.44537037037037036,0.330031517334534,0.7925925925925926,0.2615805359614455
train,Training/images/종이류/신문지/21_X036_C705_0106/21_X036_C705_0106_2.jpg,21_X036_C705_0106_2.jpg,57,종이류/신문지,BOX,344.0,418.0,1524.0,1116.0,0.4864583333333333,0.5326388888888889,0.6145833333333334,0.4847222222222222,0.29790219907407406
train,Training/images/종이류/신문지/21_X044_C801_0220/21_X044_C801_0220_2.jpg,21_X044_C801_0220_2.jpg,57,종이류/신문지,BOX,456.0,389.0,1602.0,1147.0,0.5356585111920874,0.5333333333333333,0.5965642894325872,0.5263888888888889,0.3140248134652091
train,Training/images/종이류/신문지/21_X074_C172_0107/21_X074_C172_0107_3.jpg,21_X074_C172_0107_3.jpg,57,종이류/신문지,BOX,662.0,337.0,1423.0,1139.0,0.54296875,0.5125,0.3963541666666667,0.5569444444444445,0.2207472511574074
train,Training/images/종이류/신발상자/21_X002_C166_1013/21_X002_C166_1013_0.jpg,21_X002_C166_1013_0.jpg,58,종이류/신발상자,BOX,481.0,281.0,1585.0,1413.0,0.5380208333333333,0.44114583333333335,0.575,0.5895833333333333,0.33901041666666665
train,Training/images/종이류/신발상자/21_X004_C198_1111/21_X004_C198_1111_1.jpg,21_X004_C198_1111_1.jpg,58,종이류/신발상자,BOX,203.0,364.0,1641.0,1119.0,0.48020833333333335,0.5149305555555556,0.7489583333333333,0.5243055555555556,0.39268301504629627
train,Training/images/종이류/신발상자/21_X007_C205_1014/21_X007_C205_1014_2.jpg,21_X007_C205_1014_2.jpg,58,종이류/신발상자,BOX,355.0,139.0,1163.0,784.0,0.3953125,0.4273148148148148,0.42083333333333334,0.5972222222222222,0.2513310185185185
train,Training/images/종이류/신발상자/21_X013_C166_1013/21_X013_C166_1013_3.jpg,21_X013_C166_1013_3.jpg,58,종이류/신발상자,BOX,516.0,469.0,1449.0,1529.0,0.51171875,0.5203125,0.4859375,0.5520833333333334,0.26827799479166664
train,Training/images/종이류/신발상자/21_X018_C205_1014/21_X018_C205_1014_2.jpg,21_X018_C205_1014_2.jpg,58,종이류/신발상자,BOX,312.0,65.0,1163.0,874.0,0.3841145833333333,0.43472222222222223,0.4432291666666667,0.7490740740740741,0.3320114776234568
train,Training/images/종이류/신발상자/21_X024_C187_1113/21_X024_C187_1113_0.jpg,21_X024_C187_1113_0.jpg,58,종이류/신발상자,BOX,240.0,218.0,1695.0,1193.0,0.50390625,0.48993055555555554,0.7578125,0.6770833333333334,0.5131022135416666
train,Training/images/종이류/신발상자/21_X026_C203_1012/21_X026_C203_1012_4.jpg,21_X026_C203_1012_4.jpg,58,종이류/신발상자,BOX,385.0,150.0,1767.0,890.0,0.5604166666666667,0.3611111111111111,0.7197916666666667,0.5138888888888888,0.3698929398148148
train,Training/images/종이류/신발상자/21_X034_C203_1007/21_X034_C203_1007_4.jpg,21_X034_C203_1007_4.jpg,58,종이류/신발상자,BOX,599.0,220.0,1429.0,1163.0,0.528125,0.48020833333333335,0.4322916666666667,0.6548611111111111,0.28309100115740743
train,Training/images/종이류/신발상자/21_X071_C705_1210/21_X071_C705_1210_4.jpg,21_X071_C705_1210_4.jpg,58,종이류/신발상자,BOX,664.0,334.0,1449.0,1116.0,0.5502604166666667,0.5034722222222222,0.4088541666666667,0.5430555555555555,0.22203052662037037
train,Training/images/종이류/음료수곽/21_X003_C320_1112_5/21_X003_C320_1112_5_4.jpg,21_X003_C320_1112_5_4.jpg,59,종이류/음료수곽,BOX,447.0,198.0,966.0,1755.0,0.490625,0.50859375,0.36041666666666666,0.8109375,0.292275390625
train,Training/images/종이류/음료수곽/21_X004_C035_1014/21_X004_C035_1014_2.jpg,21_X004_C035_1014_2.jpg,59,종이류/음료수곽,BOX,464.0,551.0,1536.0,928.0,0.5208333333333334,0.5135416666666667,0.5583333333333333,0.26180555555555557,0.14617476851851852
train,Training/images/종이류/음료수곽/21_X005_C188_1112/21_X005_C188_1112_2.jpg,21_X005_C188_1112_2.jpg,59,종이류/음료수곽,BOX,767.0,180.0,1224.0,1247.0,0.5184895833333333,0.4954861111111111,0.23802083333333332,0.7409722222222223,0.17636682581018517
train,Training/images/종이류/음료수곽/21_X007_C705_1214/21_X007_C705_1214_2.jpg,21_X007_C705_1214_2.jpg,59,종이류/음료수곽,BOX,643.0,616.0,1322.0,1443.0,0.51171875,0.5361979166666667,0.3536458333333333,0.43072916666666666,0.15232557508680555
train,Training/images/종이류/음료수곽/21_X008_C164_1013/21_X008_C164_1013_3.jpg,21_X008_C164_1013_3.jpg,59,종이류/음료수곽,BOX,653.0,474.0,1131.0,1219.0,0.46458333333333335,0.5878472222222222,0.24895833333333334,0.5173611111111112,0.1288013599537037
train,Training/images/종이류/음료수곽/21_X008_C184_0923/21_X008_C184_0923_0.jpg,21_X008_C184_0923_0.jpg,59,종이류/음료수곽,BOX,600.0,432.0,1308.0,812.0,0.496875,0.575925925925926,0.36875,0.35185185185185186,0.12974537037037037
train,Training/images/종이류/음료수곽/21_X010_C320_1111_6/21_X010_C320_1111_6_3.jpg,21_X010_C320_1111_6_3.jpg,59,종이류/음료수곽,BOX,437.0,243.0,1359.0,638.0,0.46770833333333334,0.4078703703703704,0.48020833333333335,0.36574074074074076,0.17563175154320987
train,Training/images/종이류/음료수곽/21_X014_C042_1019/21_X014_C042_1019_4.jpg,21_X014_C042_1019_4.jpg,59,종이류/음료수곽,BOX,502.0,422.0,1177.0,1200.0,0.43723958333333335,0.5631944444444444,0.3515625,0.5402777777777777,0.18994140625
train,Training/images/종이류/음료수곽/21_X057_C206_1209/21_X057_C206_1209_2.jpg,21_X057_C206_1209_2.jpg,59,종이류/음료수곽,BOX,536.0,319.0,1332.0,768.0,0.4864583333333333,0.5032407407407408,0.41458333333333336,0.41574074074074074,0.17235918209876544
train,Training/images/종이류/종이봉투/21_X002_C024_1005/21_X002_C024_1005_2.jpg,21_X002_C024_1005_2.jpg,60,종이류/종이봉투,BOX,419.0,321.0,1667.0,1086.0,0.5432291666666667,0.48854166666666665,0.65,0.53125,0.3453125
train,Training/images/종이류/종이봉투/21_X002_C211_1112/21_X002_C211_1112_1.jpg,21_X002_C211_1112_1.jpg,60,종이류/종이봉투,BOX,151.0,181.0,1814.0,1084.0,0.5114523685580427,0.4392361111111111,0.8656949505465903,0.6270833333333333,0.542862875238591
train,Training/images/종이류/종이봉투/21_X002_C333_1113/21_X002_C333_1113_2.jpg,21_X002_C333_1113_2.jpg,60,종이류/종이봉투,BOX,864.0,50.0,1489.0,882.0,0.5155565293602103,0.43148148148148147,0.2738825591586328,0.7703703703703704,0.2109910085370208
train,Training/images/종이류/종이봉투/21_X006_C052_1111/21_X006_C052_1111_3.jpg,21_X006_C052_1111_3.jpg,60,종이류/종이봉투,BOX,411.0,165.0,1547.0,1224.0,0.5098958333333333,0.4822916666666667,0.5916666666666667,0.7354166666666667,0.4351215277777778
train,Training/images/종이류/종이봉투/21_X007_C166_1020/21_X007_C166_1020_3.jpg,21_X007_C166_1020_3.jpg,60,종이류/종이봉투,BOX,676.0,154.0,1492.0,1632.0,0.5645833333333333,0.46510416666666665,0.425,0.7697916666666667,0.3271614583333333
train,Training/images/종이류/종이봉투/21_X021_C205_1015/21_X021_C205_1015_2.jpg,21_X021_C205_1015_2.jpg,60,종이류/종이봉투,BOX,355.0,290.0,1252.0,719.0,0.41848958333333336,0.4671296296296296,0.4671875,0.3972222222222222,0.18557725694444444
train,Training/images/종이류/종이봉투/21_X025_C193_1113/21_X025_C193_1113_4.jpg,21_X025_C193_1113_4.jpg,60,종이류/종이봉투,BOX,475.0,299.0,1576.0,1029.0,0.5341145833333333,0.46111111111111114,0.5734375,0.5069444444444444,0.29070095486111114
train,Training/images/종이류/종이봉투/21_X025_C206_1013/21_X025_C206_1013_0.jpg,21_X025_C206_1013_0.jpg,60,종이류/종이봉투,BOX,684.0,288.0,1274.0,735.0,0.5098958333333333,0.4736111111111111,0.3072916666666667,0.41388888888888886,0.12718460648148147
train,Training/images/종이류/종이봉투/21_X050_C705_1210/21_X050_C705_1210_1.jpg,21_X050_C705_1210_1.jpg,60,종이류/종이봉투,BOX,521.0,500.0,1402.0,1284.0,0.50078125,0.6194444444444445,0.4588541666666667,0.5444444444444444,0.24982060185185184
train,Training/images/종이류/책자/21_X007_C509_0317/21_X007_C509_0317_0.jpg,21_X007_C509_0317_0.jpg,61,종이류/책자,BOX,199.0,344.0,1149.0,1272.0,0.46805555555555556,0.42061426340447683,0.6597222222222222,0.48308172826652784,0.31869975128694544
train,Training/images/종이류/책자/21_X031_C509_0318/21_X031_C509_0318_0.jpg,21_X031_C509_0318_0.jpg,61,종이류/책자,BOX,147.0,336.0,1308.0,1266.0,0.5052083333333334,0.41697032795419053,0.80625,0.4841228526808954,0.3903240499739719
train,Training/images/종이류/책자/21_X084_C509_0318/21_X084_C509_0318_2.jpg,21_X084_C509_0318_2.jpg,61,종이류/책자,BOX,295.0,78.0,1241.0,1268.0,0.5333333333333333,0.35033836543466945,0.6569444444444444,0.6194690265486725,0.40695673549655853
train,Training/images/종이류/책자/21_X090_C977_0319/21_X090_C977_0319_1.jpg,21_X090_C977_0319_1.jpg,61,종이류/책자,BOX,368.0,596.0,848.0,1321.0,0.4222222222222222,0.49895887558563246,0.3333333333333333,0.3774076002082249,0.12580253340274164
train,Training/images/종이류/책자/21_X145_C015_0131/21_X145_C015_0131_3.jpg,21_X145_C015_0131_3.jpg,61,종이류/책자,BOX,559.0,614.0,1363.0,995.0,0.5002602811035919,0.7449074074074075,0.4185320145757418,0.3527777777777778,0.14764879403088668
train,Training/images/종이류/책자/21_X145_C015_0131/21_X145_C015_0131_3.jpg,21_X145_C015_0131_3.jpg,41,유리병/박카스병,BOX,703.0,229.0,846.0,519.0,0.4031754294638209,0.34629629629629627,0.07444039562727746,0.26851851851851855,0.01998862475176895
train,Training/images/종이류/책자/21_X164_C972_0319/21_X164_C972_0319_3.jpg,21_X164_C972_0319_3.jpg,61,종이류/책자,BOX,523.0,270.0,1584.0,1152.0,0.5484122852680895,0.49375,0.5523165018219677,0.6125,0.33829385736595524
train,Training/images/종이류/책자/21_X179_C972_0319/21_X179_C972_0319_3.jpg,21_X179_C972_0319_3.jpg,61,종이류/책자,BOX,653.0,285.0,1620.0,1054.0,0.5916189484643415,0.46493055555555557,0.5033836543466944,0.5340277777777778,0.26882085430042224
train,Training/images/종이류/책자/21_X222_C977_0319/21_X222_C977_0319_1.jpg,21_X222_C977_0319_1.jpg,61,종이류/책자,BOX,429.0,197.0,1522.0,1043.0,0.5078084331077564,0.4305555555555556,0.568974492451848,0.5875,0.3342725143154607
train,Training/images/종이류/책자/21_X228_C509_0318/21_X228_C509_0318_0.jpg,21_X228_C509_0318_0.jpg,61,종이류/책자,BOX,444.0,671.0,1058.0,1284.0,0.5215277777777778,0.5088495575221239,0.4263888888888889,0.31910463300364394,0.1360626699057204
train,Training/images/종이류/포장상자/21_X004_C171_1007/21_X004_C171_1007_0.jpg,21_X004_C171_1007_0.jpg,62,종이류/포장상자,BOX,475.0,330.0,1356.0,790.0,0.47682291666666665,0.3888888888888889,0.4588541666666667,0.3194444444444444,0.14657841435185184
train,Training/images/종이류/포장상자/21_X005_C184_1012/21_X005_C184_1012_1.jpg,21_X005_C184_1012_1.jpg,62,종이류/포장상자,BOX,709.0,218.0,1211.0,800.0,0.4322377307519136,0.47129629629629627,0.2260243133723548,0.5388888888888889,0.1218019910951023
train,Training/images/종이류/포장상자/21_X007_C061_0128/21_X007_C061_0128_4.jpg,21_X007_C061_0128_4.jpg,62,종이류/포장상자,BOX,1104.0,591.0,1397.0,915.0,0.6513020833333333,0.6972222222222222,0.15260416666666668,0.3,0.04578125
train,Training/images/종이류/포장상자/21_X007_C061_0128/21_X007_C061_0128_4.jpg,21_X007_C061_0128_4.jpg,62,종이류/포장상자,BOX,396.0,130.0,1031.0,645.0,0.37161458333333336,0.3587962962962963,0.3307291666666667,0.47685185185185186,0.15770881558641975
train,Training/images/종이류/포장상자/21_X019_C172_1007/21_X019_C172_1007_2.jpg,21_X019_C172_1007_2.jpg,62,종이류/포장상자,BOX,559.0,312.0,1455.0,1175.0,0.5244791666666667,0.5163194444444444,0.4666666666666667,0.5993055555555555,0.27967592592592594
train,Training/images/종이류/포장상자/21_X020_C701_1229/21_X020_C701_1229_1.jpg,21_X020_C701_1229_1.jpg,62,종이류/포장상자,BOX,651.0,185.0,1099.0,1074.0,0.4557291666666667,0.5828703703703704,0.23333333333333334,0.8231481481481482,0.1920679012345679
train,Training/images/종이류/포장상자/21_X028_C206_1013/21_X028_C206_1013_2.jpg,21_X028_C206_1013_2.jpg,62,종이류/포장상자,BOX,425.0,203.0,1517.0,723.0,0.5057291666666667,0.4287037037037037,0.56875,0.48148148148148145,0.2738425925925926
train,Training/images/종이류/포장상자/21_X035_C203_1012/21_X035_C203_1012_3.jpg,21_X035_C203_1012_3.jpg,62,종이류/포장상자,BOX,428.0,182.0,1626.0,1102.0,0.5348958333333333,0.44583333333333336,0.6239583333333333,0.6388888888888888,0.3986400462962963
train,Training/images/종이류/포장상자/21_X051_C012_1111/21_X051_C012_1111_0.jpg,21_X051_C012_1111_0.jpg,62,종이류/포장상자,BOX,794.0,499.0,1303.0,869.0,0.54609375,0.475,0.26510416666666664,0.2569444444444444,0.06811704282407408
train,Training/images/종이류/포장상자/21_X064_C705_1210/21_X064_C705_1210_2.jpg,21_X064_C705_1210_2.jpg,62,종이류/포장상자,BOX,423.0,338.0,1438.0,1310.0,0.48463541666666665,0.42916666666666664,0.5286458333333334,0.50625,0.267626953125
train,Training/images/캔류/기타/22_X010_C045_1105/22_X010_C045_1105_0.jpg,22_X010_C045_1105_0.jpg,63,캔류/기타,BOX,1265.0,498.0,2269.0,1319.0,0.5413602941176471,0.4948257080610022,0.3075980392156863,0.4471677559912854,0.13754792494339785
train,Training/images/캔류/기타/22_X010_C045_1105/22_X010_C045_1105_1.jpg,22_X010_C045_1105_1.jpg,63,캔류/기타,BOX,914.0,564.0,2159.0,1565.0,0.47074142156862747,0.5797930283224401,0.38143382352941174,0.5452069716775599,0.20796037982186338
train,Training/images/캔류/기타/22_X010_C045_1105/22_X010_C045_1105_2.jpg,22_X010_C045_1105_2.jpg,63,캔류/기타,BOX,1157.0,406.0,2259.0,1669.0,0.5232843137254902,0.5650871459694989,0.33762254901960786,0.6879084967320261,0.23225342015891323
train,Training/images/캔류/기타/22_X010_C045_1105/22_X010_C045_1105_3.jpg,22_X010_C045_1105_3.jpg,63,캔류/기타,BOX,1253.0,465.0,2198.0,1333.0,0.5286458333333334,0.48965141612200436,0.28952205882352944,0.47276688453159044,0.13687644175317185
train,Training/images/캔류/기타/22_X010_C045_1105/22_X010_C045_1105_4.jpg,22_X010_C045_1105_4.jpg,63,캔류/기타,BOX,1335.0,333.0,2156.0,1160.0,0.5347732843137255,0.4065904139433551,0.25153186274509803,0.4504357298474945,0.11329893817548806
train,Training/images/캔류/맥주캔/22_X001_C329_1106/22_X001_C329_1106_2.jpg,22_X001_C329_1106_2.jpg,64,캔류/맥주캔,BOX,637.0,327.0,1255.0,1499.0,0.49270833333333336,0.47552083333333334,0.321875,0.6104166666666667,0.19647786458333333
train,Training/images/캔류/맥주캔/22_X003_C025_1012/22_X003_C025_1012_3.jpg,22_X003_C025_1012_3.jpg,64,캔류/맥주캔,BOX,581.0,71.0,1151.0,1074.0,0.45080687142113485,0.3975694444444444,0.29672045809474235,0.6965277777777777,0.2066740412979351
train,Training/images/캔류/맥주캔/22_X016_C509_0125/22_X016_C509_0125_2.jpg,22_X016_C509_0125_2.jpg,64,캔류/맥주캔,BOX,558.0,232.0,1038.0,744.0,0.41519250780437045,0.4514338575393155,0.2497398543184183,0.47363552266419984,0.11828566643018518
train,Training/images/캔류/맥주캔/22_X019_C509_0406/22_X019_C509_0406_3.jpg,22_X019_C509_0406_3.jpg,64,캔류/맥주캔,POLYGON->BOX,243.0,632.0,808.0,1379.0,0.36493055555555554,0.5234252993232691,0.3923611111111111,0.38885996876626755,0.15257352941176472
train,Training/images/캔류/맥주캔/22_X055_C053_1104/22_X055_C053_1104_4.jpg,22_X055_C053_1104_4.jpg,64,캔류/맥주캔,BOX,805.0,367.0,1147.0,633.0,0.5083333333333333,0.46296296296296297,0.178125,0.2462962962962963,0.04387152777777778
train,Training/images/캔류/맥주캔/22_X065_C053_1104/22_X065_C053_1104_4.jpg,22_X065_C053_1104_4.jpg,64,캔류/맥주캔,BOX,734.0,387.0,1162.0,712.0,0.49375,0.5087962962962963,0.22291666666666668,0.30092592592592593,0.06708140432098765
train,Training/images/캔류/맥주캔/22_X210_C001_0321/22_X210_C001_0321_4.jpg,22_X210_C001_0321_4.jpg,64,캔류/맥주캔,BOX,794.0,409.0,1016.0,628.0,0.4711087975013014,0.48009259259259257,0.11556480999479438,0.20277777777777778,0.023433975360055526
train,Training/images/캔류/맥주캔/22_X262_C001_0321/22_X262_C001_0321_0.jpg,22_X262_C001_0321_0.jpg,64,캔류/맥주캔,BOX,640.0,233.0,1118.0,606.0,0.45757418011452367,0.38842592592592595,0.24882873503383654,0.3453703703703704,0.08593807237742689
train,Training/images/캔류/맥주캔/22_X495_C509_0406/22_X495_C509_0406_2.jpg,22_X495_C509_0406_2.jpg,64,캔류/맥주캔,POLYGON->BOX,1060.0,688.0,1442.0,1107.0,0.6512233211868819,0.6232638888888888,0.19885476314419573,0.29097222222222224,0.057861212331540283
train,Training/images/캔류/스팸류/22_X001_C057_1008/22_X001_C057_1008_3.jpg,22_X001_C057_1008_3.jpg,65,캔류/스팸류,BOX,828.0,380.0,927.0,550.0,0.45703125,0.4305555555555556,0.0515625,0.1574074074074074,0.008116319444444445
train,Training/images/캔류/스팸류/22_X001_C194_1106/22_X001_C194_1106_1.jpg,22_X001_C194_1106_1.jpg,65,캔류/스팸류,BOX,419.0,266.0,985.0,982.0,0.365625,0.5777777777777777,0.2947916666666667,0.662962962962963,0.19543595679012346
train,Training/images/캔류/스팸류/22_X002_C026_1014/22_X002_C026_1014_3.jpg,22_X002_C026_1014_3.jpg,65,캔류/스팸류,BOX,182.0,323.0,1821.0,1253.0,0.5216145833333333,0.5472222222222223,0.8536458333333333,0.6458333333333334,0.5513129340277778
train,Training/images/캔류/스팸류/22_X002_C106_0321/22_X002_C106_0321_1.jpg,22_X002_C106_0321_1.jpg,65,캔류/스팸류,BOX,519.0,246.0,1154.0,804.0,0.43545028630921395,0.4861111111111111,0.3305570015616866,0.5166666666666667,0.17078778414020476
train,Training/images/캔류/스팸류/22_X004_C187_1021/22_X004_C187_1021_4.jpg,22_X004_C187_1021_4.jpg,65,캔류/스팸류,BOX,720.0,482.0,975.0,776.0,0.44140625,0.43680555555555556,0.1328125,0.20416666666666666,0.027115885416666666
train,Training/images/캔류/스팸류/22_X007_C026_1012/22_X007_C026_1012_4.jpg,22_X007_C026_1012_4.jpg,65,캔류/스팸류,BOX,435.0,361.0,1557.0,1137.0,0.51875,0.5201388888888889,0.584375,0.5388888888888889,0.31491319444444443
train,Training/images/캔류/스팸류/22_X007_C320_1106/22_X007_C320_1106_0.jpg,22_X007_C320_1106_0.jpg,65,캔류/스팸류,BOX,600.0,263.0,1033.0,660.0,0.42526041666666664,0.4273148148148148,0.22552083333333334,0.3675925925925926,0.08289978780864198
train,Training/images/캔류/스팸류/22_X009_C052_1103/22_X009_C052_1103_1.jpg,22_X009_C052_1103_1.jpg,65,캔류/스팸류,BOX,744.0,519.0,1510.0,1117.0,0.5869791666666667,0.5680555555555555,0.39895833333333336,0.4152777777777778,0.1656785300925926
train,Training/images/캔류/스팸류/22_X040_C090_0321/22_X040_C090_0321_3.jpg,22_X040_C090_0321_3.jpg,65,캔류/스팸류,BOX,496.0,176.0,1132.0,901.0,0.4237376366475794,0.4986111111111111,0.3310775637688704,0.6712962962962963,0.22225114234484356
train,Training/images/캔류/음료수캔/22_X004_C326_1104/22_X004_C326_1104_0.jpg,22_X004_C326_1104_0.jpg,66,캔류/음료수캔,BOX,553.0,280.0,1299.0,818.0,0.4822916666666667,0.5083333333333333,0.3885416666666667,0.4981481481481482,0.19355131172839507
train,Training/images/캔류/음료수캔/22_X007_C023_1106/22_X007_C023_1106_3.jpg,22_X007_C023_1106_3.jpg,66,캔류/음료수캔,BOX,686.0,116.0,1139.0,701.0,0.4752604166666667,0.37824074074074077,0.2359375,0.5416666666666666,0.12779947916666667
train,Training/images/캔류/음료수캔/22_X011_C024_1012/22_X011_C024_1012_3.jpg,22_X011_C024_1012_3.jpg,66,캔류/음료수캔,BOX,453.0,298.0,1289.0,1022.0,0.45364583333333336,0.4583333333333333,0.4354166666666667,0.5027777777777778,0.21891782407407406
train,Training/images/캔류/음료수캔/22_X011_C043_1023/22_X011_C043_1023_2.jpg,22_X011_C043_1023_2.jpg,66,캔류/음료수캔,BOX,799.0,129.0,1286.0,713.0,0.46938316073840614,0.38981481481481484,0.21927059882935615,0.5407407407407407,0.11856854603365184
train,Training/images/캔류/음료수캔/22_X012_C053_1007/22_X012_C053_1007_0.jpg,22_X012_C053_1007_0.jpg,66,캔류/음료수캔,BOX,697.0,626.0,1160.0,834.0,0.48359375,0.5069444444444444,0.24114583333333334,0.14444444444444443,0.034832175925925926
train,Training/images/캔류/음료수캔/22_X017_C509_0512/22_X017_C509_0512_0.jpg,22_X017_C509_0512_0.jpg,66,캔류/음료수캔,BOX,445.0,549.0,893.0,826.0,0.46458333333333335,0.35788651743883393,0.3111111111111111,0.1441957313899011,0.04486089421019145
train,Training/images/캔류/음료수캔/22_X030_C804_0219/22_X030_C804_0219_1.jpg,22_X030_C804_0219_1.jpg,66,캔류/음료수캔,BOX,834.0,344.0,1172.0,946.0,0.5221238938053098,0.4479166666666667,0.17595002602811036,0.41805555555555557,0.07355688588119613
train,Training/images/캔류/음료수캔/22_X047_C999_0420/22_X047_C999_0420_2.jpg,22_X047_C999_0420_2.jpg,66,캔류/음료수캔,POLYGON->BOX,885.0,143.0,1248.0,925.0,0.5551795939614784,0.49444444444444446,0.18896408120770433,0.7240740740740741,0.13682399213372665
train,Training/images/캔류/음료수캔/22_X393_C999_0320/22_X393_C999_0320_1.jpg,22_X393_C999_0320_1.jpg,66,캔류/음료수캔,BOX,742.0,182.0,1189.0,779.0,0.5026028110359188,0.4449074074074074,0.23269130661114004,0.5527777777777778,0.1286265833767135
train,Training/images/캔류/참기름캔/22_X001_C205_1105/22_X001_C205_1105_2.jpg,22_X001_C205_1105_2.jpg,67,캔류/참기름캔,BOX,726.0,375.0,1080.0,834.0,0.4703125,0.5597222222222222,0.184375,0.425,0.078359375
train,Training/images/캔류/참기름캔/22_X002_C023_1104/22_X002_C023_1104_2.jpg,22_X002_C023_1104_2.jpg,67,캔류/참기름캔,BOX,232.0,269.0,1442.0,722.0,0.4359375,0.4587962962962963,0.6302083333333334,0.41944444444444445,0.26433738425925923
train,Training/images/캔류/참기름캔/22_X002_C187_1103/22_X002_C187_1103_0.jpg,22_X002_C187_1103_0.jpg,67,캔류/참기름캔,BOX,124.0,218.0,1526.0,933.0,0.4296875,0.3996527777777778,0.7302083333333333,0.4965277777777778,0.3625687210648148
train,Training/images/캔류/참기름캔/22_X002_C329_1109/22_X002_C329_1109_2.jpg,22_X002_C329_1109_2.jpg,67,캔류/참기름캔,BOX,376.0,670.0,1551.0,1403.0,0.5018229166666667,0.53984375,0.6119791666666666,0.38177083333333334,0.2336357964409722
train,Training/images/캔류/참기름캔/22_X003_C187_1021/22_X003_C187_1021_3.jpg,22_X003_C187_1021_3.jpg,67,캔류/참기름캔,BOX,475.0,416.0,1402.0,1039.0,0.48880208333333336,0.5052083333333334,0.4828125,0.4326388888888889,0.20888346354166668
train,Training/images/캔류/참기름캔/22_X006_C187_1021/22_X006_C187_1021_2.jpg,22_X006_C187_1021_2.jpg,67,캔류/참기름캔,BOX,480.0,196.0,1065.0,1036.0,0.40234375,0.42777777777777776,0.3046875,0.5833333333333334,0.177734375
train,Training/images/캔류/참기름캔/22_X007_C330_1102/22_X007_C330_1102_3.jpg,22_X007_C330_1102_3.jpg,67,캔류/참기름캔,BOX,605.0,131.0,1276.0,921.0,0.48984375,0.48703703703703705,0.3494791666666667,0.7314814814814815,0.2556375385802469
train,Training/images/캔류/참기름캔/22_X089_C900_1104/22_X089_C900_1104_3.jpg,22_X089_C900_1104_3.jpg,67,캔류/참기름캔,BOX,246.0,229.0,1677.0,884.0,0.50078125,0.38645833333333335,0.7453125,0.4548611111111111,0.339013671875
train,Training/images/캔류/참기름캔/22_X140_C900_1104/22_X140_C900_1104_0.jpg,22_X140_C900_1104_0.jpg,67,캔류/참기름캔,BOX,495.0,281.0,1459.0,777.0,0.5088541666666667,0.4898148148148148,0.5020833333333333,0.45925925925925926,0.2305864197530864
train,Training/images/캔류/커피캔/22_X001_C057_1006/22_X001_C057_1006_3.jpg,22_X001_C057_1006_3.jpg,68,캔류/커피캔,BOX,677.0,274.0,774.0,461.0,0.37786458333333334,0.3402777777777778,0.050520833333333334,0.17314814814814813,0.008747588734567902
train,Training/images/캔류/커피캔/22_X001_C057_1006/22_X001_C057_1006_3.jpg,22_X001_C057_1006_3.jpg,68,캔류/커피캔,BOX,904.0,335.0,1008.0,520.0,0.4979166666666667,0.3958333333333333,0.05416666666666667,0.1712962962962963,0.009278549382716049
train,Training/images/캔류/커피캔/22_X001_C164_1006/22_X001_C164_1006_3.jpg,22_X001_C164_1006_3.jpg,68,캔류/커피캔,BOX,146.0,362.0,1465.0,970.0,0.41953125,0.4625,0.6869791666666667,0.4222222222222222,0.2900578703703704
train,Training/images/캔류/커피캔/22_X004_C024_1105/22_X004_C024_1105_0.jpg,22_X004_C024_1105_0.jpg,68,캔류/커피캔,BOX,678.0,489.0,972.0,656.0,0.4296875,0.5300925925925926,0.153125,0.15462962962962962,0.02367766203703704
train,Training/images/캔류/커피캔/22_X004_C207_1027/22_X004_C207_1027_4.jpg,22_X004_C207_1027_4.jpg,68,캔류/커피캔,BOX,474.0,442.0,1340.0,983.0,0.47239583333333335,0.4947916666666667,0.4510416666666667,0.37569444444444444,0.16945384837962962
train,Training/images/캔류/커피캔/22_X006_C012_1109/22_X006_C012_1109_0.jpg,22_X006_C012_1109_0.jpg,68,캔류/커피캔,BOX,801.0,574.0,1367.0,852.0,0.5645833333333333,0.4951388888888889,0.2947916666666667,0.19305555555555556,0.056911168981481484
train,Training/images/캔류/커피캔/22_X006_C034_1102/22_X006_C034_1102_2.jpg,22_X006_C034_1102_2.jpg,68,캔류/커피캔,BOX,673.0,354.0,1180.0,1073.0,0.4825520833333333,0.4954861111111111,0.2640625,0.49930555555555556,0.1318478732638889
train,Training/images/캔류/커피캔/22_X015_C023_1029/22_X015_C023_1029_0.jpg,22_X015_C023_1029_0.jpg,68,캔류/커피캔,BOX,823.0,587.0,1257.0,802.0,0.5416666666666666,0.4822916666666667,0.22604166666666667,0.14930555555555555,0.03374927662037037
train,Training/images/캔류/커피캔/22_X040_C101_0321/22_X040_C101_0321_1.jpg,22_X040_C101_0321_1.jpg,68,캔류/커피캔,BOX,694.0,331.0,1044.0,719.0,0.4523685580426861,0.4861111111111111,0.18219677251431546,0.3592592592592593,0.06545587753292074
train,Training/images/캔류/커피캔/22_X141_C999_0420/22_X141_C999_0420_4.jpg,22_X141_C999_0420_4.jpg,68,캔류/커피캔,POLYGON->BOX,222.0,734.0,874.0,1159.0,0.5074074074074074,0.49271212909942735,0.6037037037037037,0.22123893805309736,0.13356276630612915
train,Training/images/캔류/통조림캔/22_X002_C026_1020/22_X002_C026_1020_0.jpg,22_X002_C026_1020_0.jpg,69,캔류/통조림캔,BOX,809.0,557.0,1232.0,997.0,0.5315104166666667,0.5395833333333333,0.2203125,0.3055555555555556,0.06731770833333334
train,Training/images/캔류/통조림캔/22_X002_C509_0129/22_X002_C509_0129_0.jpg,22_X002_C509_0129_0.jpg,69,캔류/통조림캔,BOX,537.0,364.0,1242.0,1078.0,0.46304008328995316,0.5006944444444444,0.3669963560645497,0.49583333333333335,0.18196902654867256
train,Training/images/캔류/통조림캔/22_X009_C175_1013/22_X009_C175_1013_3.jpg,22_X009_C175_1013_3.jpg,69,캔류/통조림캔,BOX,567.0,1009.0,951.0,1564.0,0.5270833333333333,0.6700520833333333,0.26666666666666666,0.2890625,0.07708333333333334
train,Training/images/캔류/통조림캔/22_X011_C166_1014/22_X011_C166_1014_3.jpg,22_X011_C166_1014_3.jpg,69,캔류/통조림캔,BOX,670.0,521.0,1601.0,1325.0,0.59140625,0.48072916666666665,0.48489583333333336,0.41875,0.20305013020833335
train,Training/images/캔류/통조림캔/22_X012_C024_1105/22_X012_C024_1105_3.jpg,22_X012_C024_1105_3.jpg,69,캔류/통조림캔,BOX,504.0,322.0,1158.0,830.0,0.4328125,0.5333333333333333,0.340625,0.4703703703703704,0.1602199074074074
train,Training/images/캔류/통조림캔/22_X022_C026_1109/22_X022_C026_1109_0.jpg,22_X022_C026_1109_0.jpg,69,캔류/통조림캔,BOX,851.0,483.0,1150.0,797.0,0.52109375,0.5925925925925926,0.15572916666666667,0.29074074074074074,0.04527681327160494
train,Training/images/캔류/통조림캔/22_X032_C204_1209/22_X032_C204_1209_4.jpg,22_X032_C204_1209_4.jpg,69,캔류/통조림캔,BOX,950.0,648.0,1108.0,812.0,0.5359375,0.5069444444444444,0.08229166666666667,0.11388888888888889,0.009372106481481481
train,Training/images/캔류/통조림캔/22_X045_C091_0321/22_X045_C091_0321_4.jpg,22_X045_C091_0321_4.jpg,69,캔류/통조림캔,BOX,570.0,179.0,1252.0,790.0,0.47423217074440394,0.4486111111111111,0.3550234252993233,0.5657407407407408,0.20085121560915417
train,Training/images/캔류/통조림캔/22_X126_C900_1027/22_X126_C900_1027_0.jpg,22_X126_C900_1027_0.jpg,69,캔류/통조림캔,BOX,776.0,567.0,1065.0,775.0,0.47942708333333334,0.46597222222222223,0.15052083333333333,0.14444444444444443,0.02174189814814815
train,Training/images/페트병/기타/23_X004_C509_0511/23_X004_C509_0511_1.jpg,23_X004_C509_0511_1.jpg,70,페트병/기타,BOX,489.0,523.0,971.0,880.0,0.5069444444444444,0.3651743883394066,0.3347222222222222,0.18584070796460178,0.06220501474926254
train,Training/images/페트병/기타/23_X011_C509_0511/23_X011_C509_0511_4.jpg,23_X011_C509_0511_4.jpg,70,페트병/기타,BOX,354.0,844.0,659.0,1284.0,0.4689814814814815,0.553878188443519,0.2824074074074074,0.22904737116085372,0.06468467426301888
train,Training/images/페트병/기타/23_X013_C509_0511/23_X013_C509_0511_4.jpg,23_X013_C509_0511_4.jpg,70,페트병/기타,BOX,0.0,637.0,1022.0,930.0,0.3548611111111111,0.40786048932847474,0.7097222222222223,0.15252472670484124,0.10825018798079704
train,Training/images/페트병/기타/23_X014_C061_1109/23_X014_C061_1109_3.jpg,23_X014_C061_1109_3.jpg,70,페트병/기타,BOX,816.0,274.0,1033.0,997.0,0.4812597605413847,0.5878815911193339,0.11296199895887558,0.6688251618871416,0.07555182724076508
train,Training/images/페트병/기타/23_X015_C090_0321/23_X015_C090_0321_4.jpg,23_X015_C090_0321_4.jpg,70,페트병/기타,BOX,413.0,104.0,1266.0,789.0,0.4370119729307652,0.4134259259259259,0.444039562727746,0.6342592592592593,0.28163620413750556
train,Training/images/페트병/기타/23_X019_C509_0511/23_X019_C509_0511_4.jpg,23_X019_C509_0511_4.jpg,70,페트병/기타,BOX,309.0,107.0,674.0,989.0,0.4550925925925926,0.28526808953669963,0.33796296296296297,0.459135866736075,0.155170917924692
train,Training/images/페트병/기타/23_X020_C509_0511/23_X020_C509_0511_0.jpg,23_X020_C509_0511_0.jpg,70,페트병/기타,BOX,860.0,707.0,1304.0,904.0,0.7513888888888889,0.41931285788651745,0.30833333333333335,0.10255075481520042,0.031619816068020126
train,Training/images/페트병/기타/23_X042_C802_0221/23_X042_C802_0221_4.jpg,23_X042_C802_0221_4.jpg,70,페트병/기타,BOX,474.0,613.0,1641.0,985.0,0.5504945340968246,0.5548611111111111,0.6074960957834461,0.25833333333333336,0.15693649141072358
train,Training/images/페트병/기타/23_X109_C509_0326/23_X109_C509_0326_3.jpg,23_X109_C509_0326_3.jpg,70,페트병/기타,BOX,540.0,752.0,808.0,1222.0,0.46805555555555556,0.5137948984903696,0.18611111111111112,0.24466423737636647,0.045534733067268206
train,Training/images/페트병/일회용음료수잔/23_X002_C021_1015/23_X002_C021_1015_4.jpg,23_X002_C021_1015_4.jpg,71,페트병/일회용음료수잔,BOX,784.0,338.0,1273.0,935.0,0.4630796938316074,0.5893518518518519,0.22017109410175598,0.5527777777777778,0.12170568812847066
train,Training/images/페트병/일회용음료수잔/23_X004_C162_1106/23_X004_C162_1106_3.jpg,23_X004_C162_1106_3.jpg,71,페트병/일회용음료수잔,BOX,557.0,330.0,1300.0,906.0,0.48359375,0.42916666666666664,0.38697916666666665,0.4,0.15479166666666666
train,Training/images/페트병/일회용음료수잔/23_X004_C203_1110/23_X004_C203_1110_4.jpg,23_X004_C203_1110_4.jpg,71,페트병/일회용음료수잔,BOX,579.0,177.0,1329.0,785.0,0.496875,0.44537037037037036,0.390625,0.562962962962963,0.2199074074074074
train,Training/images/페트병/일회용음료수잔/23_X007_C204_1015/23_X007_C204_1015_0.jpg,23_X007_C204_1015_0.jpg,71,페트병/일회용음료수잔,BOX,678.0,239.0,1342.0,1061.0,0.5257678292555961,0.4513888888888889,0.3456533055700156,0.5708333333333333,0.19731042859621725
train,Training/images/페트병/일회용음료수잔/23_X010_C166_1016/23_X010_C166_1016_0.jpg,23_X010_C166_1016_0.jpg,71,페트병/일회용음료수잔,BOX,616.0,354.0,1354.0,1446.0,0.5130208333333334,0.46875,0.384375,0.56875,0.21861328125
train,Training/images/페트병/일회용음료수잔/23_X010_C203_1016/23_X010_C203_1016_3.jpg,23_X010_C203_1016_3.jpg,71,페트병/일회용음료수잔,BOX,327.0,303.0,1626.0,918.0,0.50859375,0.4239583333333333,0.6765625,0.4270833333333333,0.2889485677083333
train,Training/images/페트병/일회용음료수잔/23_X010_C319_1102/23_X010_C319_1102_2.jpg,23_X010_C319_1102_2.jpg,71,페트병/일회용음료수잔,BOX,908.0,346.0,1172.0,725.0,0.5416666666666666,0.371875,0.1375,0.26319444444444445,0.03618923611111111
train,Training/images/페트병/일회용음료수잔/23_X063_C499_0326/23_X063_C499_0326_3.jpg,23_X063_C499_0326_3.jpg,71,페트병/일회용음료수잔,BOX,897.0,377.0,1430.0,1010.0,0.605674128058303,0.48159722222222223,0.27745965642894327,0.4395833333333333,0.1219666406385563
train,Training/images/페트병/일회용음료수잔/23_X309_C509_0401/23_X309_C509_0401_3.jpg,23_X309_C509_0401_3.jpg,71,페트병/일회용음료수잔,BOX,815.0,318.0,1343.0,863.0,0.5616866215512754,0.41006944444444443,0.27485684539302446,0.3784722222222222,0.10402568106888774
train,Training/images/페트병/페트병/23_X002_C033_1013/23_X002_C033_1013_1.jpg,23_X002_C033_1013_1.jpg,72,페트병/페트병,BOX,490.0,589.0,1490.0,913.0,0.515625,0.5215277777777778,0.5208333333333334,0.225,0.1171875
train,Training/images/페트병/페트병/23_X002_C039_1211/23_X002_C039_1211_3.jpg,23_X002_C039_1211_3.jpg,72,페트병/페트병,BOX,729.0,681.0,1151.0,925.0,0.4895833333333333,0.7435185185185185,0.21979166666666666,0.22592592592592592,0.04965663580246914
train,Training/images/페트병/페트병/23_X002_C039_1211/23_X002_C039_1211_3.jpg,23_X002_C039_1211_3.jpg,72,페트병/페트병,BOX,784.0,186.0,958.0,531.0,0.45364583333333336,0.33194444444444443,0.090625,0.3194444444444444,0.02894965277777778
train,Training/images/페트병/페트병/23_X003_C203_0929/23_X003_C203_0929_3.jpg,23_X003_C203_0929_3.jpg,72,페트병/페트병,BOX,700.0,96.0,1019.0,1158.0,0.44765625,0.4354166666666667,0.16614583333333333,0.7375,0.12253255208333333
train,Training/images/페트병/페트병/23_X005_C323_1030/23_X005_C323_1030_3.jpg,23_X005_C323_1030_3.jpg,72,페트병/페트병,BOX,664.0,251.0,1363.0,783.0,0.5278645833333333,0.4787037037037037,0.3640625,0.4925925925925926,0.17933449074074073
train,Training/images/페트병/페트병/23_X006_C211_1105/23_X006_C211_1105_0.jpg,23_X006_C211_1105_0.jpg,72,페트병/페트병,BOX,253.0,355.0,1799.0,966.0,0.534375,0.45868055555555554,0.8052083333333333,0.42430555555555555,0.34165436921296294
train,Training/images/페트병/페트병/23_X016_C025_1015/23_X016_C025_1015_4.jpg,23_X016_C025_1015_4.jpg,72,페트병/페트병,BOX,542.0,98.0,1062.0,1246.0,0.4174908901613743,0.4666666666666667,0.2706923477355544,0.7972222222222223,0.2158019550002892
train,Training/images/페트병/페트병/23_X041_C013_1027/23_X041_C013_1027_0.jpg,23_X041_C013_1027_0.jpg,72,페트병/페트병,BOX,466.0,378.0,1491.0,688.0,0.5096354166666667,0.4935185185185185,0.5338541666666666,0.28703703703703703,0.15323591820987653
train,Training/images/페트병/페트병/23_X061_C704_1211/23_X061_C704_1211_3.jpg,23_X061_C704_1211_3.jpg,72,페트병/페트병,BOX,866.0,158.0,1222.0,1209.0,0.54375,0.47465277777777776,0.18541666666666667,0.7298611111111111,0.13532841435185186
train,Training/images/페트병/페트병/23_X064_C499_0326/23_X064_C499_0326_4.jpg,23_X064_C499_0326_4.jpg,72,페트병/페트병,BOX,496.0,167.0,830.0,989.0,0.46041666666666664,0.3008849557522124,0.23194444444444445,0.4279021343050495,0.09924952281797675
train,Training/images/플라스틱류/기타/24_X004_C333_0115/24_X004_C333_0115_3.jpg,24_X004_C333_0115_3.jpg,73,플라스틱류/기타,BOX,1043.0,340.0,1402.0,897.0,0.535245183887916,0.5721554116558741,0.15718038528896672,0.515263644773358,0.0809893382108737
train,Training/images/플라스틱류/기타/24_X006_C803_0218/24_X006_C803_0218_2.jpg,24_X006_C803_0218_2.jpg,73,플라스틱류/기타,POLYGON->BOX,246.0,820.0,1159.0,1443.0,0.4878472222222222,0.5890161374284227,0.6340277777777777,0.3243102550754815,0.20562171033605184
train,Training/images/플라스틱류/기타/24_X009_C509_0125/24_X009_C509_0125_4.jpg,24_X009_C509_0125_4.jpg,73,플라스틱류/기타,BOX,628.0,130.0,1551.0,1357.0,0.5671525247267049,0.5163194444444444,0.48047891723060904,0.8520833333333333,0.40940807739024815
train,Training/images/플라스틱류/기타/24_X013_C172_1006/24_X013_C172_1006_2.jpg,24_X013_C172_1006_2.jpg,73,플라스틱류/기타,BOX,603.0,296.0,1231.0,952.0,0.4773555439875065,0.43333333333333335,0.3269130661114003,0.45555555555555555,0.14892706345074902
train,Training/images/플라스틱류/기타/24_X014_C176_0925/24_X014_C176_0925_1.jpg,24_X014_C176_0925_1.jpg,73,플라스틱류/기타,BOX,783.0,40.0,1083.0,1069.0,0.48568453930244665,0.38506944444444446,0.15616866215512754,0.7145833333333333,0.11159552316501822
train,Training/images/플라스틱류/기타/24_X014_C195_1216/24_X014_C195_1216_0.jpg,24_X014_C195_1216_0.jpg,73,플라스틱류/기타,BOX,424.0,496.0,672.0,1051.0,0.28526808953669963,0.5371527777777778,0.1290994273815721,0.3854166666666667,0.049757070969980915
train,Training/images/플라스틱류/기타/24_X014_C195_1216/24_X014_C195_1216_0.jpg,24_X014_C195_1216_0.jpg,73,플라스틱류/기타,BOX,1245.0,466.0,1486.0,1007.0,0.7108276939094221,0.5114583333333333,0.1254554919312858,0.37569444444444444,0.0471329313436289
train,Training/images/플라스틱류/기타/24_X014_C211_1207/24_X014_C211_1207_0.jpg,24_X014_C211_1207_0.jpg,73,플라스틱류/기타,BOX,123.0,297.0,691.0,794.0,0.2118688183237897,0.37881944444444443,0.2956793336803748,0.3451388888888889,0.10205043669385158
train,Training/images/플라스틱류/기타/24_X014_C211_1207/24_X014_C211_1207_0.jpg,24_X014_C211_1207_0.jpg,73,플라스틱류/기타,BOX,1219.0,276.0,1740.0,952.0,0.7701717855283706,0.4263888888888889,0.27121290994273817,0.46944444444444444,0.12731939383422985
train,Training/images/플라스틱류/기타/24_X041_C801_0220/24_X041_C801_0220_2.jpg,24_X041_C801_0220_2.jpg,73,플라스틱류/기타,BOX,533.0,179.0,1742.0,1318.0,0.5921395106715253,0.5197916666666667,0.629359708485164,0.7909722222222222,0.4978060471976401
train,Training/images/플라스틱류/기타/24_X049_C803_0218/24_X049_C803_0218_3.jpg,24_X049_C803_0218_3.jpg,73,플라스틱류/기타,POLYGON->BOX,401.0,438.0,889.0,1422.0,0.4479166666666667,0.4841228526808954,0.3388888888888889,0.5122332118688183,0.17359014402221065
train,Training/images/플라스틱류/대용량플라스틱통/24_X001_C203_1210/24_X001_C203_1210_3.jpg,24_X001_C203_1210_3.jpg,74,플라스틱류/대용량플라스틱통,BOX,190.0,292.0,735.0,1098.0,0.24088541666666666,0.4826388888888889,0.2838541666666667,0.5597222222222222,0.15887948495370371
train,Training/images/플라스틱류/대용량플라스틱통/24_X001_C203_1210/24_X001_C203_1210_3.jpg,24_X001_C203_1210_3.jpg,74,플라스틱류/대용량플라스틱통,BOX,1013.0,275.0,1596.0,1053.0,0.6794270833333333,0.46111111111111114,0.30364583333333334,0.5402777777777777,0.1640530960648148
train,Training/images/플라스틱류/대용량플라스틱통/24_X002_C320_1210/24_X002_C320_1210_1.jpg,24_X002_C320_1210_1.jpg,74,플라스틱류/대용량플라스틱통,BOX,712.0,139.0,1139.0,301.0,0.48203125,0.2037037037037037,0.22239583333333332,0.15,0.033359375
train,Training/images/플라스틱류/대용량플라스틱통/24_X002_C320_1210/24_X002_C320_1210_1.jpg,24_X002_C320_1210_1.jpg,74,플라스틱류/대용량플라스틱통,BOX,480.0,393.0,1314.0,860.0,0.4671875,0.5800925925925926,0.434375,0.4324074074074074,0.1878269675925926
train,Training/images/플라스틱류/대용량플라스틱통/24_X005_C044_1216/24_X005_C044_1216_2.jpg,24_X005_C044_1216_2.jpg,74,플라스틱류/대용량플라스틱통,BOX,582.0,611.0,942.0,1076.0,0.39666840187402397,0.5857638888888889,0.18740239458615304,0.3229166666666667,0.060515356585111924
train,Training/images/플라스틱류/대용량플라스틱통/24_X005_C044_1216/24_X005_C044_1216_2.jpg,24_X005_C044_1216_2.jpg,74,플라스틱류/대용량플라스틱통,BOX,1120.0,414.0,1458.0,838.0,0.6710046850598647,0.43472222222222223,0.17595002602811036,0.29444444444444445,0.05180750766383249
train,Training/images/플라스틱류/대용량플라스틱통/24_X005_C044_1216/24_X005_C044_1216_2.jpg,24_X005_C044_1216_2.jpg,74,플라스틱류/대용량플라스틱통,BOX,111.0,0.0,532.0,243.0,0.16736074960957834,0.084375,0.21915668922436232,0.16875,0.03698269130661114
train,Training/images/플라스틱류/대용량플라스틱통/24_X008_C187_1210/24_X008_C187_1210_0.jpg,24_X008_C187_1210_0.jpg,74,플라스틱류/대용량플라스틱통,BOX,467.0,247.0,957.0,787.0,0.49444444444444446,0.26927083333333335,0.3402777777777778,0.28125,0.095703125
train,Training/images/플라스틱류/대용량플라스틱통/24_X008_C187_1210/24_X008_C187_1210_0.jpg,24_X008_C187_1210_0.jpg,74,플라스틱류/대용량플라스틱통,BOX,606.0,1243.0,994.0,1668.0,0.5555555555555556,0.7580729166666667,0.26944444444444443,0.22135416666666666,0.059642650462962965
train,Training/images/플라스틱류/대용량플라스틱통/24_X009_C061_1111_7/24_X009_C061_1111_7_1.jpg,24_X009_C061_1111_7_1.jpg,74,플라스틱류/대용량플라스틱통,BOX,433.0,116.0,1495.0,872.0,0.5020833333333333,0.45740740740740743,0.553125,0.7,0.3871875
train,Training/images/플라스틱류/대용량플라스틱통/24_X009_C196_1113/24_X009_C196_1113_3.jpg,24_X009_C196_1113_3.jpg,74,플라스틱류/대용량플라스틱통,BOX,788.0,87.0,1189.0,759.0,0.51484375,0.39166666666666666,0.20885416666666667,0.6222222222222222,0.1299537037037037
train,Training/images/플라스틱류/대용량플라스틱통/24_X014_C027_1019/24_X014_C027_1019_1.jpg,24_X014_C027_1019_1.jpg,74,플라스틱류/대용량플라스틱통,BOX,354.0,296.0,1161.0,1707.0,0.5260416666666666,0.5216145833333333,0.5604166666666667,0.7348958333333333,0.4118478732638889
train,Training/images/플라스틱류/대용량플라스틱통/24_X021_C211_1204/24_X021_C211_1204_4.jpg,24_X021_C211_1204_4.jpg,74,플라스틱류/대용량플라스틱통,BOX,703.0,113.0,1075.0,615.0,0.4630208333333333,0.25277777777777777,0.19375,0.3486111111111111,0.06754340277777778
train,Training/images/플라스틱류/대용량플라스틱통/24_X021_C211_1204/24_X021_C211_1204_4.jpg,24_X021_C211_1204_4.jpg,74,플라스틱류/대용량플라스틱통,BOX,637.0,774.0,1143.0,1361.0,0.4635416666666667,0.7413194444444444,0.2635416666666667,0.4076388888888889,0.10742983217592593
train,Training/images/플라스틱류/대용량플라스틱통/24_X037_C803_0219/24_X037_C803_0219_3.jpg,24_X037_C803_0219_3.jpg,74,플라스틱류/대용량플라스틱통,BOX,828.0,642.0,1311.0,1335.0,0.5567412805830296,0.6864583333333333,0.2514315460697553,0.48125,0.12100143154606975
train,Training/images/플라스틱류/밀폐용기/24_X003_C193_1216/24_X003_C193_1216_0.jpg,24_X003_C193_1216_0.jpg,75,플라스틱류/밀폐용기,BOX,745.0,259.0,1120.0,672.0,0.4856770833333333,0.3232638888888889,0.1953125,0.28680555555555554,0.05601671006944445
train,Training/images/플라스틱류/밀폐용기/24_X003_C193_1216/24_X003_C193_1216_0.jpg,24_X003_C193_1216_0.jpg,75,플라스틱류/밀폐용기,BOX,701.0,800.0,1167.0,1292.0,0.4864583333333333,0.7263888888888889,0.24270833333333333,0.3416666666666667,0.08292534722222222
train,Training/images/플라스틱류/밀폐용기/24_X005_C169_1211/24_X005_C169_1211_2.jpg,24_X005_C169_1211_2.jpg,75,플라스틱류/밀폐용기,BOX,304.0,227.0,584.0,743.0,0.23112961998958875,0.44907407407407407,0.14575741801145237,0.4777777777777778,0.06963965527213835
train,Training/images/플라스틱류/밀폐용기/24_X005_C169_1211/24_X005_C169_1211_2.jpg,24_X005_C169_1211_2.jpg,74,플라스틱류/대용량플라스틱통,BOX,976.0,196.0,1644.0,851.0,0.6819364914107235,0.4847222222222222,0.34773555439875065,0.6064814814814815,0.21089517419553858
train,Training/images/플라스틱류/밀폐용기/24_X006_C710_1215/24_X006_C710_1215_0.jpg,24_X006_C710_1215_0.jpg,75,플라스틱류/밀폐용기,BOX,343.0,368.0,1656.0,1141.0,0.5205729166666667,0.5239583333333333,0.6838541666666667,0.5368055555555555,0.36709671585648146
train,Training/images/플라스틱류/밀폐용기/24_X010_C188_1111/24_X010_C188_1111_4.jpg,24_X010_C188_1111_4.jpg,75,플라스틱류/밀폐용기,BOX,931.0,414.0,1217.0,1052.0,0.559375,0.5090277777777777,0.14895833333333333,0.44305555555555554,0.06599681712962963
train,Training/images/플라스틱류/밀폐용기/24_X011_C169_1203/24_X011_C169_1203_1.jpg,24_X011_C169_1203_1.jpg,75,플라스틱류/밀폐용기,BOX,471.0,385.0,843.0,798.0,0.3421875,0.5476851851851852,0.19375,0.3824074074074074,0.07409143518518518
train,Training/images/플라스틱류/밀폐용기/24_X011_C169_1203/24_X011_C169_1203_1.jpg,24_X011_C169_1203_1.jpg,75,플라스틱류/밀폐용기,BOX,1028.0,366.0,1347.0,780.0,0.6184895833333334,0.5305555555555556,0.16614583333333333,0.38333333333333336,0.06368923611111112
train,Training/images/플라스틱류/밀폐용기/24_X014_C045_1210/24_X014_C045_1210_2.jpg,24_X014_C045_1210_2.jpg,75,플라스틱류/밀폐용기,BOX,769.0,216.0,1302.0,472.0,0.5393229166666667,0.31851851851851853,0.27760416666666665,0.23703703703703705,0.06580246913580247
train,Training/images/플라스틱류/밀폐용기/24_X014_C045_1210/24_X014_C045_1210_2.jpg,24_X014_C045_1210_2.jpg,75,플라스틱류/밀폐용기,BOX,606.0,562.0,1203.0,924.0,0.47109375,0.687962962962963,0.3109375,0.3351851851851852,0.10422164351851852
train,Training/images/플라스틱류/밀폐용기/24_X030_C705_1210/24_X030_C705_1210_3.jpg,24_X030_C705_1210_3.jpg,75,플라스틱류/밀폐용기,BOX,396.0,404.0,1056.0,1161.0,0.378125,0.5434027777777778,0.34375,0.5256944444444445,0.18070746527777778
train,Training/images/플라스틱류/밀폐용기/24_X247_C107_0322/24_X247_C107_0322_0.jpg,24_X247_C107_0322_0.jpg,75,플라스틱류/밀폐용기,BOX,685.0,498.0,1060.0,766.0,0.45419052576782926,0.5851851851851851,0.19521082769390943,0.24814814814814815,0.048441205390710854
train,Training/images/플라스틱류/밀폐용기/24_X432_C501_0329/24_X432_C501_0329_3.jpg,24_X432_C501_0329_3.jpg,75,플라스틱류/밀폐용기,BOX,504.0,393.0,1368.0,1185.0,0.4872462259239979,0.5479166666666667,0.4497657470067673,0.55,0.24737116085372202
train,Training/images/플라스틱류/바구니/24_X001_C027_1023/24_X001_C027_1023_0.jpg,24_X001_C027_1023_0.jpg,76,플라스틱류/바구니,BOX,680.0,561.0,1191.0,1022.0,0.48723958333333334,0.5496527777777778,0.26614583333333336,0.32013888888888886,0.08520363136574075
train,Training/images/플라스틱류/바구니/24_X001_C211_1210/24_X001_C211_1210_2.jpg,24_X001_C211_1210_2.jpg,76,플라스틱류/바구니,BOX,228.0,352.0,813.0,1004.0,0.27109375,0.4708333333333333,0.3046875,0.4527777777777778,0.13795572916666668
train,Training/images/플라스틱류/바구니/24_X001_C211_1210/24_X001_C211_1210_2.jpg,24_X001_C211_1210_2.jpg,76,플라스틱류/바구니,BOX,1073.0,363.0,1639.0,973.0,0.70625,0.4638888888888889,0.2947916666666667,0.4236111111111111,0.12487702546296296
train,Training/images/플라스틱류/바구니/24_X003_C320_1218/24_X003_C320_1218_2.jpg,24_X003_C320_1218_2.jpg,76,플라스틱류/바구니,BOX,1124.0,400.0,1685.0,822.0,0.7315104166666667,0.5657407407407408,0.2921875,0.3907407407407407,0.11416956018518519
train,Training/images/플라스틱류/바구니/24_X003_C320_1218/24_X003_C320_1218_2.jpg,24_X003_C320_1218_2.jpg,76,플라스틱류/바구니,BOX,275.0,454.0,845.0,875.0,0.2916666666666667,0.6152777777777778,0.296875,0.38981481481481484,0.11572627314814815
train,Training/images/플라스틱류/바구니/24_X006_C024_1211/24_X006_C024_1211_4.jpg,24_X006_C024_1211_4.jpg,76,플라스틱류/바구니,BOX,184.0,195.0,832.0,656.0,0.26458333333333334,0.3939814814814815,0.3375,0.42685185185185187,0.1440625
train,Training/images/플라스틱류/바구니/24_X006_C024_1211/24_X006_C024_1211_4.jpg,24_X006_C024_1211_4.jpg,76,플라스틱류/바구니,BOX,1138.0,157.0,1673.0,503.0,0.73203125,0.3055555555555556,0.2786458333333333,0.32037037037037036,0.0892698688271605
train,Training/images/플라스틱류/바구니/24_X010_C805_0925/24_X010_C805_0925_1.jpg,24_X010_C805_0925_1.jpg,76,플라스틱류/바구니,POLYGON->BOX,786.0,200.0,1329.0,778.0,0.47613687528140475,0.4527777777777778,0.2444844664565511,0.5351851851851852,0.1308444644554505
train,Training/images/플라스틱류/바구니/24_X012_C023_1016/24_X012_C023_1016_0.jpg,24_X012_C023_1016_0.jpg,76,플라스틱류/바구니,BOX,504.0,366.0,1278.0,1159.0,0.4640625,0.5295138888888888,0.403125,0.5506944444444445,0.22199869791666665
train,Training/images/플라스틱류/바구니/24_X016_C509_1001/24_X016_C509_1001_3.jpg,24_X016_C509_1001_3.jpg,76,플라스틱류/바구니,BOX,68.0,284.0,1207.0,852.0,0.4427083333333333,0.2956793336803748,0.7909722222222222,0.2956793336803748,0.233874139626352
train,Training/images/플라스틱류/바구니/24_X017_C169_1204/24_X017_C169_1204_0.jpg,24_X017_C169_1204_0.jpg,76,플라스틱류/바구니,BOX,283.0,212.0,875.0,791.0,0.30140551795939613,0.46435185185185185,0.308172826652785,0.5361111111111111,0.16521487651107641
train,Training/images/플라스틱류/바구니/24_X017_C169_1204/24_X017_C169_1204_0.jpg,24_X017_C169_1204_0.jpg,75,플라스틱류/밀폐용기,BOX,1244.0,468.0,1475.0,625.0,0.7077043206663196,0.5060185185185185,0.1202498698594482,0.14537037037037037,0.01748076811845682
train,Training/images/플라스틱류/바구니/24_X071_C802_0217/24_X071_C802_0217_3.jpg,24_X071_C802_0217_3.jpg,75,플라스틱류/밀폐용기,POLYGON->BOX,1039.0,307.0,1492.0,872.0,0.6587714731910463,0.5458333333333333,0.2358146798542426,0.5231481481481481,0.12336601307189543
train,Training/images/플라스틱류/바구니/24_X071_C802_0217/24_X071_C802_0217_3.jpg,24_X071_C802_0217_3.jpg,76,플라스틱류/바구니,BOX,201.0,191.0,766.0,640.0,0.2516918271733472,0.38472222222222224,0.29411764705882354,0.41574074074074074,0.12227668845315905
train,Training/images/플라스틱류/욕실용품/24_X001_C329_1106/24_X001_C329_1106_4.jpg,24_X001_C329_1106_4.jpg,77,플라스틱류/욕실용품,BOX,496.0,773.0,1446.0,1169.0,0.5057291666666667,0.5057291666666667,0.4947916666666667,0.20625,0.10205078125
train,Training/images/플라스틱류/욕실용품/24_X002_C045_1217/24_X002_C045_1217_1.jpg,24_X002_C045_1217_1.jpg,77,플라스틱류/욕실용품,BOX,1012.0,249.0,1318.0,916.0,0.6067708333333334,0.5393518518518519,0.159375,0.6175925925925926,0.09842881944444444
train,Training/images/플라스틱류/욕실용품/24_X002_C045_1217/24_X002_C045_1217_1.jpg,24_X002_C045_1217_1.jpg,77,플라스틱류/욕실용품,BOX,449.0,241.0,738.0,776.0,0.30911458333333336,0.4708333333333333,0.15052083333333333,0.49537037037037035,0.07456356095679012
train,Training/images/플라스틱류/욕실용품/24_X002_C189_1111/24_X002_C189_1111_0.jpg,24_X002_C189_1111_0.jpg,77,플라스틱류/욕실용품,BOX,906.0,313.0,1086.0,733.0,0.51875,0.27239583333333334,0.09375,0.21875,0.0205078125
train,Training/images/플라스틱류/욕실용품/24_X005_C198_1217/24_X005_C198_1217_5.jpg,24_X005_C198_1217_5.jpg,77,플라스틱류/욕실용품,BOX,887.0,790.0,1660.0,1140.0,0.66328125,0.6701388888888888,0.40260416666666665,0.24305555555555555,0.09785517939814815
train,Training/images/플라스틱류/욕실용품/24_X005_C198_1217/24_X005_C198_1217_5.jpg,24_X005_C198_1217_5.jpg,77,플라스틱류/욕실용품,BOX,713.0,197.0,1235.0,455.0,0.5072916666666667,0.2263888888888889,0.271875,0.17916666666666667,0.0487109375
train,Training/images/플라스틱류/욕실용품/24_X012_C190_1216/24_X012_C190_1216_1.jpg,24_X012_C190_1216_1.jpg,77,플라스틱류/욕실용품,BOX,394.0,569.0,679.0,868.0,0.2792816241540864,0.49895833333333334,0.14836022904737117,0.2076388888888889,0.030805353114697207
train,Training/images/플라스틱류/욕실용품/24_X012_C190_1216/24_X012_C190_1216_1.jpg,24_X012_C190_1216_1.jpg,75,플라스틱류/밀폐용기,BOX,1195.0,567.0,1456.0,821.0,0.6900052056220718,0.48194444444444445,0.13586673607496097,0.1763888888888889,0.02396538261322228
train,Training/images/플라스틱류/욕실용품/24_X016_C039_1215/24_X016_C039_1215_3.jpg,24_X016_C039_1215_3.jpg,77,플라스틱류/욕실용품,BOX,566.0,167.0,1387.0,416.0,0.50859375,0.26990740740740743,0.4276041666666667,0.23055555555555557,0.0985865162037037
train,Training/images/플라스틱류/욕실용품/24_X016_C039_1215/24_X016_C039_1215_3.jpg,24_X016_C039_1215_3.jpg,75,플라스틱류/밀폐용기,BOX,516.0,536.0,1181.0,1028.0,0.44192708333333336,0.7240740740740741,0.3463541666666667,0.45555555555555555,0.15778356481481481
train,Training/images/플라스틱류/욕실용품/24_X036_C211_0107/24_X036_C211_0107_0.jpg,24_X036_C211_0107_0.jpg,75,플라스틱류/밀폐용기,BOX,1124.0,600.0,1794.0,922.0,0.7595002602811036,0.5284722222222222,0.3487766788131182,0.22361111111111112,0.07799034067904448
train,Training/images/플라스틱류/욕실용품/24_X036_C211_0107/24_X036_C211_0107_0.jpg,24_X036_C211_0107_0.jpg,77,플라스틱류/욕실용품,BOX,129.0,622.0,517.0,851.0,0.168141592920354,0.5114583333333333,0.20197813638729828,0.15902777777777777,0.03212013418936896
train,Training/images/플라스틱류/욕실용품/24_X369_C501_0329/24_X369_C501_0329_1.jpg,24_X369_C501_0329_1.jpg,77,플라스틱류/욕실용품,BOX,825.0,354.0,1299.0,1031.0,0.5528370640291514,0.4809027777777778,0.2467464862051015,0.4701388888888889,0.11600511886170398
train,Training/images/플라스틱류/욕실용품/24_X649_C501_0329/24_X649_C501_0329_4.jpg,24_X649_C501_0329_4.jpg,77,플라스틱류/욕실용품,BOX,595.0,112.0,985.0,1173.0,0.4112441436751692,0.4461805555555556,0.2030192608016658,0.7368055555555556,0.1495857192434496
train,Training/images/플라스틱류/장남감/24_X004_C052_1012/24_X004_C052_1012_0.jpg,24_X004_C052_1012_0.jpg,78,플라스틱류/장남감,BOX,699.0,431.0,1054.0,640.0,0.4562727745965643,0.371875,0.18479958355023426,0.1451388888888889,0.02682160622361039
train,Training/images/플라스틱류/장남감/24_X015_C173_1211/24_X015_C173_1211_3.jpg,24_X015_C173_1211_3.jpg,78,플라스틱류/장남감,BOX,811.0,283.0,1203.0,454.0,0.5244791666666667,0.25590277777777776,0.20416666666666666,0.11875,0.024244791666666668
train,Training/images/플라스틱류/장남감/24_X015_C173_1211/24_X015_C173_1211_3.jpg,24_X015_C173_1211_3.jpg,78,플라스틱류/장남감,BOX,548.0,597.0,1562.0,1150.0,0.5494791666666666,0.6065972222222222,0.528125,0.3840277777777778,0.20281467013888888
train,Training/images/플라스틱류/장남감/24_X015_C173_1211/24_X015_C173_1211_3.jpg,24_X015_C173_1211_3.jpg,75,플라스틱류/밀폐용기,BOX,262.0,27.0,433.0,69.0,0.18098958333333334,0.03333333333333333,0.0890625,0.029166666666666667,0.00259765625
train,Training/images/플라스틱류/장남감/24_X085_C501_0329/24_X085_C501_0329_0.jpg,24_X085_C501_0329_0.jpg,78,플라스틱류/장남감,BOX,707.0,460.0,1157.0,866.0,0.4851639770952629,0.46041666666666664,0.2342529932326913,0.28194444444444444,0.06604633003643935
train,Training/images/플라스틱류/장남감/24_X132_C099_0321/24_X132_C099_0321_4.jpg,24_X132_C099_0321_4.jpg,78,플라스틱류/장남감,BOX,937.0,199.0,1453.0,708.0,0.6220718375845914,0.41951896392229415,0.26861009890681936,0.4708603145235893,0.12647783565547738
train,Training/images/플라스틱류/장남감/24_X171_C509_0320/24_X171_C509_0320_0.jpg,24_X171_C509_0320_0.jpg,78,플라스틱류/장남감,BOX,838.0,463.0,1163.0,578.0,0.5208224882873503,0.48149861239592967,0.1691827173347215,0.10638297872340426,0.017998161418587393
train,Training/images/플라스틱류/장남감/24_X269_C509_0329/24_X269_C509_0329_1.jpg,24_X269_C509_0329_1.jpg,78,플라스틱류/장남감,BOX,96.0,547.0,881.0,1310.0,0.45231481481481484,0.48334200937011973,0.7268518518518519,0.3971889640812077,0.2886975340775445
train,Training/images/플라스틱류/장남감/24_X355_C509_0329/24_X355_C509_0329_3.jpg,24_X355_C509_0329_3.jpg,78,플라스틱류/장남감,BOX,325.0,633.0,817.0,1201.0,0.5287037037037037,0.4773555439875065,0.45555555555555555,0.2956793336803748,0.13469836312105962
train,Training/images/플라스틱류/장남감/24_X525_C509_0329/24_X525_C509_0329_4.jpg,24_X525_C509_0329_4.jpg,78,플라스틱류/장남감,BOX,991.0,388.0,1286.0,671.0,0.592660072878709,0.36770833333333336,0.15356585111920876,0.19652777777777777,0.030179955463011162
train,Training/images/플라스틱류/장남감/24_X544_C999_0328/24_X544_C999_0328_2.jpg,24_X544_C999_0328_2.jpg,78,플라스틱류/장남감,BOX,225.0,684.0,949.0,1217.0,0.5435185185185185,0.4947943779281624,0.6703703703703704,0.27745965642894327,0.1860007326431064
train,Training/images/형광등/LED전구/25_X002_C024_1105/25_X002_C024_1105_5.jpg,25_X002_C024_1105_5.jpg,79,형광등/LED전구,BOX,491.0,200.0,918.0,446.0,0.36692708333333335,0.29907407407407405,0.22239583333333332,0.22777777777777777,0.0506568287037037
train,Training/images/형광등/LED전구/25_X003_C012_1026/25_X003_C012_1026_1.jpg,25_X003_C012_1026_1.jpg,79,형광등/LED전구,BOX,555.0,67.0,1232.0,998.0,0.46536458333333336,0.3697916666666667,0.35260416666666666,0.6465277777777778,0.22796838831018518
train,Training/images/형광등/LED전구/25_X004_C198_1126/25_X004_C198_1126_1.jpg,25_X004_C198_1126_1.jpg,79,형광등/LED전구,BOX,427.0,682.0,1356.0,972.0,0.46432291666666664,0.5743055555555555,0.48385416666666664,0.2013888888888889,0.09744285300925926
train,Training/images/형광등/LED전구/25_X009_C198_1201/25_X009_C198_1201_1.jpg,25_X009_C198_1201_1.jpg,79,형광등/LED전구,BOX,911.0,547.0,1244.0,764.0,0.5611979166666666,0.4552083333333333,0.1734375,0.15069444444444444,0.026136067708333332
train,Training/images/형광등/LED전구/25_X011_C318_1214/25_X011_C318_1214_3.jpg,25_X011_C318_1214_3.jpg,79,형광등/LED전구,BOX,852.0,518.0,1247.0,855.0,0.5466145833333333,0.47673611111111114,0.20572916666666666,0.23402777777777778,0.04814633969907407
train,Training/images/형광등/LED전구/25_X015_C193_1201/25_X015_C193_1201_1.jpg,25_X015_C193_1201_1.jpg,79,형광등/LED전구,BOX,299.0,488.0,1723.0,814.0,0.5265625,0.45208333333333334,0.7416666666666667,0.2263888888888889,0.1679050925925926
train,Training/images/형광등/LED전구/25_X018_C015_1116/25_X018_C015_1116_0.jpg,25_X018_C015_1116_0.jpg,79,형광등/LED전구,BOX,800.0,406.0,960.0,520.0,0.4583333333333333,0.4287037037037037,0.08333333333333333,0.10555555555555556,0.008796296296296297
train,Training/images/형광등/LED전구/25_X020_C192_1201/25_X020_C192_1201_4.jpg,25_X020_C192_1201_4.jpg,79,형광등/LED전구,BOX,896.0,608.0,1305.0,1016.0,0.5731770833333333,0.5638888888888889,0.21302083333333333,0.2833333333333333,0.060355902777777776
train,Training/images/형광등/LED전구/25_X027_C193_1201/25_X027_C193_1201_2.jpg,25_X027_C193_1201_2.jpg,79,형광등/LED전구,BOX,488.0,135.0,1592.0,1144.0,0.5416666666666666,0.4440972222222222,0.575,0.7006944444444444,0.40289930555555553
train,Training/images/형광등/기타/25_X005_C204_1209/25_X005_C204_1209_0.jpg,25_X005_C204_1209_0.jpg,80,형광등/기타,BOX,370.0,513.0,1194.0,1088.0,0.5434329395413482,0.41671004685059865,0.5726198749131342,0.2993232691306611,0.17139845292818956
train,Training/images/형광등/기타/25_X005_C204_1209/25_X005_C204_1209_2.jpg,25_X005_C204_1209_2.jpg,80,형광등/기타,BOX,890.0,249.0,1297.0,887.0,0.5692347735554398,0.39471855455177207,0.2118688183237897,0.443363446838082,0.09393488956954678
train,Training/images/형광등/기타/25_X005_C204_1209/25_X005_C204_1209_3.jpg,25_X005_C204_1209_3.jpg,80,형광등/기타,BOX,932.0,323.0,1259.0,855.0,0.5702758979698074,0.40931202223766505,0.17022384174908903,0.36970118137595553,0.06293195539299191
train,Training/images/형광등/기타/25_X005_C204_1209/25_X005_C204_1209_4.jpg,25_X005_C204_1209_4.jpg,80,형광등/기타,BOX,883.0,637.0,1066.0,858.0,0.5072878709005726,0.519457956914524,0.0952628839146278,0.1535788742182071,0.014630366466388286
train,Training/images/형광등/기타/25_X009_C198_1208/25_X009_C198_1208_1.jpg,25_X009_C198_1208_1.jpg,80,형광등/기타,BOX,255.0,460.0,583.0,814.0,0.21822916666666667,0.4423611111111111,0.17083333333333334,0.24583333333333332,0.04199652777777778
train,Training/images/형광등/기타/25_X009_C198_1208/25_X009_C198_1208_1.jpg,25_X009_C198_1208_1.jpg,80,형광등/기타,BOX,1376.0,442.0,1688.0,794.0,0.7979166666666667,0.42916666666666664,0.1625,0.24444444444444444,0.03972222222222222
train,Training/images/형광등/기타/25_X009_C198_1208/25_X009_C198_1208_2.jpg,25_X009_C198_1208_2.jpg,80,형광등/기타,BOX,232.0,565.0,545.0,927.0,0.20234375,0.5180555555555556,0.16302083333333334,0.2513888888888889,0.04098162615740741
train,Training/images/형광등/기타/25_X009_C198_1208/25_X009_C198_1208_2.jpg,25_X009_C198_1208_2.jpg,80,형광등/기타,BOX,1384.0,620.0,1700.0,978.0,0.803125,0.5548611111111111,0.16458333333333333,0.24861111111111112,0.04091724537037037
train,Training/images/형광등/기타/25_X009_C198_1208/25_X009_C198_1208_3.jpg,25_X009_C198_1208_3.jpg,80,형광등/기타,BOX,466.0,84.0,796.0,387.0,0.32864583333333336,0.16354166666666667,0.171875,0.21041666666666667,0.03616536458333333
train,Training/images/형광등/기타/25_X009_C198_1208/25_X009_C198_1208_3.jpg,25_X009_C198_1208_3.jpg,80,형광등/기타,BOX,1069.0,886.0,1504.0,1281.0,0.6700520833333333,0.7524305555555556,0.2265625,0.2743055555555556,0.06214735243055555
train,Training/images/형광등/기타/25_X009_C198_1208/25_X009_C198_1208_4.jpg,25_X009_C198_1208_4.jpg,80,형광등/기타,BOX,351.0,633.0,688.0,971.0,0.27057291666666666,0.5569444444444445,0.17552083333333332,0.23472222222222222,0.041198640046296295
train,Training/images/형광등/기타/25_X009_C198_1208/25_X009_C198_1208_4.jpg,25_X009_C198_1208_4.jpg,80,형광등/기타,BOX,1186.0,242.0,1502.0,507.0,0.7,0.26006944444444446,0.16458333333333333,0.1840277777777778,0.030287905092592594
train,Training/images/형광등/기타/25_X009_C198_1208/25_X009_C198_1208_5.jpg,25_X009_C198_1208_5.jpg,80,형광등/기타,BOX,485.0,194.0,767.0,424.0,0.3260416666666667,0.21458333333333332,0.146875,0.1597222222222222,0.02345920138888889
train,Training/images/형광등/기타/25_X009_C198_1208/25_X009_C198_1208_5.jpg,25_X009_C198_1208_5.jpg,80,형광등/기타,BOX,1021.0,876.0,1329.0,1271.0,0.6119791666666666,0.7454861111111111,0.16041666666666668,0.2743055555555556,0.04400318287037037
train,Training/images/형광등/백열전구/25_X001_C169_1201/25_X001_C169_1201_0.jpg,25_X001_C169_1201_0.jpg,81,형광등/백열전구,BOX,700.0,448.0,1029.0,811.0,0.45026041666666666,0.5828703703703704,0.17135416666666667,0.33611111111111114,0.05759403935185185
train,Training/images/형광등/백열전구/25_X003_C055_1105/25_X003_C055_1105_0.jpg,25_X003_C055_1105_0.jpg,81,형광등/백열전구,BOX,632.0,264.0,1066.0,644.0,0.4421875,0.4203703703703704,0.22604166666666667,0.35185185185185186,0.07953317901234568
train,Training/images/형광등/백열전구/25_X005_C163_1120/25_X005_C163_1120_2.jpg,25_X005_C163_1120_2.jpg,81,형광등/백열전구,BOX,605.0,300.0,1373.0,861.0,0.5151041666666667,0.5375,0.4,0.5194444444444445,0.20777777777777778
train,Training/images/형광등/백열전구/25_X005_C169_1211/25_X005_C169_1211_4.jpg,25_X005_C169_1211_4.jpg,81,형광등/백열전구,BOX,858.0,410.0,1158.0,681.0,0.525,0.5050925925925925,0.15625,0.25092592592592594,0.03920717592592592
train,Training/images/형광등/백열전구/25_X008_C323_1202/25_X008_C323_1202_1.jpg,25_X008_C323_1202_1.jpg,81,형광등/백열전구,BOX,611.0,436.0,1151.0,766.0,0.4588541666666667,0.5564814814814815,0.28125,0.3055555555555556,0.0859375
train,Training/images/형광등/백열전구/25_X017_C324_1118/25_X017_C324_1118_0.jpg,25_X017_C324_1118_0.jpg,81,형광등/백열전구,BOX,898.0,368.0,1388.0,793.0,0.5953125,0.403125,0.2552083333333333,0.2951388888888889,0.07532190393518519
train,Training/images/형광등/백열전구/25_X020_C038_1203/25_X020_C038_1203_3.jpg,25_X020_C038_1203_3.jpg,81,형광등/백열전구,BOX,497.0,226.0,868.0,641.0,0.35546875,0.4013888888888889,0.19322916666666667,0.38425925925925924,0.07425009645061728
train,Training/images/형광등/백열전구/25_X129_C900_1210/25_X129_C900_1210_3.jpg,25_X129_C900_1210_3.jpg,81,형광등/백열전구,BOX,552.0,364.0,1230.0,1203.0,0.4640625,0.5440972222222222,0.353125,0.5826388888888889,0.20574435763888888
train,Training/images/형광등/백열전구/25_X442_C900_1109/25_X442_C900_1109_0.jpg,25_X442_C900_1109_0.jpg,81,형광등/백열전구,BOX,921.0,662.0,1084.0,792.0,0.5221354166666666,0.5048611111111111,0.08489583333333334,0.09027777777777778,0.007664207175925926
train,Training/images/형광등/안정기내장형/25_X002_C173_1118/25_X002_C173_1118_3.jpg,25_X002_C173_1118_3.jpg,82,형광등/안정기내장형,BOX,800.0,297.0,1194.0,1075.0,0.5192708333333333,0.47638888888888886,0.20520833333333333,0.5402777777777777,0.11086950231481481
train,Training/images/형광등/안정기내장형/25_X004_C038_1210/25_X004_C038_1210_4.jpg,25_X004_C038_1210_4.jpg,82,형광등/안정기내장형,BOX,771.0,252.0,1268.0,882.0,0.5309895833333333,0.525,0.25885416666666666,0.5833333333333334,0.1509982638888889
train,Training/images/형광등/안정기내장형/25_X005_C188_1111/25_X005_C188_1111_4.jpg,25_X005_C188_1111_4.jpg,82,형광등/안정기내장형,BOX,742.0,447.0,977.0,867.0,0.44765625,0.45625,0.12239583333333333,0.2916666666666667,0.035698784722222224
train,Training/images/형광등/안정기내장형/25_X006_C024_1111/25_X006_C024_1111_0.jpg,25_X006_C024_1111_0.jpg,82,형광등/안정기내장형,BOX,631.0,474.0,1087.0,634.0,0.4473958333333333,0.512962962962963,0.2375,0.14814814814814814,0.03518518518518519
train,Training/images/형광등/안정기내장형/25_X007_C196-1120/25_X007_C196-1120_0.jpg,25_X007_C196-1120_0.jpg,82,형광등/안정기내장형,BOX,635.0,457.0,1178.0,643.0,0.47213541666666664,0.5092592592592593,0.2828125,0.17222222222222222,0.048706597222222224
train,Training/images/형광등/안정기내장형/25_X014_C196_1201/25_X014_C196_1201_2.jpg,25_X014_C196_1201_2.jpg,82,형광등/안정기내장형,BOX,598.0,264.0,1289.0,802.0,0.49140625,0.4935185185185185,0.35989583333333336,0.4981481481481482,0.17928144290123457
train,Training/images/형광등/안정기내장형/25_X015_C195_1125/25_X015_C195_1125_0.jpg,25_X015_C195_1125_0.jpg,82,형광등/안정기내장형,BOX,141.0,459.0,1651.0,901.0,0.4666666666666667,0.4722222222222222,0.7864583333333334,0.30694444444444446,0.24139901620370371
train,Training/images/형광등/안정기내장형/25_X073_C900_1225/25_X073_C900_1225_0.jpg,25_X073_C900_1225_0.jpg,82,형광등/안정기내장형,BOX,756.0,362.0,1230.0,586.0,0.5171875,0.4388888888888889,0.246875,0.2074074074074074,0.0512037037037037
train,Training/images/형광등/안정기내장형/25_X145_C900_1225/25_X145_C900_1225_3.jpg,25_X145_C900_1225_3.jpg,82,형광등/안정기내장형,BOX,585.0,231.0,1308.0,759.0,0.49296875,0.4583333333333333,0.3765625,0.4888888888888889,0.18409722222222222
train,Training/images/형광등/직관형/25_X001_C015_1102/25_X001_C015_1102_1.jpg,25_X001_C015_1102_1.jpg,83,형광등/직관형,BOX,407.0,348.0,1597.0,545.0,0.521875,0.4134259259259259,0.6197916666666666,0.1824074074074074,0.11305459104938272
train,Training/images/형광등/직관형/25_X001_C163_1110/25_X001_C163_1110_0.jpg,25_X001_C163_1110_0.jpg,83,형광등/직관형,BOX,350.0,502.0,1555.0,673.0,0.49609375,0.5439814814814815,0.6276041666666666,0.15833333333333333,0.09937065972222223
train,Training/images/형광등/직관형/25_X001_C209_1105/25_X001_C209_1105_1.jpg,25_X001_C209_1105_1.jpg,83,형광등/직관형,BOX,42.0,598.0,1812.0,861.0,0.4828125,0.5065972222222223,0.921875,0.18263888888888888,0.16837022569444443
train,Training/images/형광등/직관형/25_X001_C332_1211/25_X001_C332_1211_3.jpg,25_X001_C332_1211_3.jpg,83,형광등/직관형,BOX,994.0,81.0,1243.0,945.0,0.517824074074074,0.475,0.11527777777777778,0.8,0.09222222222222222
train,Training/images/형광등/직관형/25_X011_C189_1124/25_X011_C189_1124_4.jpg,25_X011_C189_1124_4.jpg,83,형광등/직관형,BOX,1071.0,111.0,1287.0,1405.0,0.6140625,0.39479166666666665,0.1125,0.6739583333333333,0.0758203125
train,Training/images/형광등/직관형/25_X329_C900_1104/25_X329_C900_1104_4.jpg,25_X329_C900_1104_4.jpg,83,형광등/직관형,BOX,94.0,144.0,1844.0,1202.0,0.5046875,0.4673611111111111,0.9114583333333334,0.7347222222222223,0.6696686921296297
train,Training/images/형광등/직관형/25_X350_C900_1210/25_X350_C900_1210_1.jpg,25_X350_C900_1210_1.jpg,83,형광등/직관형,BOX,513.0,44.0,1788.0,1404.0,0.59921875,0.5027777777777778,0.6640625,0.9444444444444444,0.6271701388888888
train,Training/images/형광등/직관형/25_X351_C900_1104/25_X351_C900_1104_2.jpg,25_X351_C900_1104_2.jpg,83,형광등/직관형,BOX,193.0,307.0,1748.0,1066.0,0.50546875,0.47673611111111114,0.8098958333333334,0.5270833333333333,0.4268825954861111
train,Training/images/형광등/직관형/25_X597_C900_1210/25_X597_C900_1210_0.jpg,25_X597_C900_1210_0.jpg,83,형광등/직관형,BOX,605.0,218.0,758.0,1381.0,0.35494791666666664,0.41640625,0.0796875,0.6057291666666667,0.04826904296875
train,Training/images/형광등/콤팩트형/25_X001_C026_1109/25_X001_C026_1109_3.jpg,25_X001_C026_1109_3.jpg,84,형광등/콤팩트형,BOX,731.0,265.0,1138.0,1031.0,0.48671875,0.6,0.21197916666666666,0.7092592592592593,0.15034818672839506
train,Training/images/형광등/콤팩트형/25_X002_C039_1210/25_X002_C039_1210_3.jpg,25_X002_C039_1210_3.jpg,84,형광등/콤팩트형,BOX,799.0,44.0,987.0,897.0,0.46510416666666665,0.4356481481481482,0.09791666666666667,0.7898148148148149,0.07733603395061728
train,Training/images/형광등/콤팩트형/25_X004_C053_1112/25_X004_C053_1112_1.jpg,25_X004_C053_1112_1.jpg,84,형광등/콤팩트형,BOX,105.0,402.0,1777.0,597.0,0.4901041666666667,0.4625,0.8708333333333333,0.18055555555555555,0.1572337962962963
train,Training/images/형광등/콤팩트형/25_X007_C323_1202/25_X007_C323_1202_0.jpg,25_X007_C323_1202_0.jpg,84,형광등/콤팩트형,BOX,495.0,336.0,1316.0,462.0,0.47161458333333334,0.36944444444444446,0.4276041666666667,0.11666666666666667,0.04988715277777778
train,Training/images/형광등/콤팩트형/25_X007_C323_1202/25_X007_C323_1202_0.jpg,25_X007_C323_1202_0.jpg,84,형광등/콤팩트형,BOX,797.0,501.0,1131.0,627.0,0.5020833333333333,0.5222222222222223,0.17395833333333333,0.11666666666666667,0.02029513888888889
train,Training/images/형광등/콤팩트형/25_X012_C320_1217/25_X012_C320_1217_3.jpg,25_X012_C320_1217_3.jpg,84,형광등/콤팩트형,BOX,742.0,219.0,1019.0,942.0,0.45859375,0.5375,0.14427083333333332,0.6694444444444444,0.09658130787037036
train,Training/images/형광등/콤팩트형/25_X018_C187_1208/25_X018_C187_1208_4.jpg,25_X018_C187_1208_4.jpg,81,형광등/백열전구,BOX,1219.0,596.0,1673.0,1044.0,0.753125,0.5694444444444444,0.23645833333333333,0.3111111111111111,0.07356481481481482
train,Training/images/형광등/콤팩트형/25_X018_C187_1208/25_X018_C187_1208_4.jpg,25_X018_C187_1208_4.jpg,84,형광등/콤팩트형,BOX,326.0,143.0,791.0,425.0,0.2908854166666667,0.19722222222222222,0.2421875,0.19583333333333333,0.04742838541666667
train,Training/images/형광등/콤팩트형/25_X211_C900_1225/25_X211_C900_1225_3.jpg,25_X211_C900_1225_3.jpg,84,형광등/콤팩트형,BOX,619.0,226.0,1396.0,841.0,0.5247395833333334,0.49398148148148147,0.4046875,0.5694444444444444,0.23044704861111112
train,Training/images/형광등/콤팩트형/25_X239_C900_1210/25_X239_C900_1210_2.jpg,25_X239_C900_1210_2.jpg,84,형광등/콤팩트형,BOX,822.0,120.0,1202.0,1238.0,0.5270833333333333,0.47152777777777777,0.19791666666666666,0.7763888888888889,0.15366030092592592
train,Training/images/형광등/콤팩트형/25_X333_C900_1225/25_X333_C900_1225_0.jpg,25_X333_C900_1225_0.jpg,84,형광등/콤팩트형,BOX,966.0,350.0,1323.0,684.0,0.59609375,0.4787037037037037,0.1859375,0.30925925925925923,0.05750289351851852
train,Training/images/형광등/환형/25_X002_C324_1208/25_X002_C324_1208_0.jpg,25_X002_C324_1208_0.jpg,85,형광등/환형,BOX,198.0,420.0,1339.0,1564.0,0.5336805555555556,0.5166666666666667,0.7923611111111111,0.5958333333333333,0.472115162037037
train,Training/images/형광등/환형/25_X005_C024_1104/25_X005_C024_1104_2.jpg,25_X005_C024_1104_2.jpg,85,형광등/환형,BOX,269.0,251.0,1371.0,753.0,0.4270833333333333,0.4648148148148148,0.5739583333333333,0.4648148148148148,0.2667843364197531
train,Training/images/형광등/환형/25_X006_C203_1202/25_X006_C203_1202_3.jpg,25_X006_C203_1202_3.jpg,85,형광등/환형,BOX,229.0,278.0,1761.0,1041.0,0.5182291666666666,0.4579861111111111,0.7979166666666667,0.5298611111111111,0.42278501157407405
train,Training/images/형광등/환형/25_X007_C023_1211/25_X007_C023_1211_3.jpg,25_X007_C023_1211_3.jpg,85,형광등/환형,BOX,573.0,241.0,1241.0,907.0,0.47239583333333335,0.5314814814814814,0.34791666666666665,0.6166666666666667,0.21454861111111112
train,Training/images/형광등/환형/25_X007_C045_1202/25_X007_C045_1202_3.jpg,25_X007_C045_1202_3.jpg,85,형광등/환형,BOX,407.0,231.0,1387.0,869.0,0.4671875,0.3819444444444444,0.5104166666666666,0.44305555555555554,0.22614293981481481
train,Training/images/형광등/환형/25_X015_C039_1204/25_X015_C039_1204_1.jpg,25_X015_C039_1204_1.jpg,85,형광등/환형,BOX,179.0,312.0,1746.0,769.0,0.5013020833333334,0.500462962962963,0.8161458333333333,0.42314814814814816,0.34535059799382717
train,Training/images/형광등/환형/25_X017_C900_1209/25_X017_C900_1209_0.jpg,25_X017_C900_1209_0.jpg,85,형광등/환형,BOX,176.0,180.0,873.0,809.0,0.27317708333333335,0.45787037037037037,0.36302083333333335,0.5824074074074074,0.2114260223765432
train,Training/images/형광등/환형/25_X017_C900_1209/25_X017_C900_1209_0.jpg,25_X017_C900_1209_0.jpg,84,형광등/콤팩트형,BOX,1239.0,173.0,1535.0,747.0,0.7223958333333333,0.42592592592592593,0.15416666666666667,0.5314814814814814,0.08193672839506173
train,Training/images/형광등/환형/25_X024_C163_1208/25_X024_C163_1208_2.jpg,25_X024_C163_1208_2.jpg,85,형광등/환형,BOX,336.0,319.0,1599.0,992.0,0.50390625,0.4552083333333333,0.6578125,0.4673611111111111,0.3074359809027778
train,Training/images/형광등/환형/25_X043_C332_1204/25_X043_C332_1204_0.jpg,25_X043_C332_1204_0.jpg,85,형광등/환형,BOX,596.0,115.0,1509.0,1004.0,0.48726851851851855,0.5180555555555556,0.42268518518518516,0.8231481481481482,0.34793252743484226
val,Validation/images/고철류/고철/12_X001_C015_0131/12_X001_C015_0131_2.jpg,12_X001_C015_0131_2.jpg,0,고철류/고철,BOX,483.0,281.0,1580.0,661.0,0.5369599167100468,0.4361111111111111,0.571056741280583,0.35185185185185186,0.20092737193205698
val,Validation/images/고철류/고철/12_X054_C509_0407/12_X054_C509_0407_0.jpg,12_X054_C509_0407_0.jpg,0,고철류/고철,POLYGON->BOX,546.0,313.0,771.0,1027.0,0.45729166666666665,0.3487766788131182,0.15625,0.37168141592920356,0.05807522123893805
val,Validation/images/고철류/골프채/12_X002_C973_0319/12_X002_C973_0319_3.jpg,12_X002_C973_0319_3.jpg,1,고철류/골프채,BOX,160.0,434.0,1311.0,1335.0,0.5107638888888889,0.46043727225403436,0.7993055555555556,0.4690265486725664,0.37489552605703047
val,Validation/images/고철류/골프채/12_X003_C509_0319/12_X003_C509_0319_3.jpg,12_X003_C509_0319_3.jpg,1,고철류/골프채,BOX,475.0,481.0,868.0,1663.0,0.46631944444444445,0.5580426861009891,0.27291666666666664,0.6153045288912025,0.16792686100989068
val,Validation/images/고철류/기타/12_X001_C045_0201/12_X001_C045_0201_2.jpg,12_X001_C045_0201_2.jpg,2,고철류/기타,BOX,470.0,316.0,1532.0,900.0,0.5210827693909422,0.4222222222222222,0.5528370640291514,0.40555555555555556,0.22420614263404476
val,Validation/images/고철류/기타/12_X012_C045_0130/12_X012_C045_0130_4.jpg,12_X012_C045_0130_4.jpg,2,고철류/기타,BOX,668.0,429.0,1418.0,1147.0,0.5429463820926601,0.5472222222222223,0.39042165538781887,0.4986111111111111,0.19466857539475968
val,Validation/images/고철류/비철금속/12_X002_C187_1109/12_X002_C187_1109_0.jpg,12_X002_C187_1109_0.jpg,3,고철류/비철금속,BOX,623.0,354.0,1322.0,1063.0,0.5065104166666666,0.49201388888888886,0.3640625,0.49236111111111114,0.17925021701388888
val,Validation/images/고철류/비철금속/12_X005_C024_1102/12_X005_C024_1102_3.jpg,12_X005_C024_1102_3.jpg,3,고철류/비철금속,BOX,803.0,161.0,1546.0,1203.0,0.61171875,0.4736111111111111,0.38697916666666665,0.7236111111111111,0.2800224247685185
val,Validation/images/고철류/전기프라이팬/12_X004_C045_1125/12_X004_C045_1125_2.jpg,12_X004_C045_1125_2.jpg,4,고철류/전기프라이팬,BOX,434.0,327.0,1494.0,767.0,0.5020833333333333,0.5064814814814815,0.5520833333333334,0.4074074074074074,0.22492283950617284
val,Validation/images/고철류/전기프라이팬/12_X004_C188_1116/12_X004_C188_1116_4.jpg,12_X004_C188_1116_4.jpg,4,고철류/전기프라이팬,BOX,295.0,133.0,1578.0,1142.0,0.48776041666666664,0.4427083333333333,0.6682291666666667,0.7006944444444444,0.4682244646990741
val,Validation/images/고철류/주전자/12_X004_C193_1209/12_X004_C193_1209_0.jpg,12_X004_C193_1209_0.jpg,5,고철류/주전자,BOX,248.0,512.0,943.0,930.0,0.30999479437792815,0.5006944444444444,0.3617907339927121,0.2902777777777778,0.10501981028399561
val,Validation/images/고철류/주전자/12_X004_C193_1209/12_X004_C193_1209_0.jpg,12_X004_C193_1209_0.jpg,5,고철류/주전자,BOX,1239.0,352.0,1592.0,769.0,0.7368558042686101,0.3892361111111111,0.18375845913586675,0.28958333333333336,0.05321338712476141
val,Validation/images/고철류/주전자/12_X005_C702_1216/12_X005_C702_1216_3.jpg,12_X005_C702_1216_3.jpg,5,고철류/주전자,BOX,659.0,220.0,1213.0,861.0,0.4875,0.500462962962963,0.28854166666666664,0.5935185185185186,0.1712548225308642
val,Validation/images/고철류/철옷걸이/12_X001_C185_0929/12_X001_C185_0929_4.jpg,12_X001_C185_0929_4.jpg,6,고철류/철옷걸이,BOX,851.0,390.0,1755.0,976.0,0.5565997436992738,0.6324074074074074,0.3861597607859889,0.5425925925925926,0.2095274257598051
val,Validation/images/고철류/철옷걸이/12_X006_C211_1124/12_X006_C211_1124_3.jpg,12_X006_C211_1124_3.jpg,6,고철류/철옷걸이,BOX,248.0,509.0,1786.0,1186.0,0.5294117647058824,0.5885416666666666,0.8006246746486205,0.4701388888888889,0.3764047949563306
val,Validation/images/고철류/프라이팬/12_X005_C058_0207/12_X005_C058_0207_3.jpg,12_X005_C058_0207_3.jpg,7,고철류/프라이팬,POLYGON->BOX,266.0,191.0,1623.0,829.0,0.49167100468505986,0.3541666666666667,0.7064029151483602,0.44305555555555554,0.3129757360171207
val,Validation/images/고철류/프라이팬/12_X022_C175_1207/12_X022_C175_1207_0.jpg,12_X022_C175_1207_0.jpg,7,고철류/프라이팬,BOX,605.0,540.0,765.0,907.0,0.35658511192087455,0.5024305555555556,0.08328995314940135,0.2548611111111111,0.021227370004048816
val,Validation/images/고철류/프라이팬/12_X022_C175_1207/12_X022_C175_1207_0.jpg,12_X022_C175_1207_0.jpg,7,고철류/프라이팬,BOX,1034.0,471.0,1321.0,889.0,0.6129619989588756,0.4722222222222222,0.1494013534617387,0.2902777777777778,0.04336789287986581
val,Validation/images/나무/기타/13_X001_C038_1118/13_X001_C038_1118_3.jpg,13_X001_C038_1118_3.jpg,8,나무/기타,BOX,291.0,251.0,1529.0,895.0,0.4739583333333333,0.5305555555555556,0.6447916666666667,0.5962962962962963,0.38448688271604936
val,Validation/images/나무/기타/13_X016_C058_0202/13_X016_C058_0202_1.jpg,13_X016_C058_0202_1.jpg,8,나무/기타,BOX,1092.0,260.0,1150.0,955.0,0.5835502342529932,0.421875,0.03019260801665799,0.4826388888888889,0.014572126785817572
val,Validation/images/나무/나무행거/13_X002_C012_1014/13_X002_C012_1014_4.jpg,13_X002_C012_1014_4.jpg,9,나무/나무행거,BOX,151.0,430.0,1895.0,1041.0,0.5328125,0.5107638888888889,0.9083333333333333,0.42430555555555555,0.3854108796296296
val,Validation/images/나무/나무행거/13_X004_C061_0131/13_X004_C061_0131_3.jpg,13_X004_C061_0131_3.jpg,9,나무/나무행거,BOX,386.0,215.0,1407.0,996.0,0.4669270833333333,0.5606481481481481,0.5317708333333333,0.7231481481481481,0.3845490933641975
val,Validation/images/나무/도마/13_X001_C034_1030/13_X001_C034_1030_3.jpg,13_X001_C034_1030_3.jpg,10,나무/도마,BOX,325.0,134.0,1436.0,1134.0,0.45859375,0.44027777777777777,0.5786458333333333,0.6944444444444444,0.40183738425925924
val,Validation/images/나무/도마/13_X001_C036_1026/13_X001_C036_1026_3.jpg,13_X001_C036_1026_3.jpg,10,나무/도마,BOX,728.0,635.0,1520.0,1380.0,0.5854166666666667,0.5247395833333334,0.4125,0.3880208333333333,0.16005859375
val,Validation/images/나무/액자/13_X002_C162_1126/13_X002_C162_1126_4.jpg,13_X002_C162_1126_4.jpg,11,나무/액자,BOX,846.0,296.0,1202.0,542.0,0.5333333333333333,0.29097222222222224,0.18541666666666667,0.17083333333333334,0.03167534722222222
val,Validation/images/나무/액자/13_X003_C044_1030_6/13_X003_C044_1030_6_2.jpg,13_X003_C044_1030_6_2.jpg,11,나무/액자,BOX,244.0,264.0,1768.0,1224.0,0.5239583333333333,0.5166666666666667,0.79375,0.6666666666666666,0.5291666666666667
val,Validation/images/나무/장식품/13_X023_C803_0129/13_X023_C803_0129_0.jpg,13_X023_C803_0129_0.jpg,12,나무/장식품,POLYGON->BOX,441.0,68.0,1609.0,1298.0,0.5335762623633524,0.47430555555555554,0.6080166579906299,0.8541666666666666,0.5193475620336631
val,Validation/images/나무/장식품/13_X085_C024_0225/13_X085_C024_0225_5.jpg,13_X085_C024_0225_5.jpg,11,나무/액자,BOX,693.0,185.0,1102.0,415.0,0.46720458094742323,0.2777777777777778,0.21290994273815722,0.21296296296296297,0.04534193224979274
val,Validation/images/나무/장식품/13_X085_C024_0225/13_X085_C024_0225_5.jpg,13_X085_C024_0225_5.jpg,12,나무/장식품,BOX,452.0,518.0,1249.0,937.0,0.44273815720978654,0.6736111111111112,0.4148880791254555,0.38796296296296295,0.16096120847552395
val,Validation/images/나무/주걱/13_X057_C553_0122/13_X057_C553_0122_1.jpg,13_X057_C553_0122_1.jpg,13,나무/주걱,BOX,788.0,127.0,1060.0,1303.0,0.48125,0.4965277777777778,0.14166666666666666,0.8166666666666667,0.11569444444444445
val,Validation/images/나무/주걱/13_X215_C509_0314/13_X215_C509_0314_2.jpg,13_X215_C509_0314_2.jpg,13,나무/주걱,BOX,642.0,339.0,1040.0,976.0,0.43779281624154087,0.4565972222222222,0.20718375845913586,0.4423611111111111,0.0916500375961594
val,Validation/images/나무/주방용품/13_X015_C023_0306/13_X015_C023_0306_1.jpg,13_X015_C023_0306_1.jpg,14,나무/주방용품,BOX,360.0,485.0,1821.0,592.0,0.5676730869338886,0.498149861239593,0.7605413846954711,0.09898242368177614,0.07528022956745181
val,Validation/images/나무/주방용품/13_X015_C023_0306/13_X015_C023_0306_1.jpg,13_X015_C023_0306_1.jpg,14,나무/주방용품,BOX,242.0,666.0,1775.0,865.0,0.5249869859448204,0.7081406105457909,0.7980218636127017,0.18408880666049954,0.14690689256145018
val,Validation/images/나무/주방용품/13_X287_C999_0317/13_X287_C999_0317_4.jpg,13_X287_C999_0317_4.jpg,14,나무/주방용품,BOX,535.0,280.0,1237.0,540.0,0.46121811556481,0.37962962962962965,0.36543466944299846,0.24074074074074073,0.08797501301405518
val,Validation/images/나무/포장재/13_X002_C055_0129/13_X002_C055_0129_4.jpg,13_X002_C055_0129_4.jpg,15,나무/포장재,BOX,353.0,199.0,1349.0,831.0,0.44299843831337843,0.47685185185185186,0.5184799583550235,0.5851851851851851,0.30340679044479146
val,Validation/images/나무/포장재/13_X154_C050_0226/13_X154_C050_0226_2.jpg,13_X154_C050_0226_2.jpg,15,나무/포장재,BOX,253.0,169.0,828.0,574.0,0.28136387298282145,0.3439814814814815,0.2993232691306611,0.375,0.11224622592399791
val,Validation/images/나무/포장재/13_X154_C050_0226/13_X154_C050_0226_2.jpg,13_X154_C050_0226_2.jpg,14,나무/주방용품,BOX,912.0,565.0,1358.0,939.0,0.5908381051535658,0.6962962962962963,0.23217074440395627,0.34629629629629627,0.08039986889544412
val,Validation/images/도기류/그릇류/14_X014_C055_1120/14_X014_C055_1120_3.jpg,14_X014_C055_1120_3.jpg,16,도기류/그릇류,BOX,635.0,229.0,1111.0,767.0,0.4546875,0.46111111111111114,0.24791666666666667,0.4981481481481482,0.12349922839506172
val,Validation/images/도기류/그릇류/14_X014_C701_1229/14_X014_C701_1229_2.jpg,14_X014_C701_1229_2.jpg,16,도기류/그릇류,BOX,430.0,69.0,1724.0,680.0,0.5609375,0.34675925925925927,0.6739583333333333,0.5657407407407408,0.3812856867283951
val,Validation/images/도기류/기타/14_X007_C508_0408/14_X007_C508_0408_1.jpg,14_X007_C508_0408_1.jpg,17,도기류/기타,POLYGON->BOX,652.0,129.0,1318.0,806.0,0.5127537740760021,0.43287037037037035,0.34669442998438316,0.6268518518518519,0.21732604546243275
val,Validation/images/도기류/기타/14_X022_C508_0408/14_X022_C508_0408_3.jpg,14_X022_C508_0408_3.jpg,17,도기류/기타,POLYGON->BOX,666.0,390.0,1389.0,1207.0,0.5348776678813119,0.5545138888888889,0.37636647579385735,0.5673611111111111,0.21353570189137602
val,Validation/images/도기류/뚝배기/14_X001_C187_1112/14_X001_C187_1112_3.jpg,14_X001_C187_1112_3.jpg,18,도기류/뚝배기,BOX,589.0,118.0,1644.0,941.0,0.5815104166666667,0.36770833333333336,0.5494791666666666,0.5715277777777777,0.31404260706018516
val,Validation/images/도기류/뚝배기/14_X019_C323_0116/14_X019_C323_0116_0.jpg,14_X019_C323_0116_0.jpg,18,도기류/뚝배기,BOX,142.0,253.0,1171.0,1604.0,0.45590277777777777,0.48359375,0.7145833333333333,0.7036458333333333,0.5028135850694444
val,Validation/images/도기류/받침/14_X094_C509_0414/14_X094_C509_0414_4.jpg,14_X094_C509_0414_4.jpg,19,도기류/받침,BOX,621.0,160.0,897.0,407.0,0.35138888888888886,0.2625,0.12777777777777777,0.22870370370370371,0.029223251028806584
val,Validation/images/도기류/받침/14_X094_C509_0414/14_X094_C509_0414_4.jpg,14_X094_C509_0414_4.jpg,16,도기류/그릇류,BOX,1115.0,554.0,1479.0,884.0,0.600462962962963,0.6657407407407407,0.1685185185185185,0.3055555555555556,0.0514917695473251
val,Validation/images/도기류/받침/14_X167_C900_0317/14_X167_C900_0317_2.jpg,14_X167_C900_0317_2.jpg,19,도기류/받침,BOX,250.0,118.0,1273.0,892.0,0.3964081207704321,0.4675925925925926,0.5325351379489849,0.7166666666666667,0.3816501821967725
val,Validation/images/도기류/병/14_X003_C324_1118/14_X003_C324_1118_0.jpg,14_X003_C324_1118_0.jpg,20,도기류/병,BOX,761.0,396.0,1031.0,905.0,0.4666666666666667,0.4517361111111111,0.140625,0.35347222222222224,0.04970703125
val,Validation/images/도기류/장식품/14_X001_C015_1119/14_X001_C015_1119_3.jpg,14_X001_C015_1119_3.jpg,21,도기류/장식품,BOX,752.0,216.0,1193.0,911.0,0.5065104166666666,0.5217592592592593,0.2296875,0.6435185185185185,0.14780815972222222
val,Validation/images/도기류/장식품/14_X011_C169_1203/14_X011_C169_1203_2.jpg,14_X011_C169_1203_2.jpg,21,도기류/장식품,BOX,855.0,314.0,1217.0,682.0,0.5395833333333333,0.46111111111111114,0.18854166666666666,0.34074074074074073,0.06424382716049383
val,Validation/images/도기류/주전자/14_X002_C195_1109/14_X002_C195_1109_3.jpg,14_X002_C195_1109_3.jpg,22,도기류/주전자,BOX,791.0,241.0,1446.0,1088.0,0.5825520833333333,0.46145833333333336,0.3411458333333333,0.5881944444444445,0.20066008391203705
val,Validation/images/도기류/주전자/14_X003_C192_1117/14_X003_C192_1117_1.jpg,14_X003_C192_1117_1.jpg,22,도기류/주전자,BOX,419.0,344.0,1366.0,1070.0,0.46484375,0.4909722222222222,0.49322916666666666,0.5041666666666667,0.24866970486111112
val,Validation/images/도기류/컵/14_X001_C172_1006/14_X001_C172_1006_2.jpg,14_X001_C172_1006_2.jpg,23,도기류/컵,BOX,627.0,319.0,1360.0,917.0,0.5174479166666667,0.42916666666666664,0.38177083333333334,0.4152777777777778,0.15854094328703705
val,Validation/images/도기류/컵/14_X027_C045_0128/14_X027_C045_0128_0.jpg,14_X027_C045_0128_0.jpg,23,도기류/컵,BOX,553.0,535.0,998.0,908.0,0.4036959916710047,0.5010416666666667,0.23165018219677252,0.2590277777777778,0.06000383191624732
val,Validation/images/도기류/항아리/14_X001_C016_1029/14_X001_C016_1029_3.jpg,14_X001_C016_1029_3.jpg,24,도기류/항아리,BOX,375.0,363.0,1340.0,1379.0,0.4463820926600729,0.6048611111111111,0.5023425299323269,0.7055555555555556,0.3544305627855862
val,Validation/images/도기류/항아리/14_X002_C024_1210/14_X002_C024_1210_0.jpg,14_X002_C024_1210_0.jpg,24,도기류/항아리,BOX,472.0,268.0,979.0,740.0,0.37786458333333334,0.4666666666666667,0.2640625,0.43703703703703706,0.11540509259259259
val,Validation/images/도기류/화분/14_X005_C045_1118/14_X005_C045_1118_1.jpg,14_X005_C045_1118_1.jpg,25,도기류/화분,BOX,612.0,204.0,1125.0,788.0,0.45234375,0.45925925925925926,0.2671875,0.5407407407407407,0.14447916666666666
val,Validation/images/도기류/화분/14_X005_C704_0106/14_X005_C704_0106_3.jpg,14_X005_C704_0106_3.jpg,25,도기류/화분,BOX,744.0,288.0,1337.0,1114.0,0.5419270833333333,0.48680555555555555,0.30885416666666665,0.5736111111111111,0.17716218171296297
val,Validation/images/비닐/과자봉지/15_X371_C889_0330/15_X371_C889_0330_4.jpg,15_X371_C889_0330_4.jpg,26,비닐/과자봉지,BOX,575.0,717.0,1014.0,1227.0,0.5517361111111111,0.5059864653826133,0.30486111111111114,0.26548672566371684,0.08093657817109144
val,Validation/images/비닐/과자봉지/15_X396_C888_0330/15_X396_C888_0330_2.jpg,15_X396_C888_0330_2.jpg,26,비닐/과자봉지,BOX,403.0,955.0,923.0,1295.0,0.34513274336283184,0.78125,0.2706923477355544,0.2361111111111111,0.063913470993117
val,Validation/images/비닐/기타/15_X001_C807_0925/15_X001_C807_0925_1.jpg,15_X001_C807_0925_1.jpg,27,비닐/기타,BOX,577.0,152.0,1512.0,1388.0,0.5437272254034358,0.5347222222222222,0.48672566371681414,0.8583333333333333,0.41777286135693215
val,Validation/images/비닐/기타/15_X006_C205_1015/15_X006_C205_1015_0.jpg,15_X006_C205_1015_0.jpg,27,비닐/기타,BOX,512.0,170.0,1172.0,749.0,0.43854166666666666,0.425462962962963,0.34375,0.5361111111111111,0.18428819444444444
val,Validation/images/비닐/리필용기/15_X007_C164_1023/15_X007_C164_1023_2.jpg,15_X007_C164_1023_2.jpg,28,비닐/리필용기,BOX,167.0,316.0,1585.0,978.0,0.45625,0.44930555555555557,0.7385416666666667,0.4597222222222222,0.3395240162037037
val,Validation/images/비닐/리필용기/15_X186_C886_0330/15_X186_C886_0330_2.jpg,15_X186_C886_0330_2.jpg,28,비닐/리필용기,POLYGON->BOX,560.0,462.0,1107.0,1099.0,0.5788194444444444,0.4062988027069235,0.3798611111111111,0.33159812597605415,0.1259612325756261
val,Validation/images/비닐/봉투/15_X003_C014_1028/15_X003_C014_1028_2.jpg,15_X003_C014_1028_2.jpg,29,비닐/봉투,BOX,555.0,126.0,1275.0,619.0,0.4765625,0.3449074074074074,0.375,0.4564814814814815,0.17118055555555556
val,Validation/images/비닐/봉투/15_X056_C985_0319/15_X056_C985_0319_2.jpg,15_X056_C985_0319_2.jpg,29,비닐/봉투,BOX,326.0,416.0,1214.0,1128.0,0.40083289953149404,0.5361111111111111,0.4622592399791775,0.49444444444444446,0.22856151310081554
val,Validation/images/비닐/에어캡/15_X064_C971_0318/15_X064_C971_0318_4.jpg,15_X064_C971_0318_4.jpg,30,비닐/에어캡,BOX,303.0,486.0,1172.0,1373.0,0.5121527777777778,0.4838625715773035,0.6034722222222222,0.46173867777199373,0.27864646596101567
val,Validation/images/비닐/에어캡/15_X093_C501_0318/15_X093_C501_0318_0.jpg,15_X093_C501_0318_0.jpg,30,비닐/에어캡,BOX,616.0,561.0,1243.0,1271.0,0.6454861111111111,0.47683498178032274,0.4354166666666667,0.36959916710046853,0.16092963734166232
val,Validation/images/비닐/일회용덮개/15_X082_C502_1103_5/15_X082_C502_1103_5_4.jpg,15_X082_C502_1103_5_4.jpg,31,비닐/일회용덮개,BOX,229.0,1149.0,1141.0,1290.0,0.4756944444444444,0.63515625,0.6333333333333333,0.0734375,0.046510416666666665
val,Validation/images/비닐/일회용덮개/15_X132_C501_0318/15_X132_C501_0318_2.jpg,15_X132_C501_0318_2.jpg,31,비닐/일회용덮개,BOX,55.0,336.0,1247.0,1272.0,0.33888599687662674,0.5583333333333333,0.6205101509630401,0.65,0.4033315981259761
val,Validation/images/비닐/포장제/15_X005_C163_1023/15_X005_C163_1023_2.jpg,15_X005_C163_1023_2.jpg,32,비닐/포장제,BOX,218.0,344.0,1686.0,1133.0,0.49583333333333335,0.5128472222222222,0.7645833333333333,0.5479166666666667,0.4189279513888889
val,Validation/images/비닐/포장제/15_X938_C888_0330/15_X938_C888_0330_4.jpg,15_X938_C888_0330_4.jpg,32,비닐/포장제,BOX,480.0,439.0,1135.0,1062.0,0.42035398230088494,0.5211805555555555,0.34096824570536177,0.4326388888888889,0.1475161229683614
val,Validation/images/스티로폼/네모트레이/16_X106_C581_0116/16_X106_C581_0116_0.jpg,16_X106_C581_0116_0.jpg,33,스티로폼/네모트레이,BOX,623.0,358.0,840.0,644.0,0.3809895833333333,0.4638888888888889,0.11302083333333333,0.26481481481481484,0.029929591049382715
val,Validation/images/스티로폼/네모트레이/16_X106_C581_0116/16_X106_C581_0116_0.jpg,16_X106_C581_0116_0.jpg,33,스티로폼/네모트레이,BOX,994.0,345.0,1263.0,712.0,0.5877604166666667,0.48935185185185187,0.14010416666666667,0.3398148148148148,0.04760947145061729
val,Validation/images/스티로폼/네모트레이/16_X368_C976_0325/16_X368_C976_0325_4.jpg,16_X368_C976_0325_4.jpg,33,스티로폼/네모트레이,BOX,476.0,321.0,1179.0,1006.0,0.5746527777777778,0.3453930244664237,0.48819444444444443,0.35658511192087455,0.1740828706113714
val,Validation/images/스티로폼/보호재/16_X014_C090_0321/16_X014_C090_0321_2.jpg,16_X014_C090_0321_2.jpg,34,스티로폼/보호재,BOX,411.0,125.0,1416.0,954.0,0.47553357626236337,0.49953703703703706,0.5231650182196772,0.7675925925925926,0.401577592688993
val,Validation/images/스티로폼/보호재/16_X073_C102_0321/16_X073_C102_0321_0.jpg,16_X073_C102_0321_0.jpg,34,스티로폼/보호재,BOX,416.0,304.0,1514.0,884.0,0.5023425299323269,0.55,0.5715773034877668,0.5370370370370371,0.30695818150268955
val,Validation/images/스티로폼/스티로폼/16_X015_C039_1130/16_X015_C039_1130_0.jpg,16_X015_C039_1130_0.jpg,35,스티로폼/스티로폼,BOX,515.0,223.0,1343.0,863.0,0.48385416666666664,0.5027777777777778,0.43125,0.5925925925925926,0.25555555555555554
val,Validation/images/스티로폼/스티로폼/16_X015_C044_1209/16_X015_C044_1209_3.jpg,16_X015_C044_1209_3.jpg,35,스티로폼/스티로폼,BOX,846.0,129.0,1264.0,606.0,0.5494791666666666,0.2552083333333333,0.21770833333333334,0.33125,0.07211588541666666
val,Validation/images/스티로폼/스티로폼/16_X015_C044_1209/16_X015_C044_1209_3.jpg,16_X015_C044_1209_3.jpg,35,스티로폼/스티로폼,BOX,538.0,741.0,1044.0,1198.0,0.4119791666666667,0.6732638888888889,0.2635416666666667,0.3173611111111111,0.0836378761574074
val,Validation/images/스티로폼/포장용기/16_X002_C192_0928/16_X002_C192_0928_3.jpg,16_X002_C192_0928_3.jpg,36,스티로폼/포장용기,BOX,487.0,276.0,1596.0,1067.0,0.5424479166666667,0.46631944444444445,0.5776041666666667,0.5493055555555556,0.31728117766203706
val,Validation/images/스티로폼/포장용기/16_X146_C554_0114/16_X146_C554_0114_3.jpg,16_X146_C554_0114_3.jpg,36,스티로폼/포장용기,BOX,706.0,117.0,1511.0,577.0,0.57734375,0.24097222222222223,0.4192708333333333,0.3194444444444444,0.13393373842592593
val,Validation/images/스티로폼/포장용기/16_X146_C554_0114/16_X146_C554_0114_3.jpg,16_X146_C554_0114_3.jpg,36,스티로폼/포장용기,BOX,227.0,391.0,1342.0,978.0,0.40859375,0.4753472222222222,0.5807291666666666,0.4076388888888889,0.23672779224537038
val,Validation/images/유리병/기타/17_X018_C196_1123/17_X018_C196_1123_2.jpg,17_X018_C196_1123_2.jpg,37,유리병/기타,BOX,691.0,222.0,1137.0,810.0,0.47579385736595525,0.47733580018501387,0.23217074440395627,0.543940795559667,0.12628713941676808
val,Validation/images/유리병/기타/17_X354_C500_0331/17_X354_C500_0331_3.jpg,17_X354_C500_0331_3.jpg,37,유리병/기타,BOX,598.0,482.0,1199.0,883.0,0.6239583333333333,0.3552837064029151,0.4173611111111111,0.20874544508068715,0.087122230898259
val,Validation/images/유리병/기타술병/17_X010_C172_1013/17_X010_C172_1013_4.jpg,17_X010_C172_1013_4.jpg,38,유리병/기타술병,BOX,767.0,300.0,1111.0,1206.0,0.4890625,0.5229166666666667,0.17916666666666667,0.6291666666666667,0.11272569444444444
val,Validation/images/유리병/기타술병/17_X013_C172_1113/17_X013_C172_1113_1.jpg,17_X013_C172_1113_1.jpg,38,유리병/기타술병,BOX,832.0,373.0,1231.0,1026.0,0.5372395833333333,0.4857638888888889,0.2078125,0.4534722222222222,0.09423719618055555
val,Validation/images/유리병/맥주병/17_X002_C330_1102/17_X002_C330_1102_3.jpg,17_X002_C330_1102_3.jpg,39,유리병/맥주병,BOX,511.0,207.0,1427.0,928.0,0.5046875,0.5254629629629629,0.47708333333333336,0.6675925925925926,0.31849729938271604
val,Validation/images/유리병/맥주병/17_X034_C509_0129/17_X034_C509_0129_2.jpg,17_X034_C509_0129_2.jpg,39,유리병/맥주병,BOX,675.0,199.0,1308.0,1836.0,0.5161374284226965,0.5296720458094742,0.3295158771473191,0.8521603331598125,0.28080035965130734
val,Validation/images/유리병/물병/17_X023_C329_1106/17_X023_C329_1106_4.jpg,17_X023_C329_1106_4.jpg,40,유리병/물병,BOX,619.0,584.0,1151.0,1350.0,0.4609375,0.5036458333333333,0.27708333333333335,0.39895833333333336,0.1105447048611111
val,Validation/images/유리병/물병/17_X032_C193_1203/17_X032_C193_1203_4.jpg,17_X032_C193_1203_4.jpg,40,유리병/물병,BOX,310.0,343.0,1110.0,1068.0,0.3697916666666667,0.48993055555555554,0.4166666666666667,0.5034722222222222,0.2097800925925926
val,Validation/images/유리병/박카스병/17_X003_C188_1123/17_X003_C188_1123_0.jpg,17_X003_C188_1123_0.jpg,41,유리병/박카스병,BOX,878.0,549.0,950.0,693.0,0.47604166666666664,0.43125,0.0375,0.1,0.00375
val,Validation/images/유리병/박카스병/17_X020_C209_1117/17_X020_C209_1117_2.jpg,17_X020_C209_1117_2.jpg,41,유리병/박카스병,BOX,683.0,464.0,1675.0,1197.0,0.6140625,0.5767361111111111,0.5166666666666667,0.5090277777777777,0.2629976851851852
val,Validation/images/유리병/소주병/17_X091_C509_0129/17_X091_C509_0129_0.jpg,17_X091_C509_0129_0.jpg,42,유리병/소주병,BOX,770.0,19.0,1237.0,1439.0,0.5223841749089017,0.50625,0.2431025507548152,0.9861111111111112,0.2397261264387761
val,Validation/images/유리병/소주병/17_X399_C777_0330/17_X399_C777_0330_3.jpg,17_X399_C777_0330_3.jpg,42,유리병/소주병,BOX,252.0,872.0,816.0,1259.0,0.49444444444444446,0.5546590317542947,0.5222222222222223,0.20145757418011453,0.10520562207183759
val,Validation/images/유리병/음료수병/17_X005_C330_1029/17_X005_C330_1029_2.jpg,17_X005_C330_1029_2.jpg,43,유리병/음료수병,BOX,831.0,427.0,1509.0,1033.0,0.609375,0.5069444444444444,0.353125,0.42083333333333334,0.14860677083333335
val,Validation/images/유리병/음료수병/17_X005_C501_0331/17_X005_C501_0331_1.jpg,17_X005_C501_0331_1.jpg,43,유리병/음료수병,BOX,768.0,451.0,1118.0,1179.0,0.4908901613742842,0.5659722222222222,0.18219677251431546,0.5055555555555555,0.09211059054890393
val,Validation/images/유리병/주방용기/17_X015_C209_1106/17_X015_C209_1106_2.jpg,17_X015_C209_1106_2.jpg,44,유리병/주방용기,BOX,850.0,340.0,1177.0,1096.0,0.5278645833333333,0.4986111111111111,0.1703125,0.525,0.0894140625
val,Validation/images/유리병/주방용기/17_X170_C777_0330/17_X170_C777_0330_1.jpg,17_X170_C777_0330_1.jpg,44,유리병/주방용기,BOX,854.0,344.0,1132.0,850.0,0.5169182717334722,0.5527777777777778,0.14471629359708485,0.4685185185185185,0.06780226348159717
val,Validation/images/의류/기타의류/18_X001_C323_1203/18_X001_C323_1203_0.jpg,18_X001_C323_1203_0.jpg,46,의류/기타의류,BOX,857.0,407.0,1241.0,885.0,0.5463541666666667,0.5981481481481481,0.2,0.4425925925925926,0.08851851851851852
val,Validation/images/의류/기타의류/18_X120_C900_1030/18_X120_C900_1030_4.jpg,18_X120_C900_1030_4.jpg,46,의류/기타의류,BOX,777.0,357.0,1108.0,671.0,0.4908854166666667,0.4759259259259259,0.17239583333333333,0.29074074074074074,0.05012249228395062
val,Validation/images/의류/레깅스/18_X059_C193_1124/18_X059_C193_1124_1.jpg,18_X059_C193_1124_1.jpg,47,의류/레깅스,BOX,435.0,313.0,1672.0,1209.0,0.5486979166666667,0.5284722222222222,0.6442708333333333,0.6222222222222222,0.40087962962962964
val,Validation/images/의류/레깅스/18_X555_C900_1117/18_X555_C900_1117_4.jpg,18_X555_C900_1117_4.jpg,47,의류/레깅스,BOX,690.0,169.0,1192.0,1284.0,0.4901041666666667,0.5045138888888889,0.26145833333333335,0.7743055555555556,0.20244864004629629
val,Validation/images/의류/면의류/18_X004_C014_0929/18_X004_C014_0929_2.jpg,18_X004_C014_0929_2.jpg,48,의류/면의류,BOX,393.0,252.0,1432.0,687.0,0.4752604166666667,0.43472222222222223,0.5411458333333333,0.4027777777777778,0.21796151620370371
val,Validation/images/의류/면의류/18_X032_C178_1120/18_X032_C178_1120_4.jpg,18_X032_C178_1120_4.jpg,48,의류/면의류,BOX,508.0,143.0,1247.0,1259.0,0.45703125,0.48680555555555555,0.3848958333333333,0.775,0.2982942708333333
val,Validation/images/의류/상의/18_X087_C900_1209/18_X087_C900_1209_0.jpg,18_X087_C900_1209_0.jpg,49,의류/상의,BOX,301.0,306.0,1464.0,819.0,0.4596354166666667,0.5208333333333334,0.6057291666666667,0.475,0.28772135416666667
val,Validation/images/의류/상의/18_X379_C900_1117/18_X379_C900_1117_3.jpg,18_X379_C900_1117_3.jpg,49,의류/상의,BOX,393.0,88.0,1642.0,1241.0,0.5299479166666666,0.46145833333333336,0.6505208333333333,0.8006944444444445,0.5208684172453704
val,Validation/images/의류/외투/18_X013_C166_1125/18_X013_C166_1125_1.jpg,18_X013_C166_1125_1.jpg,50,의류/외투,BOX,333.0,305.0,1655.0,1217.0,0.5177083333333333,0.3963541666666667,0.6885416666666667,0.475,0.3270572916666667
val,Validation/images/의류/외투/18_X028_C900_1112/18_X028_C900_1112_1.jpg,18_X028_C900_1112_1.jpg,50,의류/외투,BOX,515.0,127.0,1424.0,863.0,0.5049479166666667,0.4583333333333333,0.4734375,0.6814814814814815,0.32263888888888886
val,Validation/images/의류/원피스/18_X007_C044_1113/18_X007_C044_1113_2.jpg,18_X007_C044_1113_2.jpg,51,의류/원피스,BOX,171.0,188.0,1883.0,1247.0,0.5348958333333333,0.4982638888888889,0.8916666666666667,0.7354166666666667,0.6557465277777778
val,Validation/images/의류/원피스/18_X122_C900_1030/18_X122_C900_1030_4.jpg,18_X122_C900_1030_4.jpg,51,의류/원피스,BOX,555.0,307.0,1155.0,682.0,0.4453125,0.45787037037037037,0.3125,0.3472222222222222,0.10850694444444445
val,Validation/images/의류/하의/18_X003_C178_1127/18_X003_C178_1127_4.jpg,18_X003_C178_1127_4.jpg,52,의류/하의,BOX,411.0,178.0,1501.0,1191.0,0.4979166666666667,0.4753472222222222,0.5677083333333334,0.7034722222222223,0.3993670428240741
val,Validation/images/의류/하의/18_X055_C023_1012/18_X055_C023_1012_0.jpg,18_X055_C023_1012_0.jpg,52,의류/하의,BOX,587.0,503.0,1361.0,849.0,0.5072916666666667,0.46944444444444444,0.403125,0.24027777777777778,0.09686197916666667
val,Validation/images/의류/합성섬유/18_X001_C014_1127/18_X001_C014_1127_4.jpg,18_X001_C014_1127_4.jpg,53,의류/합성섬유,BOX,706.0,185.0,1576.0,842.0,0.5135013501350135,0.475462962962963,0.3915391539153915,0.6083333333333333,0.23818631863186318
val,Validation/images/의류/합성섬유/18_X002_C178_1111/18_X002_C178_1111_4.jpg,18_X002_C178_1111_4.jpg,53,의류/합성섬유,BOX,460.0,182.0,1392.0,1163.0,0.4822916666666667,0.4670138888888889,0.48541666666666666,0.68125,0.33069010416666667
val,Validation/images/종이류/기타/21_X023_C061_1113/21_X023_C061_1113_3.jpg,21_X023_C061_1113_3.jpg,54,종이류/기타,BOX,442.0,163.0,1110.0,1012.0,0.4037460978147763,0.5434782608695652,0.34755463059313213,0.7853839037927844,0.27296381255649327
val,Validation/images/종이류/기타/21_X048_C707_1229/21_X048_C707_1229_0.jpg,21_X048_C707_1229_0.jpg,54,종이류/기타,BOX,725.0,495.0,1246.0,1101.0,0.513014055179594,0.5541666666666667,0.27121290994273817,0.42083333333333334,0.11413543293423564
val,Validation/images/종이류/노트/21_X395_C015_0131/21_X395_C015_0131_3.jpg,21_X395_C015_0131_3.jpg,55,종이류/노트,BOX,333.0,299.0,1344.0,854.0,0.43649141072358144,0.5337962962962963,0.5262883914627798,0.5138888888888888,0.2704537567239285
val,Validation/images/종이류/노트/21_X462_C015_0131/21_X462_C015_0131_0.jpg,21_X462_C015_0131_0.jpg,55,종이류/노트,BOX,800.0,370.0,1383.0,806.0,0.5681936491410724,0.5444444444444444,0.30348776678813116,0.40370370370370373,0.12251913548113444
val,Validation/images/종이류/상자류/21_X004_C055_0127/21_X004_C055_0127_2.jpg,21_X004_C055_0127_2.jpg,56,종이류/상자류,BOX,1028.0,122.0,1432.0,624.0,0.6402915148360229,0.3453703703703704,0.21030713170223841,0.4648148148148148,0.09775387047641082
val,Validation/images/종이류/상자류/21_X004_C055_0127/21_X004_C055_0127_2.jpg,21_X004_C055_0127_2.jpg,56,종이류/상자류,BOX,421.0,286.0,872.0,736.0,0.3365434669442998,0.47314814814814815,0.23477355543987508,0.4166666666666667,0.09782231476661461
val,Validation/images/종이류/상자류/21_X026_C701_1230/21_X026_C701_1230_4.jpg,21_X026_C701_1230_4.jpg,56,종이류/상자류,BOX,545.0,344.0,1233.0,899.0,0.4630208333333333,0.575462962962963,0.35833333333333334,0.5138888888888888,0.1841435185185185
val,Validation/images/종이류/신문지/21_X011_C173_1005/21_X011_C173_1005_4.jpg,21_X011_C173_1005_4.jpg,57,종이류/신문지,BOX,767.0,690.0,1064.0,929.0,0.47682291666666665,0.5621527777777777,0.1546875,0.16597222222222222,0.025673828125
val,Validation/images/종이류/신문지/21_X015_C203_1007/21_X015_C203_1007_3.jpg,21_X015_C203_1007_3.jpg,57,종이류/신문지,BOX,583.0,159.0,1379.0,1270.0,0.5109375,0.49618055555555557,0.41458333333333336,0.7715277777777778,0.3198625578703704
val,Validation/images/종이류/신발상자/21_X013_C027_1016/21_X013_C027_1016_2.jpg,21_X013_C027_1016_2.jpg,58,종이류/신발상자,BOX,132.0,369.0,1903.0,1222.0,0.5299479166666666,0.5524305555555555,0.9223958333333333,0.5923611111111111,0.5463914207175926
val,Validation/images/종이류/신발상자/21_X033_C205_0126/21_X033_C205_0126_0.jpg,21_X033_C205_0126_0.jpg,58,종이류/신발상자,BOX,383.0,849.0,803.0,1477.0,0.549074074074074,0.6054138469547111,0.3888888888888889,0.3269130661114003,0.12713285904332233
val,Validation/images/종이류/음료수곽/21_X002_C801_0220/21_X002_C801_0220_0.jpg,21_X002_C801_0220_0.jpg,59,종이류/음료수곽,BOX,933.0,306.0,1371.0,644.0,0.5186852769022963,0.4398148148148148,0.19720846465556055,0.31296296296296294,0.06171894541998099
val,Validation/images/종이류/음료수곽/21_X006_C172_0928/21_X006_C172_0928_4.jpg,21_X006_C172_0928_4.jpg,59,종이류/음료수곽,BOX,760.0,404.0,1236.0,1110.0,0.5197916666666667,0.5256944444444445,0.24791666666666667,0.49027777777777776,0.12154803240740741
val,Validation/images/종이류/종이봉투/21_X002_C052_1113/21_X002_C052_1113_4.jpg,21_X002_C052_1113_4.jpg,60,종이류/종이봉투,BOX,232.0,308.0,1461.0,1219.0,0.44088541666666664,0.5302083333333333,0.6401041666666667,0.6326388888888889,0.40495478877314817
val,Validation/images/종이류/종이봉투/21_X009_C312_1112/21_X009_C312_1112_1.jpg,21_X009_C312_1112_1.jpg,60,종이류/종이봉투,BOX,339.0,97.0,1171.0,844.0,0.3930244664237376,0.4356481481481482,0.43310775637688703,0.6916666666666667,0.2995661981606802
val,Validation/images/종이류/책자/21_X033_C501_0320/21_X033_C501_0320_2.jpg,21_X033_C501_0320_2.jpg,61,종이류/책자,BOX,356.0,309.0,1144.0,888.0,0.39042165538781887,0.415625,0.41020301926080166,0.40208333333333335,0.16493579732778066
val,Validation/images/종이류/책자/21_X242_C499_0321/21_X242_C499_0321_0.jpg,21_X242_C499_0321_0.jpg,61,종이류/책자,BOX,249.0,423.0,818.0,1152.0,0.49398148148148147,0.4099427381572098,0.5268518518518519,0.3794898490369599,0.19993492972410204
val,Validation/images/종이류/포장상자/21_X009_C175_1113/21_X009_C175_1113_0.jpg,21_X009_C175_1113_0.jpg,62,종이류/포장상자,BOX,803.0,663.0,1115.0,1023.0,0.49921915668922434,0.5854166666666667,0.16241540864133264,0.25,0.04060385216033316
val,Validation/images/종이류/포장상자/21_X071_C172_0107/21_X071_C172_0107_2.jpg,21_X071_C172_0107_2.jpg,62,종이류/포장상자,BOX,630.0,368.0,1362.0,1078.0,0.51875,0.5020833333333333,0.38125,0.4930555555555556,0.18797743055555555
val,Validation/images/캔류/맥주캔/22_X001_C058_1109_7/22_X001_C058_1109_7_4.jpg,22_X001_C058_1109_7_4.jpg,64,캔류/맥주캔,BOX,570.0,212.0,1405.0,860.0,0.5143229166666666,0.37222222222222223,0.4348958333333333,0.45,0.195703125
val,Validation/images/캔류/맥주캔/22_X001_C195_0927/22_X001_C195_0927_2.jpg,22_X001_C195_0927_2.jpg,64,캔류/맥주캔,BOX,729.0,248.0,1210.0,945.0,0.5049479166666667,0.41423611111111114,0.25052083333333336,0.4840277777777778,0.12125904224537037
val,Validation/images/캔류/스팸류/22_X001_C016_1013_5/22_X001_C016_1013_5_4.jpg,22_X001_C016_1013_5_4.jpg,65,캔류/스팸류,BOX,572.0,912.0,909.0,1180.0,0.5142361111111111,0.5447916666666667,0.23402777777777778,0.13958333333333334,0.032666377314814816
val,Validation/images/캔류/스팸류/22_X001_C193_1111/22_X001_C193_1111_1.jpg,22_X001_C193_1111_1.jpg,65,캔류/스팸류,BOX,410.0,318.0,1370.0,1184.0,0.4635416666666667,0.5215277777777778,0.5,0.6013888888888889,0.30069444444444443
val,Validation/images/캔류/음료수캔/22_X006_C163_1105/22_X006_C163_1105_1.jpg,22_X006_C163_1105_1.jpg,66,캔류/음료수캔,BOX,697.0,462.0,1101.0,692.0,0.46822916666666664,0.5342592592592592,0.21041666666666667,0.21296296296296297,0.04481095679012346
val,Validation/images/캔류/음료수캔/22_X010_C205_1106/22_X010_C205_1106_4.jpg,22_X010_C205_1106_4.jpg,66,캔류/음료수캔,BOX,638.0,453.0,902.0,619.0,0.4010416666666667,0.4962962962962963,0.1375,0.1537037037037037,0.02113425925925926
val,Validation/images/캔류/참기름캔/22_X001_C318_1110_6/22_X001_C318_1110_6_4.jpg,22_X001_C318_1110_6_4.jpg,67,캔류/참기름캔,BOX,746.0,217.0,1402.0,1264.0,0.559375,0.5142361111111111,0.3416666666666667,0.7270833333333333,0.2484201388888889
val,Validation/images/캔류/참기름캔/22_X002_C187_1112/22_X002_C187_1112_4.jpg,22_X002_C187_1112_4.jpg,67,캔류/참기름캔,BOX,525.0,284.0,1517.0,1093.0,0.5317708333333333,0.478125,0.5166666666666667,0.5618055555555556,0.2902662037037037
val,Validation/images/캔류/커피캔/22_X004_C014_1110/22_X004_C014_1110_3.jpg,22_X004_C014_1110_3.jpg,68,캔류/커피캔,BOX,643.0,274.0,1357.0,730.0,0.5208333333333334,0.4648148148148148,0.371875,0.4222222222222222,0.1570138888888889
val,Validation/images/캔류/커피캔/22_X014_C038_1027/22_X014_C038_1027_0.jpg,22_X014_C038_1027_0.jpg,68,캔류/커피캔,BOX,878.0,169.0,1362.0,1255.0,0.5833333333333334,0.49444444444444446,0.2520833333333333,0.7541666666666667,0.19011284722222221
val,Validation/images/캔류/통조림캔/22_X005_C026_1007/22_X005_C026_1007_1.jpg,22_X005_C026_1007_1.jpg,69,캔류/통조림캔,BOX,136.0,328.0,1757.0,1268.0,0.49296875,0.5541666666666667,0.8442708333333333,0.6527777777777778,0.551121238425926
val,Validation/images/캔류/통조림캔/22_X008_C509_0111/22_X008_C509_0111_3.jpg,22_X008_C509_0111_3.jpg,69,캔류/통조림캔,BOX,628.0,517.0,1217.0,1168.0,0.48046875,0.5850694444444444,0.3067708333333333,0.45208333333333334,0.13868598090277778
val,Validation/images/페트병/기타/23_X108_C509_0326/23_X108_C509_0326_4.jpg,23_X108_C509_0326_4.jpg,70,페트병/기타,BOX,634.0,889.0,1040.0,1365.0,0.58125,0.5866736074960958,0.28194444444444444,0.24778761061946902,0.06986234021632251
val,Validation/images/페트병/기타/23_X116_C499_0326/23_X116_C499_0326_0.jpg,23_X116_C499_0326_0.jpg,70,페트병/기타,BOX,423.0,112.0,1043.0,1072.0,0.5090277777777777,0.308172826652785,0.4305555555555556,0.4997397188964081,0.21516571230262016
val,Validation/images/페트병/일회용음료수잔/23_X005_C166_0928/23_X005_C166_0928_2.jpg,23_X005_C166_0928_2.jpg,71,페트병/일회용음료수잔,BOX,875.0,648.0,1363.0,1223.0,0.5825091098386257,0.6496527777777777,0.2540343571056741,0.3993055555555556,0.1014373300942796
val,Validation/images/페트병/일회용음료수잔/23_X171_C510_0325/23_X171_C510_0325_2.jpg,23_X171_C510_0325_2.jpg,71,페트병/일회용음료수잔,BOX,561.0,291.0,916.0,1051.0,0.5128472222222222,0.3492972410203019,0.2465277777777778,0.3956272774596564,0.09753311354040141
val,Validation/images/페트병/페트병/23_X007_C184_1013/23_X007_C184_1013_0.jpg,23_X007_C184_1013_0.jpg,72,페트병/페트병,BOX,700.0,417.0,1130.0,586.0,0.4119765871229176,0.46435185185185185,0.19360648356596127,0.15648148148148147,0.030295829372821718
val,Validation/images/페트병/페트병/23_X135_C509_0326/23_X135_C509_0326_4.jpg,23_X135_C509_0326_4.jpg,72,페트병/페트병,BOX,695.0,539.0,1081.0,1380.0,0.6166666666666667,0.4994794377928162,0.26805555555555555,0.43779281624154087,0.11735279657585748
val,Validation/images/플라스틱류/기타/24_X007_C204_1007/24_X007_C204_1007_0.jpg,24_X007_C204_1007_0.jpg,73,플라스틱류/기타,BOX,658.0,201.0,1292.0,1252.0,0.5075481520041645,0.5045138888888889,0.3300364393545029,0.7298611111111111,0.24088076233443229
val,Validation/images/플라스틱류/기타/24_X024_C802_0221/24_X024_C802_0221_2.jpg,24_X024_C802_0221_2.jpg,73,플라스틱류/기타,BOX,477.0,254.0,1750.0,1015.0,0.5796460176991151,0.440625,0.6626756897449245,0.5284722222222222,0.35020569437214416
val,Validation/images/플라스틱류/대용량플라스틱통/24_X006_C038_1112/24_X006_C038_1112_0.jpg,24_X006_C038_1112_0.jpg,74,플라스틱류/대용량플라스틱통,BOX,681.0,313.0,1161.0,900.0,0.4796875,0.5615740740740741,0.25,0.5435185185185185,0.13587962962962963
val,Validation/images/플라스틱류/대용량플라스틱통/24_X018_C710_1215/24_X018_C710_1215_3.jpg,24_X018_C710_1215_3.jpg,74,플라스틱류/대용량플라스틱통,BOX,522.0,121.0,1448.0,1326.0,0.5130208333333334,0.5024305555555556,0.4822916666666667,0.8368055555555556,0.4035843460648148
val,Validation/images/플라스틱류/밀폐용기/24_X056_C107_0322/24_X056_C107_0322_4.jpg,24_X056_C107_0322_4.jpg,75,플라스틱류/밀폐용기,BOX,817.0,273.0,1400.0,947.0,0.5770432066631963,0.5648148148148148,0.30348776678813116,0.6240740740740741,0.18939884705111149
val,Validation/images/플라스틱류/밀폐용기/24_X078_C107_0322/24_X078_C107_0322_3.jpg,24_X078_C107_0322_3.jpg,75,플라스틱류/밀폐용기,BOX,741.0,198.0,1440.0,954.0,0.5676730869338886,0.5333333333333333,0.36387298282144714,0.7,0.254711087975013
val,Validation/images/플라스틱류/바구니/24_X005_C053_1216/24_X005_C053_1216_3.jpg,24_X005_C053_1216_3.jpg,76,플라스틱류/바구니,BOX,700.0,129.0,1126.0,506.0,0.4752732951587715,0.29398148148148145,0.2217595002602811,0.3490740740740741,0.07741049222048701
val,Validation/images/플라스틱류/바구니/24_X005_C053_1216/24_X005_C053_1216_3.jpg,24_X005_C053_1216_3.jpg,76,플라스틱류/바구니,BOX,540.0,585.0,1121.0,1026.0,0.4323269130661114,0.7458333333333333,0.3024466423737637,0.4083333333333333,0.1234990456359535
val,Validation/images/플라스틱류/바구니/24_X019_C504_1021/24_X019_C504_1021_4.jpg,24_X019_C504_1021_4.jpg,76,플라스틱류/바구니,BOX,349.0,816.0,1211.0,1064.0,0.5416666666666666,0.4895833333333333,0.5986111111111111,0.12916666666666668,0.07732060185185186
val,Validation/images/플라스틱류/욕실용품/24_X023_C196_1203/24_X023_C196_1203_2.jpg,24_X023_C196_1203_2.jpg,77,플라스틱류/욕실용품,BOX,643.0,81.0,1312.0,679.0,0.5091145833333334,0.35185185185185186,0.3484375,0.5537037037037037,0.19293113425925926
val,Validation/images/플라스틱류/욕실용품/24_X023_C196_1203/24_X023_C196_1203_2.jpg,24_X023_C196_1203_2.jpg,77,플라스틱류/욕실용품,BOX,937.0,802.0,1193.0,963.0,0.5546875,0.8171296296296297,0.13333333333333333,0.14907407407407408,0.019876543209876543
val,Validation/images/플라스틱류/욕실용품/24_X294_C501_0329/24_X294_C501_0329_3.jpg,24_X294_C501_0329_3.jpg,77,플라스틱류/욕실용품,BOX,767.0,367.0,1221.0,1138.0,0.5174388339406559,0.5225694444444444,0.23633524206142634,0.5354166666666667,0.1265378275203887
val,Validation/images/플라스틱류/장남감/24_X070_C509_0320/24_X070_C509_0320_1.jpg,24_X070_C509_0320_1.jpg,78,플라스틱류/장남감,BOX,350.0,276.0,1363.0,759.0,0.4458615304528891,0.4787234042553192,0.5273295158771473,0.44680851063829785,0.23561531560468285
val,Validation/images/플라스틱류/장남감/24_X499_C999_0328/24_X499_C999_0328_0.jpg,24_X499_C999_0328_0.jpg,78,플라스틱류/장남감,BOX,363.0,514.0,719.0,911.0,0.5009259259259259,0.3709005726184279,0.3296296296296296,0.20666319625195212,0.06812231283860644
val,Validation/images/형광등/LED전구/25_X002_C023_1203/25_X002_C023_1203_4.jpg,25_X002_C023_1203_4.jpg,79,형광등/LED전구,BOX,1221.0,163.0,1479.0,468.0,0.703125,0.29212962962962963,0.134375,0.2824074074074074,0.03794849537037037
val,Validation/images/형광등/LED전구/25_X002_C023_1203/25_X002_C023_1203_4.jpg,25_X002_C023_1203_4.jpg,79,형광등/LED전구,BOX,460.0,426.0,777.0,823.0,0.3221354166666667,0.5782407407407407,0.16510416666666666,0.3675925925925926,0.06069106867283951
val,Validation/images/형광등/LED전구/25_X005_C194_1201/25_X005_C194_1201_0.jpg,25_X005_C194_1201_0.jpg,79,형광등/LED전구,BOX,699.0,394.0,1196.0,755.0,0.4934895833333333,0.5319444444444444,0.25885416666666666,0.33425925925925926,0.08652440200617284
val,Validation/images/형광등/백열전구/25_X008_C193_1208/25_X008_C193_1208_4.jpg,25_X008_C193_1208_4.jpg,81,형광등/백열전구,BOX,940.0,459.0,1200.0,725.0,0.5572916666666666,0.4111111111111111,0.13541666666666666,0.18472222222222223,0.02501446759259259
val,Validation/images/형광등/백열전구/25_X038_C509_0111/25_X038_C509_0111_4.jpg,25_X038_C509_0111_4.jpg,81,형광등/백열전구,BOX,932.0,803.0,1121.0,1151.0,0.5346354166666667,0.5088541666666667,0.0984375,0.18125,0.017841796875
val,Validation/images/형광등/안정기내장형/25_X006_C061_1113/25_X006_C061_1113_2.jpg,25_X006_C061_1113_2.jpg,82,형광등/안정기내장형,BOX,281.0,107.0,1249.0,558.0,0.3984375,0.30787037037037035,0.5041666666666667,0.41759259259259257,0.21053626543209877
val,Validation/images/형광등/안정기내장형/25_X052_C900_1225/25_X052_C900_1225_1.jpg,25_X052_C900_1225_1.jpg,82,형광등/안정기내장형,BOX,378.0,204.0,1545.0,833.0,0.50078125,0.48009259259259257,0.6078125,0.5824074074074074,0.35399450231481483
val,Validation/images/형광등/직관형/25_X005_C038_1102/25_X005_C038_1102_3.jpg,25_X005_C038_1102_3.jpg,83,형광등/직관형,BOX,527.0,462.0,1503.0,546.0,0.5286458333333334,0.35,0.5083333333333333,0.058333333333333334,0.029652777777777778
val,Validation/images/형광등/직관형/25_X311_C900_1104/25_X311_C900_1104_3.jpg,25_X311_C900_1104_3.jpg,83,형광등/직관형,BOX,415.0,74.0,1443.0,1305.0,0.48385416666666664,0.47881944444444446,0.5354166666666667,0.8548611111111111,0.4577068865740741
val,Validation/images/형광등/콤팩트형/25_X003_C015_1030/25_X003_C015_1030_2.jpg,25_X003_C015_1030_2.jpg,84,형광등/콤팩트형,BOX,851.0,352.0,1207.0,807.0,0.5359375,0.5365740740740741,0.18541666666666667,0.4212962962962963,0.07811535493827161
val,Validation/images/형광등/콤팩트형/25_X092_C900_1110/25_X092_C900_1110_1.jpg,25_X092_C900_1110_1.jpg,84,형광등/콤팩트형,BOX,151.0,503.0,1616.0,694.0,0.46015625,0.5541666666666667,0.7630208333333334,0.17685185185185184,0.1349416473765432
val,Validation/images/형광등/환형/25_X006_C014_1201/25_X006_C014_1201_2.jpg,25_X006_C014_1201_2.jpg,85,형광등/환형,BOX,590.0,334.0,1283.0,803.0,0.42146714671467145,0.5263888888888889,0.3118811881188119,0.43425925925925923,0.13543729372937294
val,Validation/images/형광등/환형/25_X010_C331_1102/25_X010_C331_1102_4.jpg,25_X010_C331_1102_4.jpg,85,형광등/환형,BOX,441.0,408.0,1424.0,1066.0,0.4856770833333333,0.5118055555555555,0.5119791666666667,0.45694444444444443,0.23394603587962962
